1,7,798.29,307.67,46.04,140.81,0.3543,-1,-1,-1
1,6,1058.82,293.53,82.78,324.77,0.4008,-1,-1,-1
1,5,740.97,330.80,42.17,124.87,0.4072,-1,-1,-1
1,4,403.99,277.97,107.41,319.40,0.8106,-1,-1,-1
1,3,546.17,271.41,94.46,315.82,0.8119,-1,-1,-1
1,2,874.76,152.61,238.81,626.87,0.8143,-1,-1,-1
1,1,0.00,8.85,351.22,1061.89,0.9275,-1,-1,-1
2,6,1053.54,291.45,87.62,330.35,0.4811,-1,-1,-1
2,4,397.44,274.23,111.17,321.43,0.8139,-1,-1,-1
2,3,542.37,266.29,95.57,322.59,0.8085,-1,-1,-1
2,2,869.90,148.58,234.31,629.16,0.8053,-1,-1,-1
2,1,0.35,6.12,344.95,1064.55,0.9307,-1,-1,-1
3,6,1047.81,293.71,91.76,333.77,0.5739,-1,-1,-1
3,5,738.72,329.40,39.37,123.91,0.3181,-1,-1,-1
3,4,390.27,274.51,108.39,322.70,0.8446,-1,-1,-1
3,3,536.26,265.86,97.32,327.52,0.8042,-1,-1,-1
3,2,864.86,152.67,225.76,627.16,0.8283,-1,-1,-1
3,1,0.48,5.08,338.75,1062.28,0.9292,-1,-1,-1
4,6,1044.01,292.53,90.68,344.46,0.5789,-1,-1,-1
4,5,732.75,324.51,41.52,129.64,0.4028,-1,-1,-1
4,4,381.03,270.58,112.41,328.24,0.8421,-1,-1,-1
4,3,531.73,264.83,95.92,328.89,0.8075,-1,-1,-1
4,2,870.60,153.17,216.99,629.10,0.8344,-1,-1,-1
4,1,0.43,3.40,324.55,1061.43,0.9252,-1,-1,-1
5,8,691.41,333.63,37.73,109.82,0.3967,-1,-1,-1
5,6,1049.60,292.17,82.05,343.44,0.5786,-1,-1,-1
5,5,730.38,321.19,43.90,125.73,0.3937,-1,-1,-1
5,4,376.61,264.07,111.32,332.41,0.8346,-1,-1,-1
5,3,526.08,262.09,97.59,334.87,0.8087,-1,-1,-1
5,2,880.17,151.48,204.92,638.45,0.8186,-1,-1,-1
5,1,0.66,3.44,308.87,1062.93,0.9159,-1,-1,-1
6,8,687.90,333.58,39.76,116.07,0.4196,-1,-1,-1
6,7,787.27,319.68,40.43,119.15,0.3039,-1,-1,-1
6,6,1046.35,293.57,81.60,344.60,0.5863,-1,-1,-1
6,5,728.44,324.58,38.14,110.69,0.3996,-1,-1,-1
6,4,372.56,261.79,110.81,334.82,0.8305,-1,-1,-1
6,3,519.69,262.36,102.16,335.24,0.7972,-1,-1,-1
6,2,885.41,150.71,197.17,624.63,0.8032,-1,-1,-1
6,1,0.74,21.68,288.57,1053.29,0.8776,-1,-1,-1
7,9,864.11,254.71,80.27,307.17,0.5744,-1,-1,-1
7,8,684.82,332.01,41.82,120.82,0.4064,-1,-1,-1
7,7,784.91,314.87,41.04,127.54,0.3461,-1,-1,-1
7,6,1040.53,296.98,85.01,346.15,0.6034,-1,-1,-1
7,5,726.09,321.41,39.46,124.33,0.4656,-1,-1,-1
7,4,363.01,260.81,114.46,338.42,0.8224,-1,-1,-1
7,3,515.26,258.97,101.98,345.69,0.7800,-1,-1,-1
7,2,892.16,153.32,189.08,619.36,0.8162,-1,-1,-1
7,1,0.90,79.64,270.38,990.61,0.9035,-1,-1,-1
8,9,863.31,265.41,71.96,298.48,0.5858,-1,-1,-1
8,8,682.69,331.91,39.89,120.97,0.5018,-1,-1,-1
8,7,782.96,301.84,50.55,146.27,0.4131,-1,-1,-1
8,6,1037.07,299.86,88.30,345.92,0.6753,-1,-1,-1
8,5,723.47,321.06,41.43,127.42,0.5083,-1,-1,-1
8,4,352.62,260.16,119.52,342.41,0.8266,-1,-1,-1
8,3,511.33,263.33,101.30,345.21,0.8154,-1,-1,-1
8,2,889.49,152.43,191.41,628.85,0.7931,-1,-1,-1
8,1,0.78,89.25,257.84,981.57,0.8960,-1,-1,-1
9,9,862.42,263.44,72.75,300.94,0.5881,-1,-1,-1
9,8,679.70,333.98,37.01,120.40,0.4072,-1,-1,-1
9,7,782.94,305.93,41.10,140.98,0.3866,-1,-1,-1
9,6,1036.77,303.90,84.13,348.25,0.6621,-1,-1,-1
9,5,721.41,321.22,38.67,131.84,0.5789,-1,-1,-1
9,4,348.07,261.12,120.09,343.23,0.8186,-1,-1,-1
9,3,506.55,262.45,103.18,342.61,0.8364,-1,-1,-1
9,2,886.75,154.37,188.52,625.91,0.7894,-1,-1,-1
9,1,0.06,99.86,220.91,972.59,0.8638,-1,-1,-1
10,9,861.72,260.52,72.80,304.15,0.5662,-1,-1,-1
10,8,676.50,336.69,41.69,123.56,0.4889,-1,-1,-1
10,7,776.91,297.02,49.89,156.61,0.4913,-1,-1,-1
10,6,1037.41,299.94,81.44,353.68,0.7003,-1,-1,-1
10,5,720.62,324.88,40.51,131.30,0.5862,-1,-1,-1
10,4,346.25,259.40,116.48,347.06,0.8078,-1,-1,-1
10,3,499.51,264.93,107.44,347.19,0.8259,-1,-1,-1
10,2,879.58,157.56,190.81,622.86,0.8161,-1,-1,-1
10,1,1.08,104.93,204.05,962.18,0.7268,-1,-1,-1
11,9,862.24,278.47,66.95,288.91,0.5329,-1,-1,-1
11,8,676.51,341.57,40.73,115.87,0.4718,-1,-1,-1
11,7,777.16,320.20,46.75,133.33,0.5637,-1,-1,-1
11,6,1039.35,295.57,73.44,360.95,0.6633,-1,-1,-1
11,5,719.26,326.61,38.64,129.06,0.5182,-1,-1,-1
11,4,337.20,262.55,121.44,348.76,0.7889,-1,-1,-1
11,3,492.56,261.80,109.99,354.10,0.8231,-1,-1,-1
11,2,878.47,156.27,188.65,631.72,0.8167,-1,-1,-1
11,1,0.92,108.33,174.50,957.97,0.7332,-1,-1,-1
12,10,828.96,324.19,43.23,122.09,0.3621,-1,-1,-1
12,9,864.20,240.01,67.40,325.54,0.3897,-1,-1,-1
12,8,673.83,339.17,40.58,121.73,0.4348,-1,-1,-1
12,7,773.81,320.12,53.11,134.24,0.5494,-1,-1,-1
12,6,1037.27,296.72,71.32,362.03,0.6770,-1,-1,-1
12,5,717.93,327.55,41.72,132.24,0.5499,-1,-1,-1
12,4,324.40,265.44,129.48,351.67,0.8274,-1,-1,-1
12,3,490.36,257.79,110.36,359.00,0.7974,-1,-1,-1
12,2,868.47,158.54,190.72,633.29,0.8356,-1,-1,-1
12,1,0.35,115.15,160.69,677.21,0.7881,-1,-1,-1
13,10,829.62,326.73,43.69,120.57,0.4357,-1,-1,-1
13,8,672.78,340.55,39.23,123.14,0.4347,-1,-1,-1
13,7,772.24,321.63,52.02,133.53,0.5424,-1,-1,-1
13,6,1035.50,300.46,73.80,351.38,0.6952,-1,-1,-1
13,5,717.10,328.03,40.32,133.17,0.4863,-1,-1,-1
13,4,317.74,264.92,134.83,356.38,0.8302,-1,-1,-1
13,3,482.32,255.15,114.44,362.09,0.8271,-1,-1,-1
13,2,860.51,155.18,198.82,640.29,0.8253,-1,-1,-1
13,1,0.52,141.86,139.12,592.94,0.8200,-1,-1,-1
14,10,828.28,325.21,44.03,122.71,0.4667,-1,-1,-1
14,8,672.30,343.04,36.73,119.31,0.3725,-1,-1,-1
14,7,773.23,324.19,46.54,129.18,0.5625,-1,-1,-1
14,6,1033.52,290.92,74.34,358.90,0.6842,-1,-1,-1
14,5,714.76,327.49,44.76,133.59,0.5337,-1,-1,-1
14,4,313.58,266.85,135.80,359.02,0.8351,-1,-1,-1
14,3,478.95,254.94,115.08,364.26,0.8364,-1,-1,-1
14,2,852.20,152.90,203.92,645.08,0.7862,-1,-1,-1
14,1,0.34,181.62,116.81,581.92,0.8183,-1,-1,-1
15,10,827.74,329.16,43.63,120.05,0.4348,-1,-1,-1
15,8,671.91,345.97,33.73,110.40,0.4075,-1,-1,-1
15,7,772.59,322.55,47.19,129.60,0.5425,-1,-1,-1
15,6,1028.86,282.00,79.40,371.67,0.6672,-1,-1,-1
15,5,713.70,330.64,46.50,129.82,0.5302,-1,-1,-1
15,4,316.23,269.88,130.85,359.49,0.8286,-1,-1,-1
15,3,474.90,257.30,119.93,360.73,0.8390,-1,-1,-1
15,2,839.20,153.23,211.24,637.07,0.7979,-1,-1,-1
15,1,0.00,244.21,83.04,548.67,0.5546,-1,-1,-1
16,10,828.73,333.60,42.20,115.86,0.4191,-1,-1,-1
16,8,671.20,349.26,32.27,108.27,0.4414,-1,-1,-1
16,7,770.99,323.44,49.88,129.23,0.5743,-1,-1,-1
16,6,1026.12,274.64,83.43,380.08,0.6328,-1,-1,-1
16,5,713.90,330.60,45.37,130.49,0.5304,-1,-1,-1
16,4,310.31,269.70,134.70,366.46,0.8396,-1,-1,-1
16,3,472.84,256.46,123.04,366.31,0.8447,-1,-1,-1
16,2,836.08,153.40,215.06,640.30,0.8020,-1,-1,-1
17,10,829.34,338.61,41.15,116.45,0.4206,-1,-1,-1
17,8,671.18,346.29,33.18,119.62,0.4480,-1,-1,-1
17,7,770.23,325.65,52.32,129.60,0.5934,-1,-1,-1
17,6,1022.56,275.41,89.19,377.74,0.6611,-1,-1,-1
17,5,713.16,329.72,46.85,136.38,0.5726,-1,-1,-1
17,4,309.38,275.41,132.77,367.59,0.8504,-1,-1,-1
17,3,471.80,259.01,123.12,367.22,0.8425,-1,-1,-1
17,2,834.99,155.04,218.12,643.47,0.8270,-1,-1,-1
18,10,829.16,338.81,42.68,118.29,0.3606,-1,-1,-1
18,7,772.57,316.20,50.01,144.94,0.4270,-1,-1,-1
18,6,1020.87,254.21,89.72,397.31,0.6970,-1,-1,-1
18,5,714.37,333.11,46.48,136.19,0.4783,-1,-1,-1
18,4,311.30,278.67,131.41,369.35,0.8304,-1,-1,-1
18,3,469.00,259.30,126.92,374.49,0.8380,-1,-1,-1
18,2,838.42,158.47,213.52,655.65,0.8572,-1,-1,-1
19,10,830.57,348.27,45.41,111.17,0.3046,-1,-1,-1
19,7,772.92,334.58,50.75,129.04,0.5105,-1,-1,-1
19,6,1013.85,255.20,96.12,398.79,0.7187,-1,-1,-1
19,5,715.97,338.52,45.38,138.70,0.4879,-1,-1,-1
19,4,294.37,281.09,147.63,379.33,0.8303,-1,-1,-1
19,3,467.36,264.84,130.85,379.45,0.8214,-1,-1,-1
19,2,845.40,159.76,199.32,658.78,0.8586,-1,-1,-1
20,10,827.42,357.33,49.73,106.42,0.3492,-1,-1,-1
20,7,773.03,334.80,51.96,131.48,0.5669,-1,-1,-1
20,6,1010.86,249.73,99.67,410.69,0.7665,-1,-1,-1
20,5,718.13,342.94,42.58,140.44,0.5284,-1,-1,-1
20,4,297.85,287.46,145.70,378.87,0.8284,-1,-1,-1
20,3,469.19,273.12,129.43,379.03,0.8268,-1,-1,-1
20,2,847.77,168.20,194.20,654.47,0.8635,-1,-1,-1
21,7,772.70,335.23,59.84,131.63,0.3777,-1,-1,-1
21,6,1016.88,249.92,107.79,414.99,0.8079,-1,-1,-1
21,4,305.04,287.34,144.65,384.47,0.8442,-1,-1,-1
21,3,472.34,273.76,134.08,389.12,0.8124,-1,-1,-1
21,2,863.42,170.03,184.15,656.78,0.8511,-1,-1,-1
22,10,853.14,358.04,52.07,109.09,0.3251,-1,-1,-1
22,7,798.15,340.93,52.08,136.76,0.5636,-1,-1,-1
22,6,1032.31,251.81,107.78,418.04,0.7957,-1,-1,-1
22,5,744.10,349.86,42.15,138.56,0.5240,-1,-1,-1
22,4,324.26,288.33,143.43,386.27,0.8275,-1,-1,-1
22,3,496.37,276.49,127.43,390.68,0.8248,-1,-1,-1
22,2,881.81,168.41,187.59,660.23,0.8537,-1,-1,-1
23,8,705.44,366.35,40.38,126.94,0.4195,-1,-1,-1
23,6,1040.16,255.19,113.77,421.05,0.8010,-1,-1,-1
23,5,753.40,350.77,47.42,131.50,0.3741,-1,-1,-1
23,4,332.28,291.55,144.87,386.26,0.8289,-1,-1,-1
23,3,508.09,281.92,128.52,392.95,0.8267,-1,-1,-1
23,2,882.96,170.94,190.59,664.28,0.8619,-1,-1,-1
24,8,716.65,368.09,41.94,126.17,0.5326,-1,-1,-1
24,7,824.68,347.55,47.36,132.68,0.5156,-1,-1,-1
24,6,1046.83,258.59,120.94,414.59,0.8175,-1,-1,-1
24,5,767.79,352.00,42.38,138.62,0.5112,-1,-1,-1
24,4,342.72,293.26,146.50,391.17,0.8330,-1,-1,-1
24,3,517.20,285.40,130.96,396.36,0.8445,-1,-1,-1
24,2,879.34,173.43,203.51,662.88,0.8683,-1,-1,-1
25,8,731.94,368.16,39.20,130.14,0.4547,-1,-1,-1
25,6,1057.66,259.51,123.59,417.56,0.8358,-1,-1,-1
25,5,777.53,351.90,48.37,140.21,0.4209,-1,-1,-1
25,4,355.25,294.79,144.54,387.71,0.8319,-1,-1,-1
25,3,523.56,284.77,134.74,405.13,0.8443,-1,-1,-1
25,2,874.13,173.31,210.93,658.25,0.8634,-1,-1,-1
26,8,744.84,377.87,40.75,118.49,0.3271,-1,-1,-1
26,6,1065.91,262.81,134.90,421.94,0.8313,-1,-1,-1
26,5,794.69,353.68,44.85,132.13,0.3051,-1,-1,-1
26,4,365.33,295.36,150.94,395.90,0.8537,-1,-1,-1
26,3,540.60,294.81,130.45,403.97,0.7980,-1,-1,-1
26,2,879.19,174.37,217.59,653.47,0.8694,-1,-1,-1
27,11,1875.92,551.37,43.51,206.76,0.3686,-1,-1,-1
27,8,763.34,377.90,36.74,127.04,0.3307,-1,-1,-1
27,7,868.01,339.40,52.81,150.33,0.3368,-1,-1,-1
27,6,1081.97,268.22,138.62,416.56,0.8297,-1,-1,-1
27,5,806.74,355.05,50.84,137.41,0.3705,-1,-1,-1
27,4,382.58,300.02,143.66,396.99,0.8406,-1,-1,-1
27,3,554.41,293.35,132.68,412.14,0.8309,-1,-1,-1
27,2,880.14,177.22,227.78,656.71,0.8630,-1,-1,-1
28,8,768.94,382.76,39.51,126.45,0.4183,-1,-1,-1
28,6,1087.19,275.49,139.05,415.71,0.8360,-1,-1,-1
28,5,818.27,364.91,41.34,131.08,0.4378,-1,-1,-1
28,4,385.13,306.73,148.49,398.48,0.8611,-1,-1,-1
28,3,562.31,300.19,131.67,412.75,0.8469,-1,-1,-1
28,2,883.20,185.69,234.60,658.15,0.8748,-1,-1,-1
29,8,772.50,387.13,41.21,129.71,0.3731,-1,-1,-1
29,6,1091.34,280.02,143.25,429.62,0.8128,-1,-1,-1
29,5,819.34,368.20,45.40,145.37,0.5042,-1,-1,-1
29,4,392.53,309.96,141.38,405.39,0.8420,-1,-1,-1
29,3,564.50,299.80,133.95,417.22,0.8639,-1,-1,-1
29,2,883.69,192.31,224.18,659.63,0.8794,-1,-1,-1
30,6,1097.74,282.10,151.00,432.58,0.8322,-1,-1,-1
30,5,826.49,370.99,49.30,141.11,0.4914,-1,-1,-1
30,4,396.95,312.59,144.46,412.76,0.8394,-1,-1,-1
30,3,567.78,299.45,137.84,416.20,0.8519,-1,-1,-1
30,2,887.62,196.62,224.87,661.05,0.8922,-1,-1,-1
31,8,790.12,393.54,41.28,125.60,0.4837,-1,-1,-1
31,6,1101.94,285.60,154.06,435.56,0.8545,-1,-1,-1
31,5,837.75,380.15,42.78,137.84,0.5141,-1,-1,-1
31,4,400.21,318.67,145.16,418.63,0.8435,-1,-1,-1
31,3,572.89,301.68,136.44,419.45,0.8356,-1,-1,-1
31,2,888.23,202.06,227.68,665.27,0.8832,-1,-1,-1
32,8,792.92,399.93,46.38,127.85,0.3946,-1,-1,-1
32,6,1103.29,290.81,155.37,430.44,0.8578,-1,-1,-1
32,5,841.18,380.19,42.70,147.36,0.5932,-1,-1,-1
32,4,401.77,323.97,145.53,418.18,0.8573,-1,-1,-1
32,3,577.86,304.91,134.21,429.68,0.8523,-1,-1,-1
32,2,889.80,209.68,232.11,669.04,0.8843,-1,-1,-1
33,8,799.07,401.88,41.97,126.94,0.3542,-1,-1,-1
33,6,1105.76,299.97,163.26,428.73,0.8557,-1,-1,-1
33,5,846.00,388.92,44.85,144.68,0.5306,-1,-1,-1
33,4,403.70,329.54,148.98,417.90,0.8586,-1,-1,-1
33,3,580.46,307.46,139.39,431.07,0.8464,-1,-1,-1
33,2,894.13,213.35,232.95,669.83,0.8824,-1,-1,-1
34,8,799.85,407.74,48.58,130.69,0.3365,-1,-1,-1
34,6,1107.96,303.01,163.24,421.77,0.8550,-1,-1,-1
34,5,847.43,392.62,48.46,147.49,0.5586,-1,-1,-1
34,4,399.73,333.09,149.88,427.06,0.8418,-1,-1,-1
34,3,585.53,308.99,135.49,433.70,0.8412,-1,-1,-1
34,2,895.03,220.48,241.36,672.78,0.8748,-1,-1,-1
35,8,802.59,408.37,49.77,135.24,0.4807,-1,-1,-1
35,6,1110.51,306.71,165.21,418.50,0.8461,-1,-1,-1
35,5,849.60,396.99,48.66,146.03,0.5384,-1,-1,-1
35,4,397.19,336.60,151.78,435.59,0.8268,-1,-1,-1
35,3,589.20,313.98,135.42,439.75,0.8299,-1,-1,-1
35,2,902.34,227.98,235.15,677.02,0.8777,-1,-1,-1
36,8,804.93,413.39,50.10,134.36,0.4319,-1,-1,-1
36,6,1113.75,311.61,161.86,418.37,0.8511,-1,-1,-1
36,4,392.15,340.78,152.20,440.52,0.8543,-1,-1,-1
36,3,591.40,319.27,140.34,441.56,0.8214,-1,-1,-1
36,2,906.37,233.92,230.90,678.08,0.8840,-1,-1,-1
37,8,806.01,424.35,50.58,128.42,0.3624,-1,-1,-1
37,6,1118.83,315.30,160.96,425.76,0.8438,-1,-1,-1
37,5,861.60,414.60,42.56,131.95,0.4535,-1,-1,-1
37,4,388.51,342.98,148.69,447.18,0.8665,-1,-1,-1
37,3,593.32,323.05,134.20,446.73,0.8044,-1,-1,-1
37,2,905.69,242.84,231.95,676.41,0.8903,-1,-1,-1
38,8,808.24,433.07,53.79,129.13,0.3782,-1,-1,-1
38,6,1118.64,321.49,162.89,420.56,0.8463,-1,-1,-1
38,5,865.48,416.92,40.07,136.68,0.6131,-1,-1,-1
38,4,381.31,347.32,153.73,447.84,0.8690,-1,-1,-1
38,3,594.26,329.09,135.12,450.45,0.8259,-1,-1,-1
38,2,913.44,248.31,226.50,676.53,0.8889,-1,-1,-1
39,8,810.96,439.29,49.15,114.97,0.3247,-1,-1,-1
39,6,1125.17,328.38,157.54,429.41,0.8541,-1,-1,-1
39,5,863.70,424.79,43.84,134.43,0.5074,-1,-1,-1
39,4,375.96,350.61,157.37,453.15,0.8802,-1,-1,-1
39,3,591.07,333.19,139.10,461.88,0.8165,-1,-1,-1
39,2,923.42,254.79,218.91,679.15,0.8846,-1,-1,-1
40,6,1128.15,335.57,157.10,432.63,0.8542,-1,-1,-1
40,5,862.72,426.82,48.66,148.35,0.5479,-1,-1,-1
40,4,371.11,356.01,159.45,455.45,0.8740,-1,-1,-1
40,3,584.48,344.43,146.04,468.98,0.7965,-1,-1,-1
40,2,928.10,256.19,214.64,686.82,0.8765,-1,-1,-1
41,8,806.05,452.27,56.10,127.24,0.3320,-1,-1,-1
41,6,1133.60,339.36,152.65,429.77,0.8500,-1,-1,-1
41,5,862.58,432.93,48.00,145.05,0.4787,-1,-1,-1
41,4,355.88,355.36,169.34,458.12,0.8626,-1,-1,-1
41,3,581.50,342.56,145.61,474.92,0.8022,-1,-1,-1
41,2,927.25,258.62,211.64,682.27,0.8804,-1,-1,-1
42,8,808.03,459.93,53.50,127.56,0.3295,-1,-1,-1
42,6,1134.71,348.25,149.20,427.51,0.8558,-1,-1,-1
42,5,863.25,435.68,46.00,147.07,0.4658,-1,-1,-1
42,4,343.50,357.05,174.27,466.42,0.8716,-1,-1,-1
42,3,576.48,347.61,149.83,480.60,0.7102,-1,-1,-1
42,2,931.52,266.00,207.24,672.33,0.8822,-1,-1,-1
43,6,1130.88,354.05,151.53,429.49,0.8571,-1,-1,-1
43,5,859.52,442.01,46.28,134.87,0.3506,-1,-1,-1
43,4,331.00,363.60,177.88,470.39,0.8483,-1,-1,-1
43,3,572.40,352.50,142.36,481.17,0.8054,-1,-1,-1
43,2,933.25,273.24,200.57,659.73,0.8819,-1,-1,-1
44,6,1128.01,363.14,152.11,423.54,0.8564,-1,-1,-1
44,5,855.55,442.32,45.77,148.26,0.3893,-1,-1,-1
44,4,315.91,366.46,183.80,477.55,0.8581,-1,-1,-1
44,3,566.92,357.13,141.60,491.95,0.8117,-1,-1,-1
44,2,931.49,279.57,199.72,657.73,0.8857,-1,-1,-1
45,6,1124.29,368.77,150.51,426.47,0.8408,-1,-1,-1
45,5,847.13,450.26,49.79,146.63,0.4301,-1,-1,-1
45,4,302.91,371.91,189.33,489.67,0.8454,-1,-1,-1
45,3,561.51,361.80,138.97,502.14,0.8246,-1,-1,-1
45,2,929.68,284.57,198.44,660.59,0.8876,-1,-1,-1
46,6,1121.59,376.92,150.08,434.07,0.8509,-1,-1,-1
46,5,845.55,457.21,50.35,147.66,0.4778,-1,-1,-1
46,4,292.56,379.25,188.88,504.08,0.8413,-1,-1,-1
46,3,554.46,364.22,140.79,507.85,0.8213,-1,-1,-1
46,2,925.43,293.69,198.24,667.44,0.8866,-1,-1,-1
47,6,1117.40,382.24,146.39,434.68,0.8357,-1,-1,-1
47,5,842.72,471.54,49.32,133.65,0.3350,-1,-1,-1
47,4,269.99,383.51,202.56,522.36,0.8436,-1,-1,-1
47,3,545.95,370.13,145.15,513.75,0.8248,-1,-1,-1
47,2,921.49,303.26,194.85,670.40,0.8781,-1,-1,-1
48,8,781.08,485.40,44.07,116.53,0.3229,-1,-1,-1
48,6,1113.63,390.13,138.35,435.60,0.8321,-1,-1,-1
48,5,838.34,466.93,47.34,153.92,0.6837,-1,-1,-1
48,4,256.54,393.32,206.56,529.40,0.8569,-1,-1,-1
48,3,531.81,372.06,151.83,525.17,0.8578,-1,-1,-1
48,2,915.66,309.97,196.55,680.61,0.8774,-1,-1,-1
49,6,1104.73,395.46,147.16,434.31,0.8530,-1,-1,-1
49,5,831.80,472.51,50.19,151.34,0.4995,-1,-1,-1
49,4,239.64,399.63,212.04,534.41,0.8719,-1,-1,-1
49,3,524.35,376.61,154.17,532.28,0.8508,-1,-1,-1
49,2,908.63,319.91,194.54,685.08,0.8784,-1,-1,-1
50,13,869.31,486.09,34.72,126.96,0.3400,-1,-1,-1
50,8,766.60,491.78,48.25,142.56,0.3133,-1,-1,-1
50,6,1099.77,399.58,142.70,440.12,0.8538,-1,-1,-1
50,5,821.90,476.48,51.62,154.77,0.5770,-1,-1,-1
50,4,223.87,406.84,219.28,521.45,0.8353,-1,-1,-1
50,3,520.20,383.41,154.98,537.64,0.8387,-1,-1,-1
50,2,903.87,328.39,193.31,684.24,0.8773,-1,-1,-1
51,6,1094.96,403.16,145.27,439.68,0.8680,-1,-1,-1
51,5,815.82,480.00,56.33,156.28,0.5905,-1,-1,-1
51,4,207.46,413.25,223.03,516.99,0.8440,-1,-1,-1
51,3,510.02,385.69,157.09,544.87,0.8470,-1,-1,-1
51,2,898.64,335.74,190.29,685.68,0.8694,-1,-1,-1
52,8,756.10,498.64,49.41,134.75,0.3138,-1,-1,-1
52,6,1091.95,404.19,146.31,443.03,0.8645,-1,-1,-1
52,5,811.67,491.93,54.74,142.39,0.3282,-1,-1,-1
52,4,195.40,417.04,225.93,559.58,0.8293,-1,-1,-1
52,3,501.29,388.02,160.22,545.63,0.8376,-1,-1,-1
52,2,893.39,342.50,189.41,684.34,0.8759,-1,-1,-1
53,13,860.36,509.80,34.25,115.42,0.3062,-1,-1,-1
53,8,753.91,501.90,52.21,139.10,0.3277,-1,-1,-1
53,6,1083.32,408.36,154.81,443.18,0.8652,-1,-1,-1
53,5,810.84,491.91,52.87,146.90,0.6582,-1,-1,-1
53,4,186.19,419.69,220.46,567.23,0.8704,-1,-1,-1
53,3,494.01,396.24,162.55,549.13,0.8404,-1,-1,-1
53,2,888.07,348.10,190.25,681.19,0.8783,-1,-1,-1
54,6,1077.27,409.19,160.25,446.09,0.8712,-1,-1,-1
54,5,811.46,493.08,50.59,138.25,0.5952,-1,-1,-1
54,4,175.05,420.67,224.58,574.71,0.8822,-1,-1,-1
54,3,483.12,395.66,170.92,558.38,0.8509,-1,-1,-1
54,2,881.91,350.41,193.91,678.68,0.8833,-1,-1,-1
55,8,747.41,508.32,51.09,140.08,0.5135,-1,-1,-1
55,6,1073.76,410.34,162.95,445.12,0.8756,-1,-1,-1
55,5,807.37,492.39,52.97,143.72,0.4668,-1,-1,-1
55,4,167.02,418.73,223.41,583.61,0.8952,-1,-1,-1
55,3,475.29,396.68,179.14,565.84,0.8581,-1,-1,-1
55,2,872.29,348.99,198.10,679.61,0.8837,-1,-1,-1
56,6,1076.23,412.09,162.11,439.57,0.8744,-1,-1,-1
56,5,805.85,492.93,53.16,154.25,0.4625,-1,-1,-1
56,4,159.13,417.59,221.89,594.38,0.8826,-1,-1,-1
56,3,470.51,398.92,185.12,578.95,0.8728,-1,-1,-1
56,2,868.73,348.04,197.41,683.48,0.8792,-1,-1,-1
57,8,745.44,525.74,45.96,124.60,0.3011,-1,-1,-1
57,6,1074.30,414.29,164.91,437.51,0.8674,-1,-1,-1
57,5,806.08,498.60,52.84,154.88,0.3711,-1,-1,-1
57,4,146.44,418.46,225.70,600.64,0.8887,-1,-1,-1
57,3,463.49,402.61,192.00,593.05,0.8758,-1,-1,-1
57,2,861.40,347.71,200.70,687.60,0.8752,-1,-1,-1
58,6,1070.07,411.65,168.16,445.50,0.8718,-1,-1,-1
58,4,138.60,417.15,228.41,611.81,0.8760,-1,-1,-1
58,3,458.46,398.43,196.53,609.75,0.8814,-1,-1,-1
58,2,856.30,347.20,204.60,676.57,0.8683,-1,-1,-1
59,8,745.51,514.64,39.68,120.75,0.3152,-1,-1,-1
59,6,1069.20,414.61,169.32,440.34,0.8702,-1,-1,-1
59,5,801.85,502.73,52.08,145.53,0.3329,-1,-1,-1
59,4,126.72,416.59,234.44,616.80,0.8969,-1,-1,-1
59,3,453.85,393.01,193.43,624.64,0.8830,-1,-1,-1
59,2,842.98,343.92,209.69,667.46,0.8827,-1,-1,-1
60,6,1065.88,415.00,173.86,442.69,0.8682,-1,-1,-1
60,5,798.53,498.12,53.66,140.23,0.3746,-1,-1,-1
60,4,114.40,415.89,239.27,622.26,0.9068,-1,-1,-1
60,3,452.76,397.54,190.57,623.84,0.8773,-1,-1,-1
60,2,835.94,345.21,211.30,664.86,0.8873,-1,-1,-1
61,6,1063.43,416.35,177.25,443.08,0.8656,-1,-1,-1
61,5,797.78,498.11,53.38,139.70,0.4130,-1,-1,-1
61,4,105.20,415.49,242.12,632.56,0.9052,-1,-1,-1
61,3,445.37,399.47,193.56,637.38,0.8643,-1,-1,-1
61,2,821.92,346.10,222.84,668.27,0.8888,-1,-1,-1
62,14,1022.27,432.91,62.04,315.77,0.3879,-1,-1,-1
62,6,1065.17,415.34,179.52,442.43,0.8628,-1,-1,-1
62,5,796.67,495.39,52.52,142.87,0.3431,-1,-1,-1
62,4,99.59,411.70,243.51,657.92,0.9003,-1,-1,-1
62,3,445.80,397.93,193.17,643.49,0.8512,-1,-1,-1
62,2,818.81,345.83,227.28,668.39,0.8800,-1,-1,-1
63,14,1018.35,430.80,67.76,322.15,0.7148,-1,-1,-1
63,6,1066.85,414.15,184.06,442.72,0.8705,-1,-1,-1
63,4,98.80,406.02,236.07,671.83,0.8924,-1,-1,-1
63,3,442.48,392.99,198.59,651.04,0.8613,-1,-1,-1
63,2,818.78,341.83,225.19,675.17,0.8811,-1,-1,-1
64,14,1020.02,435.20,68.37,314.80,0.7914,-1,-1,-1
64,8,739.47,508.57,53.35,144.28,0.3746,-1,-1,-1
64,6,1068.32,414.36,186.09,442.96,0.8700,-1,-1,-1
64,5,802.59,494.17,46.54,149.64,0.3707,-1,-1,-1
64,4,92.90,402.82,236.13,674.70,0.8872,-1,-1,-1
64,3,448.97,386.14,197.88,660.27,0.8709,-1,-1,-1
64,2,820.00,340.81,221.58,677.87,0.8784,-1,-1,-1
65,14,1021.30,435.95,70.99,312.18,0.7868,-1,-1,-1
65,8,740.48,508.69,59.46,143.01,0.5812,-1,-1,-1
65,6,1072.10,411.60,186.43,444.71,0.8626,-1,-1,-1
65,5,803.12,489.85,45.86,157.56,0.4018,-1,-1,-1
65,4,82.27,404.23,240.04,674.21,0.8834,-1,-1,-1
65,3,446.49,379.68,203.62,667.78,0.8722,-1,-1,-1
65,2,815.91,339.29,227.81,680.81,0.8890,-1,-1,-1
66,14,1022.52,434.57,74.35,311.94,0.7797,-1,-1,-1
66,8,743.33,503.43,58.64,146.89,0.4667,-1,-1,-1
66,6,1081.80,405.12,187.80,452.97,0.8392,-1,-1,-1
66,5,808.89,488.25,39.08,149.98,0.3335,-1,-1,-1
66,4,73.75,402.23,244.77,673.30,0.8885,-1,-1,-1
66,3,443.89,372.47,211.09,676.17,0.8764,-1,-1,-1
66,2,819.12,337.59,225.34,682.88,0.8875,-1,-1,-1
67,14,1023.17,431.00,77.50,308.92,0.7461,-1,-1,-1
67,8,745.45,495.90,60.02,150.67,0.6051,-1,-1,-1
67,6,1085.38,402.07,190.94,457.74,0.8461,-1,-1,-1
67,4,63.28,396.82,246.55,680.36,0.8880,-1,-1,-1
67,3,443.63,366.33,215.15,682.69,0.8733,-1,-1,-1
67,2,819.60,337.69,226.89,683.37,0.8931,-1,-1,-1
68,14,1026.73,422.77,79.23,315.58,0.7259,-1,-1,-1
68,8,747.55,498.05,60.06,145.04,0.5304,-1,-1,-1
68,6,1091.91,399.45,180.35,454.09,0.8456,-1,-1,-1
68,4,48.10,394.61,253.86,675.88,0.8889,-1,-1,-1
68,3,441.58,355.48,221.84,691.76,0.8708,-1,-1,-1
68,2,822.40,336.16,227.13,684.73,0.8934,-1,-1,-1
69,15,1555.25,454.21,41.72,62.66,0.3600,-1,-1,-1
69,14,1030.90,419.28,77.93,315.82,0.7208,-1,-1,-1
69,8,750.84,490.78,59.41,149.68,0.6034,-1,-1,-1
69,6,1094.70,395.15,181.43,456.26,0.8726,-1,-1,-1
69,4,34.40,383.07,263.52,684.28,0.8998,-1,-1,-1
69,3,442.00,347.15,225.34,700.27,0.8775,-1,-1,-1
69,2,830.58,330.79,222.62,685.58,0.8878,-1,-1,-1
70,15,1544.37,449.64,57.44,64.24,0.3554,-1,-1,-1
70,14,1032.64,415.78,78.90,315.53,0.7091,-1,-1,-1
70,8,753.09,486.97,58.95,151.41,0.5373,-1,-1,-1
70,6,1097.30,390.90,182.30,456.46,0.8721,-1,-1,-1
70,5,817.74,468.79,46.95,163.83,0.3136,-1,-1,-1
70,4,15.86,375.20,274.10,695.97,0.9135,-1,-1,-1
70,3,436.91,341.24,232.75,707.68,0.8913,-1,-1,-1
70,2,829.84,328.23,225.87,682.16,0.8967,-1,-1,-1
71,15,1541.92,447.46,60.95,62.21,0.4409,-1,-1,-1
71,14,1033.03,412.31,80.21,316.26,0.7217,-1,-1,-1
71,8,753.06,484.97,60.15,151.16,0.5789,-1,-1,-1
71,6,1100.55,386.41,179.62,453.54,0.8643,-1,-1,-1
71,4,2.91,368.03,267.61,703.60,0.9096,-1,-1,-1
71,3,431.96,334.02,236.64,721.77,0.8901,-1,-1,-1
71,2,833.42,325.60,224.13,681.24,0.8904,-1,-1,-1
72,15,1553.14,445.40,50.70,61.92,0.4067,-1,-1,-1
72,14,1034.60,410.94,78.72,314.84,0.7227,-1,-1,-1
72,8,754.34,484.79,60.17,150.07,0.5615,-1,-1,-1
72,6,1103.03,384.64,178.65,450.59,0.8592,-1,-1,-1
72,4,0.00,360.50,257.27,711.69,0.9195,-1,-1,-1
72,3,426.90,323.92,240.00,748.00,0.8916,-1,-1,-1
72,2,832.66,319.23,226.45,682.28,0.8906,-1,-1,-1
73,15,1544.89,442.18,60.30,61.41,0.4260,-1,-1,-1
73,14,1035.88,410.72,77.61,312.35,0.6758,-1,-1,-1
73,8,753.24,476.55,56.18,153.10,0.4691,-1,-1,-1
73,6,1104.59,381.38,176.96,444.24,0.8556,-1,-1,-1
73,4,0.00,347.31,241.97,725.05,0.9111,-1,-1,-1
73,3,420.67,314.29,243.65,762.26,0.8933,-1,-1,-1
73,2,834.43,313.16,224.56,678.64,0.8855,-1,-1,-1
74,15,1547.14,440.84,62.70,61.72,0.4308,-1,-1,-1
74,14,1035.20,410.29,79.37,310.83,0.6848,-1,-1,-1
74,8,750.05,475.21,59.76,152.48,0.5560,-1,-1,-1
74,6,1106.04,377.79,172.76,441.65,0.8565,-1,-1,-1
74,4,0.19,342.82,223.97,733.25,0.9065,-1,-1,-1
74,3,412.35,310.72,247.05,763.45,0.8907,-1,-1,-1
74,2,833.40,308.28,224.92,664.08,0.8805,-1,-1,-1
75,15,1546.53,438.41,64.78,61.94,0.4430,-1,-1,-1
75,14,1035.31,425.41,75.42,292.80,0.6642,-1,-1,-1
75,8,748.86,471.71,58.01,153.42,0.5618,-1,-1,-1
75,6,1105.34,375.35,173.41,440.49,0.8616,-1,-1,-1
75,5,817.26,456.38,44.90,159.62,0.3709,-1,-1,-1
75,4,0.56,329.79,207.59,746.49,0.8958,-1,-1,-1
75,3,401.80,302.70,250.01,771.45,0.8954,-1,-1,-1
75,2,837.19,304.38,219.29,661.92,0.8721,-1,-1,-1
76,15,1543.34,438.02,69.70,61.97,0.4525,-1,-1,-1
76,14,1035.88,437.39,76.02,276.54,0.7228,-1,-1,-1
76,8,747.04,472.52,63.04,146.85,0.5169,-1,-1,-1
76,6,1109.41,373.41,166.86,439.92,0.8559,-1,-1,-1
76,5,817.21,452.22,44.32,163.60,0.3975,-1,-1,-1
76,4,0.69,322.76,192.02,749.80,0.8883,-1,-1,-1
76,3,391.32,296.55,254.75,774.14,0.8894,-1,-1,-1
76,2,842.50,300.55,215.27,661.34,0.8691,-1,-1,-1
77,15,1540.64,437.73,72.21,60.90,0.4086,-1,-1,-1
77,14,1034.08,436.37,77.42,278.17,0.6324,-1,-1,-1
77,8,745.69,471.36,65.83,148.65,0.5040,-1,-1,-1
77,6,1109.35,371.94,167.05,443.02,0.8657,-1,-1,-1
77,5,817.37,450.65,44.59,159.81,0.4081,-1,-1,-1
77,4,0.79,317.48,176.36,758.05,0.8802,-1,-1,-1
77,3,381.81,294.47,257.56,772.08,0.8913,-1,-1,-1
77,2,847.37,298.41,207.33,664.69,0.8786,-1,-1,-1
78,15,1544.41,437.16,67.98,61.74,0.4210,-1,-1,-1
78,14,1029.61,417.07,78.47,300.20,0.7076,-1,-1,-1
78,8,743.56,464.41,65.95,157.57,0.5499,-1,-1,-1
78,6,1108.81,370.80,166.61,444.09,0.8640,-1,-1,-1
78,5,814.72,451.44,45.93,162.28,0.6321,-1,-1,-1
78,4,0.59,311.78,157.79,760.08,0.8673,-1,-1,-1
78,3,366.55,289.94,265.09,781.06,0.8972,-1,-1,-1
78,2,852.22,295.84,197.92,667.60,0.8637,-1,-1,-1
79,15,1540.41,435.49,67.27,61.81,0.3016,-1,-1,-1
79,14,1024.42,400.61,80.41,314.81,0.7189,-1,-1,-1
79,8,742.86,471.05,50.55,150.55,0.4962,-1,-1,-1
79,6,1108.42,367.76,165.67,445.53,0.8600,-1,-1,-1
79,5,811.22,449.44,47.15,166.43,0.6450,-1,-1,-1
79,4,0.35,310.82,143.53,762.60,0.8291,-1,-1,-1
79,3,350.39,284.92,266.95,786.51,0.9003,-1,-1,-1
79,2,852.96,292.13,197.76,673.34,0.8592,-1,-1,-1
80,14,1023.13,398.12,74.52,317.76,0.7097,-1,-1,-1
80,8,738.50,470.25,51.36,153.67,0.5411,-1,-1,-1
80,6,1105.92,363.94,162.16,448.65,0.8433,-1,-1,-1
80,5,801.08,445.64,57.92,172.40,0.6151,-1,-1,-1
80,4,0.49,430.54,118.92,362.93,0.5093,-1,-1,-1
80,3,331.59,275.38,276.24,795.00,0.8965,-1,-1,-1
80,2,851.63,289.64,192.42,677.22,0.8566,-1,-1,-1
81,16,1872.19,881.94,47.01,197.65,0.3592,-1,-1,-1
81,15,1534.64,430.98,69.53,63.54,0.3117,-1,-1,-1
81,14,1017.33,406.03,73.94,307.96,0.6937,-1,-1,-1
81,8,732.15,462.71,52.80,154.66,0.5612,-1,-1,-1
81,6,1103.89,364.32,156.70,445.79,0.8567,-1,-1,-1
81,5,796.95,444.46,56.23,168.15,0.6196,-1,-1,-1
81,4,0.31,438.09,92.10,435.28,0.6418,-1,-1,-1
81,3,314.88,266.21,279.41,803.22,0.9018,-1,-1,-1
81,2,849.78,293.73,190.11,675.83,0.8514,-1,-1,-1
82,14,1014.87,390.93,74.48,316.32,0.6466,-1,-1,-1
82,8,725.28,455.52,54.19,159.79,0.6341,-1,-1,-1
82,6,1098.64,359.55,154.79,448.07,0.8627,-1,-1,-1
82,5,793.52,440.93,56.07,168.98,0.6749,-1,-1,-1
82,4,0.31,444.19,70.98,355.24,0.7815,-1,-1,-1
82,3,291.39,252.04,297.58,820.24,0.8974,-1,-1,-1
82,2,846.49,294.59,186.10,674.70,0.8529,-1,-1,-1
83,14,1001.85,381.67,82.91,325.04,0.5449,-1,-1,-1
83,8,720.84,451.99,60.63,155.68,0.3876,-1,-1,-1
83,6,1095.72,358.40,151.98,452.69,0.8518,-1,-1,-1
83,5,792.07,436.55,52.59,164.54,0.5785,-1,-1,-1
83,3,268.33,239.45,303.59,830.96,0.8896,-1,-1,-1
83,2,845.31,292.59,178.82,673.52,0.8514,-1,-1,-1
84,16,1875.50,872.54,44.02,179.11,0.3651,-1,-1,-1
84,14,995.16,376.11,80.92,321.10,0.7452,-1,-1,-1
84,8,712.40,450.17,55.19,154.65,0.5917,-1,-1,-1
84,6,1086.45,354.37,155.15,457.59,0.8586,-1,-1,-1
84,5,783.88,434.99,51.74,166.11,0.5587,-1,-1,-1
84,3,239.02,228.06,304.65,844.91,0.9033,-1,-1,-1
84,2,835.72,292.36,178.19,675.27,0.8476,-1,-1,-1
85,14,984.33,374.02,82.16,317.17,0.7616,-1,-1,-1
85,8,707.02,452.14,52.87,150.56,0.4575,-1,-1,-1
85,6,1079.50,354.44,149.14,452.89,0.8485,-1,-1,-1
85,5,772.05,425.72,55.30,171.94,0.5998,-1,-1,-1
85,3,205.68,215.94,333.19,858.27,0.9170,-1,-1,-1
85,2,824.40,290.42,178.19,671.18,0.8275,-1,-1,-1
86,18,480.47,412.12,80.01,286.51,0.7152,-1,-1,-1
86,14,970.89,369.44,90.58,319.97,0.8069,-1,-1,-1
86,8,695.40,444.21,58.34,155.65,0.5367,-1,-1,-1
86,6,1071.54,348.83,151.39,454.15,0.8318,-1,-1,-1
86,5,770.36,419.72,46.36,177.28,0.5159,-1,-1,-1
86,3,184.97,202.48,323.26,872.19,0.9056,-1,-1,-1
86,2,809.57,283.58,183.76,671.85,0.8417,-1,-1,-1
87,18,472.98,410.93,76.41,285.49,0.7296,-1,-1,-1
87,15,1529.12,420.97,39.73,55.59,0.3009,-1,-1,-1
87,14,962.68,366.94,91.49,319.93,0.7796,-1,-1,-1
87,8,689.13,448.35,59.90,150.29,0.4641,-1,-1,-1
87,6,1062.39,346.99,153.56,451.90,0.8509,-1,-1,-1
87,5,760.52,413.15,48.14,181.66,0.6884,-1,-1,-1
87,3,152.58,187.54,332.37,887.61,0.9104,-1,-1,-1
87,2,796.20,277.80,190.72,676.90,0.8524,-1,-1,-1
88,18,445.64,408.12,95.18,286.75,0.7607,-1,-1,-1
88,15,1521.87,416.57,38.02,57.03,0.3523,-1,-1,-1
88,14,949.03,358.34,96.44,325.24,0.7449,-1,-1,-1
88,8,680.50,439.64,56.44,155.51,0.6147,-1,-1,-1
88,6,1052.44,339.61,152.34,454.59,0.8485,-1,-1,-1
88,5,747.55,410.05,50.62,175.84,0.4646,-1,-1,-1
88,3,129.13,180.07,338.51,896.52,0.9155,-1,-1,-1
88,2,779.80,274.30,201.42,669.92,0.8571,-1,-1,-1
89,18,428.97,396.54,105.63,301.53,0.7739,-1,-1,-1
89,16,1850.70,855.73,68.68,194.59,0.3690,-1,-1,-1
89,14,941.12,359.60,99.09,316.72,0.8162,-1,-1,-1
89,8,672.15,436.33,59.27,157.57,0.5573,-1,-1,-1
89,6,1042.42,333.62,161.04,454.46,0.8534,-1,-1,-1
89,5,743.97,408.94,40.75,181.37,0.3303,-1,-1,-1
89,3,100.42,167.75,353.06,907.01,0.9201,-1,-1,-1
89,2,765.23,267.79,203.78,668.75,0.8477,-1,-1,-1
90,18,421.24,388.87,104.77,303.43,0.7799,-1,-1,-1
90,17,1727.82,860.85,94.58,216.11,0.3733,-1,-1,-1
90,14,937.85,355.07,95.84,314.82,0.7823,-1,-1,-1
90,8,666.47,433.17,62.75,155.79,0.4318,-1,-1,-1
90,6,1037.02,328.10,159.42,460.62,0.8482,-1,-1,-1
90,3,70.47,151.78,375.03,922.75,0.9241,-1,-1,-1
90,2,747.70,260.05,218.56,655.87,0.8689,-1,-1,-1
91,18,413.75,386.87,103.51,305.03,0.7615,-1,-1,-1
91,15,1506.63,396.98,40.23,62.60,0.3419,-1,-1,-1
91,14,930.06,350.12,100.58,318.53,0.7997,-1,-1,-1
91,8,658.99,425.40,53.70,156.83,0.4526,-1,-1,-1
91,6,1030.59,324.52,164.61,455.79,0.8681,-1,-1,-1
91,3,49.34,141.57,384.32,930.50,0.9224,-1,-1,-1
91,2,734.94,257.03,224.61,647.68,0.8808,-1,-1,-1
92,18,404.02,385.07,106.83,307.09,0.8223,-1,-1,-1
92,16,1846.43,836.97,72.65,195.50,0.3515,-1,-1,-1
92,15,1505.81,396.29,37.08,60.07,0.4943,-1,-1,-1
92,14,923.90,349.63,96.53,316.60,0.7895,-1,-1,-1
92,8,654.03,423.10,60.00,158.44,0.5489,-1,-1,-1
92,6,1024.60,317.45,167.71,453.77,0.8636,-1,-1,-1
92,3,20.23,125.68,405.48,946.51,0.9221,-1,-1,-1
92,2,722.97,250.64,227.85,652.02,0.8787,-1,-1,-1
93,18,397.34,379.07,107.68,312.27,0.8071,-1,-1,-1
93,17,1724.97,851.66,95.94,223.42,0.4156,-1,-1,-1
93,16,1845.28,839.96,74.08,194.32,0.3963,-1,-1,-1
93,15,1496.93,389.93,43.43,62.58,0.4659,-1,-1,-1
93,14,922.48,347.77,97.78,316.83,0.7763,-1,-1,-1
93,8,653.42,420.85,54.77,157.20,0.3373,-1,-1,-1
93,6,1017.44,313.74,172.26,454.29,0.8705,-1,-1,-1
93,3,0.43,116.35,413.00,956.26,0.9244,-1,-1,-1
93,2,714.80,244.59,235.84,656.46,0.8891,-1,-1,-1
94,18,389.49,378.82,110.89,308.13,0.8026,-1,-1,-1
94,17,1725.81,854.27,94.08,219.93,0.3618,-1,-1,-1
94,15,1495.73,390.69,41.63,58.52,0.4162,-1,-1,-1
94,14,918.76,346.48,99.91,319.30,0.8026,-1,-1,-1
94,6,1012.88,312.87,175.68,453.73,0.8726,-1,-1,-1
94,3,0.00,106.81,403.55,969.20,0.9323,-1,-1,-1
94,2,708.15,241.22,229.61,660.46,0.8729,-1,-1,-1
95,18,384.27,374.98,111.81,314.85,0.8174,-1,-1,-1
95,17,1724.31,855.51,95.21,219.28,0.3667,-1,-1,-1
95,15,1493.92,391.19,40.72,57.80,0.3194,-1,-1,-1
95,14,917.03,344.04,98.60,320.51,0.7805,-1,-1,-1
95,6,1007.21,311.67,179.44,453.55,0.8644,-1,-1,-1
95,3,0.25,96.65,401.78,978.88,0.9307,-1,-1,-1
95,2,701.82,240.05,230.97,667.21,0.8860,-1,-1,-1
96,18,379.82,374.64,110.71,321.84,0.8098,-1,-1,-1
96,17,1723.57,856.07,97.84,220.88,0.4038,-1,-1,-1
96,15,1490.65,392.38,41.21,57.15,0.3033,-1,-1,-1
96,14,912.18,345.37,102.47,319.96,0.7540,-1,-1,-1
96,8,633.61,428.08,67.26,154.51,0.3024,-1,-1,-1
96,6,1003.60,311.21,183.90,456.58,0.8598,-1,-1,-1
96,3,0.49,85.00,379.65,990.28,0.9349,-1,-1,-1
96,2,693.34,243.18,231.74,665.46,0.9045,-1,-1,-1
97,18,377.71,370.31,112.37,327.09,0.8189,-1,-1,-1
97,17,1727.32,855.62,97.01,221.32,0.4493,-1,-1,-1
97,16,1849.38,834.86,70.03,185.27,0.3590,-1,-1,-1
97,14,903.69,342.77,108.68,319.16,0.7328,-1,-1,-1
97,8,632.71,418.20,61.26,162.55,0.5593,-1,-1,-1
97,6,1001.87,311.27,187.34,456.53,0.8618,-1,-1,-1
97,3,0.51,75.27,368.57,999.75,0.9338,-1,-1,-1
97,2,695.51,241.64,227.49,673.04,0.8996,-1,-1,-1
98,18,377.07,368.55,112.55,330.40,0.8255,-1,-1,-1
98,17,1731.87,857.54,97.58,220.34,0.4001,-1,-1,-1
98,14,907.47,343.48,104.52,321.00,0.7306,-1,-1,-1
98,8,632.14,415.53,59.38,167.25,0.6311,-1,-1,-1
98,6,1001.11,310.80,192.22,459.44,0.8591,-1,-1,-1
98,3,0.32,56.06,358.47,1015.02,0.9344,-1,-1,-1
98,2,694.17,243.94,226.29,676.61,0.8996,-1,-1,-1
99,18,375.58,366.59,113.59,334.00,0.8214,-1,-1,-1
99,15,1497.48,383.23,39.99,67.04,0.3077,-1,-1,-1
99,14,908.79,343.59,104.27,320.96,0.7370,-1,-1,-1
99,8,633.31,416.44,54.25,165.08,0.6340,-1,-1,-1
99,6,1002.52,311.50,197.50,461.15,0.8700,-1,-1,-1
99,3,0.79,46.58,347.37,1025.57,0.9272,-1,-1,-1
99,2,693.49,248.23,226.57,677.69,0.8985,-1,-1,-1
100,18,373.06,369.05,115.15,332.63,0.8323,-1,-1,-1
100,15,1496.11,380.56,43.69,67.38,0.4183,-1,-1,-1
100,14,911.13,349.77,105.60,316.69,0.7435,-1,-1,-1
100,8,630.85,415.12,59.46,166.21,0.6493,-1,-1,-1
100,6,1005.50,313.24,199.06,460.55,0.8763,-1,-1,-1
100,3,0.87,35.56,333.51,1034.99,0.9225,-1,-1,-1
100,2,695.23,251.06,222.54,675.08,0.8988,-1,-1,-1
101,18,375.06,365.87,114.71,337.56,0.8239,-1,-1,-1
101,14,913.82,348.34,104.79,317.25,0.7683,-1,-1,-1
101,8,633.63,414.00,59.20,164.84,0.7018,-1,-1,-1
101,6,1007.26,312.19,201.24,463.74,0.8568,-1,-1,-1
101,3,0.86,16.32,315.82,1059.24,0.9144,-1,-1,-1
101,2,702.07,250.85,215.49,675.58,0.8890,-1,-1,-1
102,18,375.49,365.08,116.66,341.43,0.8319,-1,-1,-1
102,14,920.73,347.07,102.47,319.69,0.7923,-1,-1,-1
102,8,637.52,414.32,59.74,165.53,0.5224,-1,-1,-1
102,6,1015.47,312.96,197.89,465.29,0.8308,-1,-1,-1
102,3,0.83,13.86,295.50,1058.83,0.9190,-1,-1,-1
102,2,703.77,251.47,220.30,668.39,0.8948,-1,-1,-1
103,18,386.23,366.99,113.45,335.92,0.8037,-1,-1,-1
103,14,931.65,340.66,100.44,323.12,0.7443,-1,-1,-1
103,8,643.35,408.80,61.12,166.40,0.5544,-1,-1,-1
103,6,1023.19,316.06,201.95,465.78,0.8433,-1,-1,-1
103,3,1.14,9.96,278.53,1061.65,0.9092,-1,-1,-1
103,2,716.46,251.04,221.61,665.92,0.8881,-1,-1,-1
104,18,396.19,371.13,112.91,333.32,0.8112,-1,-1,-1
104,17,1787.45,859.62,107.99,220.38,0.3975,-1,-1,-1
104,15,1534.38,377.33,43.46,66.16,0.5237,-1,-1,-1
104,14,941.65,338.27,107.17,322.57,0.7345,-1,-1,-1
104,8,658.84,407.24,56.36,169.18,0.6639,-1,-1,-1
104,6,1042.51,308.02,202.58,470.09,0.8582,-1,-1,-1
104,3,0.88,14.30,259.68,1045.43,0.8316,-1,-1,-1
104,2,726.04,246.63,222.29,668.73,0.8919,-1,-1,-1
105,18,404.51,365.78,111.38,337.74,0.8087,-1,-1,-1
105,17,1804.98,861.45,107.65,218.21,0.4947,-1,-1,-1
105,15,1546.07,374.21,47.03,67.87,0.4179,-1,-1,-1
105,14,953.13,333.33,103.75,329.01,0.7371,-1,-1,-1
105,8,663.74,409.33,60.27,165.93,0.3739,-1,-1,-1
105,6,1053.01,308.94,200.28,469.31,0.8547,-1,-1,-1
105,3,0.88,252.06,235.90,817.23,0.7801,-1,-1,-1
105,2,739.59,245.23,220.26,663.46,0.8861,-1,-1,-1
106,18,411.45,365.40,111.52,335.49,0.8015,-1,-1,-1
106,17,1817.96,857.21,101.06,222.79,0.6350,-1,-1,-1
106,15,1557.36,373.01,44.28,67.49,0.4629,-1,-1,-1
106,14,958.93,332.51,104.09,329.50,0.7895,-1,-1,-1
106,8,668.31,405.50,62.78,167.67,0.6820,-1,-1,-1
106,6,1066.18,303.31,205.31,478.03,0.8421,-1,-1,-1
106,3,0.24,247.79,133.84,660.45,0.6228,-1,-1,-1
106,2,748.67,242.29,213.29,649.05,0.8781,-1,-1,-1
107,18,414.61,361.63,112.70,338.79,0.7888,-1,-1,-1
107,17,1831.76,855.37,87.61,222.15,0.4784,-1,-1,-1
107,15,1568.25,372.02,44.23,66.66,0.3619,-1,-1,-1
107,14,963.66,330.70,107.17,326.59,0.7449,-1,-1,-1
107,8,669.69,404.28,67.28,169.52,0.6755,-1,-1,-1
107,6,1072.93,303.26,195.45,474.22,0.8424,-1,-1,-1
107,3,0.28,246.99,103.27,794.44,0.7251,-1,-1,-1
107,2,757.09,235.93,211.73,644.29,0.8783,-1,-1,-1
108,18,416.69,360.58,112.96,345.76,0.7966,-1,-1,-1
108,15,1575.20,370.16,43.13,65.26,0.4637,-1,-1,-1
108,14,967.99,328.38,106.41,329.31,0.7282,-1,-1,-1
108,8,672.72,403.67,67.91,170.16,0.7286,-1,-1,-1
108,6,1081.11,301.61,173.73,471.23,0.8386,-1,-1,-1
108,2,761.93,233.24,209.18,645.23,0.8828,-1,-1,-1
109,18,414.24,358.01,116.21,350.46,0.8082,-1,-1,-1
109,15,1583.75,373.71,42.71,62.15,0.6009,-1,-1,-1
109,14,972.09,327.15,95.72,325.56,0.5493,-1,-1,-1
109,8,678.03,400.82,63.98,170.82,0.6812,-1,-1,-1
109,6,1085.07,297.57,170.65,468.57,0.8704,-1,-1,-1
109,2,771.91,232.27,201.58,645.87,0.8753,-1,-1,-1
110,18,411.22,353.38,118.35,357.71,0.7983,-1,-1,-1
110,15,1587.66,367.08,40.19,65.69,0.4036,-1,-1,-1
110,14,976.55,323.99,103.58,327.32,0.6669,-1,-1,-1
110,8,679.55,397.56,67.17,170.98,0.6261,-1,-1,-1
110,6,1089.29,294.53,171.34,464.80,0.8722,-1,-1,-1
110,2,772.31,230.66,203.14,648.28,0.8753,-1,-1,-1
111,18,409.83,352.75,120.46,354.53,0.8059,-1,-1,-1
111,15,1600.09,371.68,38.45,62.35,0.4412,-1,-1,-1
111,14,974.80,324.33,105.73,324.41,0.6149,-1,-1,-1
111,8,682.79,394.50,65.57,173.98,0.6588,-1,-1,-1
111,6,1093.11,291.43,169.17,461.52,0.8667,-1,-1,-1
111,2,776.68,229.87,198.53,651.40,0.8721,-1,-1,-1
112,18,412.93,349.01,117.08,359.38,0.7482,-1,-1,-1
112,17,1878.94,878.92,40.43,199.29,0.3187,-1,-1,-1
112,14,974.14,324.05,110.17,326.41,0.6338,-1,-1,-1
112,8,685.10,395.34,67.40,174.33,0.6441,-1,-1,-1
112,6,1098.34,288.66,169.45,459.94,0.8549,-1,-1,-1
112,2,777.28,229.50,197.52,650.31,0.8674,-1,-1,-1
113,18,411.15,347.88,117.99,363.40,0.7392,-1,-1,-1
113,14,980.11,323.59,108.37,325.42,0.6026,-1,-1,-1
113,8,686.68,390.53,68.21,180.82,0.7009,-1,-1,-1
113,6,1104.38,286.14,165.92,463.90,0.8511,-1,-1,-1
113,2,779.72,229.06,194.87,651.04,0.8648,-1,-1,-1
114,18,412.58,344.89,116.90,366.02,0.7352,-1,-1,-1
114,15,1612.92,375.22,38.93,52.15,0.3496,-1,-1,-1
114,14,987.48,321.05,102.35,319.78,0.5927,-1,-1,-1
114,8,690.73,394.04,66.74,174.95,0.6295,-1,-1,-1
114,6,1110.10,285.11,162.87,467.58,0.8578,-1,-1,-1
114,2,786.26,231.44,190.58,652.08,0.8545,-1,-1,-1
115,18,410.59,344.15,120.59,368.18,0.7379,-1,-1,-1
115,15,1623.17,364.88,35.69,62.33,0.3317,-1,-1,-1
115,14,997.22,321.01,99.34,323.13,0.7349,-1,-1,-1
115,8,695.09,390.84,65.66,179.49,0.5955,-1,-1,-1
115,6,1112.19,286.64,163.71,466.20,0.8679,-1,-1,-1
115,2,791.82,232.96,191.59,651.94,0.8444,-1,-1,-1
116,18,403.60,342.65,127.37,369.92,0.7733,-1,-1,-1
116,15,1625.24,363.46,38.85,63.81,0.3823,-1,-1,-1
116,14,992.90,323.08,109.18,319.51,0.7067,-1,-1,-1
116,8,693.35,393.29,69.11,179.19,0.5573,-1,-1,-1
116,6,1113.99,286.31,165.08,464.11,0.8630,-1,-1,-1
116,2,792.47,233.40,192.51,652.56,0.8509,-1,-1,-1
117,18,401.28,343.76,129.45,368.47,0.7213,-1,-1,-1
117,14,993.39,321.11,107.77,321.51,0.6699,-1,-1,-1
117,8,689.28,389.27,75.25,179.37,0.6245,-1,-1,-1
117,6,1116.86,284.94,165.11,467.67,0.8591,-1,-1,-1
117,2,791.11,233.87,190.02,652.61,0.8521,-1,-1,-1
118,18,395.19,338.65,132.09,375.81,0.7031,-1,-1,-1
118,14,981.75,322.69,120.01,321.96,0.7296,-1,-1,-1
118,8,688.06,392.36,75.32,179.12,0.6155,-1,-1,-1
118,6,1118.56,285.86,166.28,471.03,0.8564,-1,-1,-1
118,2,783.81,235.70,190.19,648.91,0.8566,-1,-1,-1
119,18,390.55,338.23,132.74,376.76,0.8252,-1,-1,-1
119,14,978.07,324.54,124.45,322.37,0.7557,-1,-1,-1
119,8,690.97,393.23,72.68,178.97,0.5529,-1,-1,-1
119,6,1122.95,287.81,162.20,473.45,0.8511,-1,-1,-1
119,2,781.79,234.81,189.42,649.73,0.8667,-1,-1,-1
120,18,386.49,333.51,132.64,384.54,0.8358,-1,-1,-1
120,14,972.89,324.86,126.96,323.66,0.7074,-1,-1,-1
120,8,686.13,392.31,77.01,178.45,0.5289,-1,-1,-1
120,6,1122.28,288.37,162.17,474.59,0.8532,-1,-1,-1
120,2,775.16,232.20,194.48,649.41,0.8782,-1,-1,-1
121,18,380.14,333.68,134.30,386.36,0.8384,-1,-1,-1
121,14,968.85,326.19,130.24,322.18,0.6075,-1,-1,-1
121,8,683.38,394.37,81.08,183.28,0.4325,-1,-1,-1
121,6,1119.67,290.56,163.58,475.73,0.8470,-1,-1,-1
121,2,768.92,227.71,197.19,644.19,0.8741,-1,-1,-1
122,18,369.18,333.37,139.43,395.14,0.8261,-1,-1,-1
122,15,1638.42,372.59,44.70,59.61,0.3643,-1,-1,-1
122,14,968.82,325.36,130.94,322.71,0.6372,-1,-1,-1
122,6,1117.33,291.42,163.30,477.44,0.8405,-1,-1,-1
122,2,760.81,227.59,196.53,634.29,0.8656,-1,-1,-1
123,18,363.68,332.15,137.06,402.92,0.8542,-1,-1,-1
123,15,1633.99,372.08,48.30,60.21,0.4418,-1,-1,-1
123,14,957.04,326.26,138.40,324.31,0.6224,-1,-1,-1
123,6,1115.09,290.67,161.50,478.17,0.8582,-1,-1,-1
123,2,748.60,226.07,203.28,635.74,0.8671,-1,-1,-1
124,18,355.28,332.66,139.92,404.73,0.8591,-1,-1,-1
124,15,1632.32,372.35,48.35,62.66,0.4495,-1,-1,-1
124,14,956.47,327.59,122.12,325.46,0.6116,-1,-1,-1
124,6,1111.18,289.07,159.12,484.77,0.8491,-1,-1,-1
124,2,739.55,227.07,206.78,637.69,0.8720,-1,-1,-1
125,18,346.41,339.51,141.21,402.14,0.8451,-1,-1,-1
125,15,1628.49,372.23,47.30,64.08,0.3825,-1,-1,-1
125,14,951.93,324.10,125.86,331.50,0.6953,-1,-1,-1
125,8,676.53,393.15,67.60,193.22,0.4485,-1,-1,-1
125,6,1106.89,289.54,160.73,479.94,0.8453,-1,-1,-1
125,2,731.44,228.16,210.30,641.88,0.8767,-1,-1,-1
126,18,333.11,336.88,143.85,407.92,0.8397,-1,-1,-1
126,15,1626.46,370.43,45.98,65.35,0.4171,-1,-1,-1
126,14,952.72,320.40,126.20,334.23,0.5801,-1,-1,-1
126,8,669.12,393.93,68.41,188.21,0.3808,-1,-1,-1
126,6,1100.62,290.34,161.27,475.88,0.8445,-1,-1,-1
126,2,711.52,228.90,225.47,646.61,0.8684,-1,-1,-1
127,18,327.18,343.49,142.27,407.94,0.8475,-1,-1,-1
127,15,1622.97,372.11,43.93,64.85,0.4368,-1,-1,-1
127,14,942.39,320.24,138.70,336.89,0.7700,-1,-1,-1
127,6,1093.84,290.90,166.43,481.80,0.8566,-1,-1,-1
127,2,708.93,231.69,224.90,647.21,0.8698,-1,-1,-1
128,18,318.45,341.30,144.90,411.63,0.8530,-1,-1,-1
128,15,1620.48,370.92,41.67,66.34,0.3540,-1,-1,-1
128,14,932.22,323.63,144.98,334.25,0.6102,-1,-1,-1
128,8,659.97,389.52,74.79,192.99,0.3734,-1,-1,-1
128,6,1087.75,288.88,170.65,482.46,0.8706,-1,-1,-1
128,2,706.79,231.40,225.41,651.98,0.8799,-1,-1,-1
129,18,313.67,336.90,146.97,423.82,0.8338,-1,-1,-1
129,15,1616.50,367.75,45.14,69.75,0.3771,-1,-1,-1
129,14,935.54,321.77,106.95,334.88,0.6498,-1,-1,-1
129,8,660.49,389.22,65.40,192.93,0.5347,-1,-1,-1
129,6,1082.73,286.34,175.77,483.29,0.8741,-1,-1,-1
129,2,710.55,235.90,219.10,648.06,0.8803,-1,-1,-1
130,18,310.85,333.05,148.67,432.40,0.8405,-1,-1,-1
130,15,1618.39,367.40,42.06,69.93,0.4036,-1,-1,-1
130,14,934.54,320.24,105.14,334.74,0.7349,-1,-1,-1
130,8,659.73,389.16,62.18,192.89,0.5535,-1,-1,-1
130,6,1081.55,286.78,174.85,482.69,0.8673,-1,-1,-1
130,2,708.02,237.02,221.53,649.13,0.8819,-1,-1,-1
131,20,1012.03,370.48,70.06,222.89,0.5431,-1,-1,-1
131,18,309.50,331.21,145.49,435.96,0.8388,-1,-1,-1
131,15,1619.36,365.96,42.87,69.25,0.3856,-1,-1,-1
131,14,927.96,318.81,110.96,332.84,0.7373,-1,-1,-1
131,8,657.19,389.48,63.84,193.23,0.5875,-1,-1,-1
131,6,1080.22,283.91,176.74,482.43,0.8665,-1,-1,-1
131,2,708.61,238.91,222.71,649.35,0.8799,-1,-1,-1
132,20,1013.28,366.44,69.59,227.51,0.5586,-1,-1,-1
132,18,309.88,332.67,141.87,435.77,0.8290,-1,-1,-1
132,15,1619.27,365.01,41.83,69.07,0.4077,-1,-1,-1
132,14,925.15,317.39,111.56,333.64,0.7335,-1,-1,-1
132,8,657.05,388.85,64.37,195.02,0.5692,-1,-1,-1
132,6,1080.35,282.49,174.84,481.40,0.8634,-1,-1,-1
132,2,710.35,238.62,220.93,649.58,0.8754,-1,-1,-1
133,20,1012.60,368.06,72.60,225.03,0.5763,-1,-1,-1
133,18,294.00,329.84,156.32,441.33,0.8195,-1,-1,-1
133,15,1621.19,364.27,41.70,70.83,0.3852,-1,-1,-1
133,14,926.30,316.16,107.54,336.50,0.7468,-1,-1,-1
133,8,657.47,389.47,62.59,195.01,0.4432,-1,-1,-1
133,6,1076.54,282.34,179.69,481.90,0.8685,-1,-1,-1
133,2,713.93,238.94,220.68,646.84,0.8755,-1,-1,-1
134,20,1011.38,367.62,73.76,223.21,0.6110,-1,-1,-1
134,18,288.92,324.44,156.21,455.36,0.8404,-1,-1,-1
134,15,1622.65,364.56,41.85,71.75,0.3579,-1,-1,-1
134,14,928.85,318.53,100.94,337.83,0.7328,-1,-1,-1
134,8,655.82,392.25,68.71,194.68,0.5317,-1,-1,-1
134,6,1074.66,284.17,183.87,486.12,0.8678,-1,-1,-1
134,2,715.78,238.34,215.81,649.79,0.8765,-1,-1,-1
135,20,1010.46,370.37,76.20,218.87,0.6537,-1,-1,-1
135,18,287.44,330.38,153.60,452.75,0.8316,-1,-1,-1
135,14,927.26,318.09,98.86,341.79,0.7097,-1,-1,-1
135,8,651.43,393.73,72.95,195.46,0.5442,-1,-1,-1
135,6,1073.33,285.15,184.41,489.07,0.8648,-1,-1,-1
135,2,717.93,239.89,213.85,648.10,0.8799,-1,-1,-1
136,20,1010.96,364.04,77.20,231.37,0.7067,-1,-1,-1
136,18,281.85,327.40,158.06,459.55,0.8387,-1,-1,-1
136,14,926.25,320.60,99.80,339.21,0.7318,-1,-1,-1
136,8,644.39,395.00,81.40,196.99,0.6849,-1,-1,-1
136,6,1071.81,287.97,188.12,490.14,0.8665,-1,-1,-1
136,2,723.25,240.15,210.52,641.56,0.8737,-1,-1,-1
137,20,1014.08,370.00,76.79,225.04,0.7447,-1,-1,-1
137,18,284.49,323.59,154.12,465.75,0.8409,-1,-1,-1
137,15,1632.09,368.51,44.21,68.75,0.4985,-1,-1,-1
137,14,928.07,319.51,97.17,341.63,0.7313,-1,-1,-1
137,8,649.03,395.08,77.12,201.79,0.6352,-1,-1,-1
137,6,1070.48,291.08,193.64,492.40,0.8635,-1,-1,-1
137,2,723.94,240.62,211.82,624.30,0.8833,-1,-1,-1
138,20,1018.24,368.18,75.57,229.44,0.7447,-1,-1,-1
138,18,279.49,322.98,157.54,469.12,0.8038,-1,-1,-1
138,15,1637.89,371.70,45.71,69.22,0.3217,-1,-1,-1
138,14,928.36,321.42,96.93,342.10,0.7456,-1,-1,-1
138,8,651.64,397.23,71.27,200.45,0.5942,-1,-1,-1
138,6,1078.04,295.19,192.28,490.68,0.8618,-1,-1,-1
138,2,722.39,242.39,217.94,622.24,0.8864,-1,-1,-1
139,20,1021.26,364.20,75.55,230.59,0.7169,-1,-1,-1
139,18,269.81,320.16,164.34,475.37,0.8146,-1,-1,-1
139,14,930.39,320.94,97.17,343.78,0.7266,-1,-1,-1
139,8,651.88,395.48,71.01,204.88,0.5823,-1,-1,-1
139,6,1082.44,295.72,193.24,490.91,0.8479,-1,-1,-1
139,2,729.65,242.39,212.47,622.53,0.8851,-1,-1,-1
140,20,1022.88,369.02,76.55,226.48,0.7775,-1,-1,-1
140,18,268.68,318.57,166.23,486.73,0.8302,-1,-1,-1
140,15,1646.91,367.89,47.33,68.48,0.3396,-1,-1,-1
140,14,938.16,320.04,92.45,345.47,0.7149,-1,-1,-1
140,8,648.63,396.95,76.19,204.95,0.6319,-1,-1,-1
140,6,1089.70,296.84,188.58,489.10,0.8453,-1,-1,-1
140,2,743.82,241.32,200.18,629.20,0.8780,-1,-1,-1
141,20,1024.36,366.84,80.36,228.08,0.6852,-1,-1,-1
141,18,272.34,319.98,164.17,497.87,0.8246,-1,-1,-1
141,15,1650.08,367.95,48.92,70.32,0.3900,-1,-1,-1
141,14,934.68,322.38,97.42,344.00,0.7389,-1,-1,-1
141,8,647.08,395.13,80.08,206.86,0.7632,-1,-1,-1
141,6,1093.67,295.75,188.71,496.64,0.8582,-1,-1,-1
141,2,749.28,246.09,195.36,631.27,0.8735,-1,-1,-1
142,20,1029.75,372.69,78.91,225.89,0.7247,-1,-1,-1
142,18,271.42,323.29,167.33,500.47,0.8492,-1,-1,-1
142,14,935.28,325.73,97.49,340.27,0.7639,-1,-1,-1
142,8,648.30,400.37,86.36,201.93,0.6909,-1,-1,-1
142,6,1101.11,296.61,186.15,499.86,0.8516,-1,-1,-1
142,2,754.70,252.06,192.38,628.83,0.8694,-1,-1,-1
143,20,1038.23,372.38,72.71,225.87,0.7463,-1,-1,-1
143,18,269.22,326.40,171.36,502.49,0.8474,-1,-1,-1
143,15,1671.03,376.00,43.38,61.29,0.3949,-1,-1,-1
143,14,953.28,325.78,85.96,340.68,0.7232,-1,-1,-1
143,8,654.93,400.38,83.34,204.31,0.6631,-1,-1,-1
143,6,1107.99,296.76,186.69,502.75,0.8675,-1,-1,-1
143,2,768.76,253.87,185.85,634.45,0.8787,-1,-1,-1
144,20,1040.27,372.54,78.34,227.47,0.7546,-1,-1,-1
144,18,267.14,325.50,175.25,511.12,0.8580,-1,-1,-1
144,15,1671.72,369.41,52.11,68.95,0.4201,-1,-1,-1
144,14,959.30,331.61,83.04,332.18,0.8004,-1,-1,-1
144,8,662.99,396.90,75.43,208.06,0.7032,-1,-1,-1
144,6,1112.45,296.76,186.68,500.95,0.8615,-1,-1,-1
144,2,771.79,256.09,186.48,633.71,0.8729,-1,-1,-1
145,20,1041.91,376.09,79.30,222.44,0.7400,-1,-1,-1
145,18,264.87,324.72,178.81,513.16,0.8532,-1,-1,-1
145,15,1681.20,370.59,50.23,70.56,0.4226,-1,-1,-1
145,14,961.88,329.04,83.56,338.27,0.7497,-1,-1,-1
145,8,664.31,396.43,80.33,210.48,0.7018,-1,-1,-1
145,6,1121.80,296.60,186.92,500.44,0.8608,-1,-1,-1
145,2,779.17,258.39,185.04,634.85,0.8604,-1,-1,-1
146,20,1048.46,378.49,77.90,219.07,0.6476,-1,-1,-1
146,18,268.36,324.64,177.88,524.58,0.8772,-1,-1,-1
146,15,1695.20,380.05,44.23,61.06,0.3286,-1,-1,-1
146,14,969.15,332.12,86.70,337.41,0.6867,-1,-1,-1
146,8,669.90,397.73,80.25,209.89,0.6982,-1,-1,-1
146,6,1129.21,301.46,183.30,491.84,0.8740,-1,-1,-1
146,2,780.46,262.71,189.27,636.58,0.8638,-1,-1,-1
147,20,1049.92,382.13,80.40,220.66,0.6330,-1,-1,-1
147,18,262.32,326.12,182.54,528.76,0.8601,-1,-1,-1
147,15,1699.65,375.29,47.14,68.54,0.4336,-1,-1,-1
147,14,964.34,330.77,92.10,341.28,0.7115,-1,-1,-1
147,8,670.06,395.98,80.45,216.38,0.7260,-1,-1,-1
147,6,1134.09,298.25,187.64,490.37,0.8670,-1,-1,-1
147,2,781.60,265.46,190.37,637.61,0.8650,-1,-1,-1
148,20,1053.86,376.55,77.45,228.45,0.6768,-1,-1,-1
148,18,257.87,325.75,186.31,542.02,0.8684,-1,-1,-1
148,15,1699.54,374.90,52.05,68.97,0.3775,-1,-1,-1
148,14,969.00,331.13,91.29,341.14,0.7303,-1,-1,-1
148,8,673.65,395.03,75.45,218.79,0.7258,-1,-1,-1
148,6,1140.63,297.42,181.91,491.01,0.8671,-1,-1,-1
148,2,790.00,265.67,184.95,635.52,0.8554,-1,-1,-1
149,20,1055.79,378.42,77.42,229.42,0.6365,-1,-1,-1
149,18,251.59,322.89,182.51,550.11,0.8649,-1,-1,-1
149,15,1707.20,381.84,49.32,64.71,0.3492,-1,-1,-1
149,14,973.31,336.58,86.88,337.78,0.7344,-1,-1,-1
149,8,675.38,401.57,76.29,217.03,0.6009,-1,-1,-1
149,6,1148.24,298.52,178.47,487.84,0.8619,-1,-1,-1
149,2,793.71,266.14,183.89,638.17,0.8616,-1,-1,-1
150,20,1056.61,368.81,76.36,239.78,0.6722,-1,-1,-1
150,18,246.65,318.06,179.37,559.32,0.8501,-1,-1,-1
150,15,1711.38,381.28,51.87,67.26,0.4523,-1,-1,-1
150,14,975.69,340.04,89.33,338.97,0.7367,-1,-1,-1
150,8,673.53,406.26,79.41,215.39,0.6131,-1,-1,-1
150,6,1151.31,300.04,178.57,490.55,0.8644,-1,-1,-1
150,2,793.02,266.50,185.33,637.31,0.8498,-1,-1,-1
151,20,1056.39,369.30,77.16,241.71,0.5983,-1,-1,-1
151,18,233.29,317.49,185.34,568.96,0.8507,-1,-1,-1
151,15,1711.80,379.68,54.44,70.15,0.4878,-1,-1,-1
151,14,981.04,340.74,84.40,342.26,0.7332,-1,-1,-1
151,8,675.40,409.98,77.51,212.84,0.6688,-1,-1,-1
151,6,1152.33,299.37,180.20,501.89,0.8714,-1,-1,-1
151,2,792.43,266.46,188.99,632.93,0.8409,-1,-1,-1
152,20,1054.21,373.08,79.56,236.97,0.6059,-1,-1,-1
152,18,225.49,313.61,188.40,578.09,0.8509,-1,-1,-1
152,15,1715.97,378.56,54.76,71.07,0.5259,-1,-1,-1
152,14,977.97,341.45,86.89,341.27,0.7104,-1,-1,-1
152,8,675.21,409.71,81.21,215.76,0.7133,-1,-1,-1
152,6,1153.33,300.31,181.57,499.32,0.8801,-1,-1,-1
152,2,789.02,265.03,192.82,624.22,0.8417,-1,-1,-1
153,20,1055.55,372.49,79.21,239.07,0.6199,-1,-1,-1
153,18,212.95,311.09,196.12,582.60,0.8585,-1,-1,-1
153,15,1719.76,386.47,49.83,66.07,0.4315,-1,-1,-1
153,14,983.62,341.31,82.44,346.09,0.7248,-1,-1,-1
153,8,675.38,410.07,84.04,219.59,0.7124,-1,-1,-1
153,6,1158.19,302.71,179.40,498.30,0.8824,-1,-1,-1
153,2,782.86,262.58,202.85,617.35,0.8418,-1,-1,-1
154,20,1053.78,374.21,80.77,238.47,0.6567,-1,-1,-1
154,18,201.10,308.95,203.23,588.36,0.8723,-1,-1,-1
154,15,1723.18,385.22,50.63,68.43,0.4097,-1,-1,-1
154,14,980.22,341.17,84.59,344.46,0.7265,-1,-1,-1
154,8,676.02,411.14,86.96,220.90,0.7176,-1,-1,-1
154,6,1158.89,303.02,178.69,496.11,0.8731,-1,-1,-1
154,2,776.33,260.97,211.04,618.25,0.8594,-1,-1,-1
155,20,1053.92,372.59,80.23,238.88,0.7016,-1,-1,-1
155,18,190.78,306.43,208.18,591.96,0.8712,-1,-1,-1
155,15,1720.93,377.55,52.32,73.50,0.3247,-1,-1,-1
155,14,984.01,340.02,80.43,342.28,0.7272,-1,-1,-1
155,8,671.58,406.54,100.08,224.43,0.7297,-1,-1,-1
155,6,1160.63,302.59,177.37,500.11,0.8790,-1,-1,-1
155,2,769.08,258.52,218.22,619.89,0.8684,-1,-1,-1
156,20,1052.33,370.16,80.34,243.18,0.6923,-1,-1,-1
156,18,180.82,301.91,207.18,598.91,0.8714,-1,-1,-1
156,15,1720.38,381.82,53.00,71.53,0.3494,-1,-1,-1
156,14,981.38,339.58,83.63,344.12,0.7022,-1,-1,-1
156,8,672.23,405.01,99.60,226.60,0.7665,-1,-1,-1
156,6,1158.88,306.62,180.46,507.13,0.8774,-1,-1,-1
156,2,764.67,257.48,225.88,623.66,0.8702,-1,-1,-1
157,20,1049.37,370.09,82.65,244.11,0.6787,-1,-1,-1
157,18,170.41,300.73,211.65,604.32,0.8634,-1,-1,-1
157,15,1721.33,380.43,53.58,75.22,0.4142,-1,-1,-1
157,14,971.23,341.16,93.78,346.95,0.6965,-1,-1,-1
157,8,667.37,407.21,99.84,225.80,0.7038,-1,-1,-1
157,6,1155.26,308.14,178.03,508.25,0.8730,-1,-1,-1
157,2,758.94,260.16,231.23,625.97,0.8774,-1,-1,-1
158,20,1044.31,371.10,85.53,243.40,0.7391,-1,-1,-1
158,18,155.87,297.08,214.56,611.31,0.8608,-1,-1,-1
158,15,1716.03,384.03,55.38,69.73,0.4162,-1,-1,-1
158,14,967.04,341.51,90.90,344.30,0.7418,-1,-1,-1
158,8,661.79,405.69,79.14,228.14,0.6732,-1,-1,-1
158,6,1149.75,304.73,177.21,507.41,0.8647,-1,-1,-1
158,2,760.33,257.11,225.33,630.78,0.8731,-1,-1,-1
159,20,1040.30,378.02,85.73,236.55,0.7010,-1,-1,-1
159,18,137.85,294.59,218.15,622.49,0.8558,-1,-1,-1
159,15,1710.04,377.13,59.25,75.68,0.5084,-1,-1,-1
159,14,965.98,341.84,86.31,339.35,0.6546,-1,-1,-1
159,8,658.75,400.93,85.32,230.86,0.6600,-1,-1,-1
159,6,1146.47,306.93,174.95,503.49,0.8761,-1,-1,-1
159,2,766.16,263.12,216.96,628.99,0.8666,-1,-1,-1
160,22,748.73,355.26,70.16,277.92,0.5033,-1,-1,-1
160,20,1037.59,378.83,83.05,234.35,0.6979,-1,-1,-1
160,18,126.93,290.85,221.84,642.23,0.8640,-1,-1,-1
160,15,1706.53,374.27,57.94,78.41,0.3370,-1,-1,-1
160,14,961.67,338.84,91.39,340.08,0.7255,-1,-1,-1
160,8,649.87,401.74,96.15,229.59,0.6724,-1,-1,-1
160,6,1141.60,305.94,173.69,506.90,0.8769,-1,-1,-1
160,2,769.02,265.17,211.18,630.84,0.8642,-1,-1,-1
161,22,735.32,363.19,72.47,273.16,0.4955,-1,-1,-1
161,20,1032.86,385.26,84.98,226.82,0.7512,-1,-1,-1
161,18,112.52,290.61,225.50,659.42,0.8549,-1,-1,-1
161,15,1706.28,372.59,55.66,81.24,0.3376,-1,-1,-1
161,14,955.69,338.65,88.54,341.59,0.6698,-1,-1,-1
161,8,645.82,397.66,91.17,237.00,0.6919,-1,-1,-1
161,6,1138.26,306.20,172.36,506.04,0.8782,-1,-1,-1
161,2,770.99,271.49,209.29,628.17,0.8709,-1,-1,-1
162,22,730.61,360.43,78.52,279.44,0.6036,-1,-1,-1
162,20,1025.73,386.61,83.25,224.80,0.7441,-1,-1,-1
162,18,94.67,283.39,230.46,660.26,0.8687,-1,-1,-1
162,15,1699.92,381.64,56.43,74.20,0.4564,-1,-1,-1
162,14,950.44,335.86,81.65,348.97,0.6473,-1,-1,-1
162,8,637.66,395.17,77.84,239.66,0.7041,-1,-1,-1
162,6,1132.97,298.92,171.52,513.97,0.8733,-1,-1,-1
162,2,774.13,271.50,204.65,626.73,0.8824,-1,-1,-1
163,22,725.78,357.54,76.42,280.97,0.6666,-1,-1,-1
163,20,1020.07,387.27,84.48,224.21,0.6823,-1,-1,-1
163,18,82.25,284.69,221.75,678.84,0.8466,-1,-1,-1
163,15,1694.02,382.34,55.12,74.59,0.4453,-1,-1,-1
163,14,946.65,331.30,85.72,352.51,0.6175,-1,-1,-1
163,8,629.54,394.46,83.30,240.56,0.7249,-1,-1,-1
163,6,1122.38,299.69,176.37,512.26,0.8682,-1,-1,-1
163,2,774.07,270.19,200.43,629.14,0.8929,-1,-1,-1
164,22,713.18,362.72,79.09,278.09,0.6744,-1,-1,-1
164,20,1018.71,390.64,78.49,218.99,0.7023,-1,-1,-1
164,18,55.93,282.60,246.47,697.58,0.8834,-1,-1,-1
164,14,943.24,333.50,82.57,350.07,0.6623,-1,-1,-1
164,8,619.00,392.44,87.32,244.02,0.7237,-1,-1,-1
164,6,1112.82,297.40,183.92,510.08,0.8672,-1,-1,-1
164,2,767.26,267.76,203.80,624.30,0.8909,-1,-1,-1
165,22,707.66,364.09,79.01,277.23,0.7069,-1,-1,-1
165,20,1014.56,391.20,78.55,215.01,0.6871,-1,-1,-1
165,18,37.00,280.35,249.91,716.06,0.8713,-1,-1,-1
165,15,1682.62,377.53,56.42,74.92,0.3299,-1,-1,-1
165,14,942.08,332.90,81.86,346.93,0.6922,-1,-1,-1
165,8,610.05,393.08,85.21,243.82,0.6888,-1,-1,-1
165,6,1106.88,299.25,181.79,505.41,0.8747,-1,-1,-1
165,2,763.77,262.77,198.15,628.04,0.8865,-1,-1,-1
166,22,704.28,365.09,80.05,277.92,0.7309,-1,-1,-1
166,20,1008.62,390.00,79.75,214.07,0.6685,-1,-1,-1
166,18,19.22,278.59,262.21,726.53,0.8876,-1,-1,-1
166,15,1677.99,375.44,53.65,75.34,0.3933,-1,-1,-1
166,14,932.99,325.79,85.36,353.06,0.6957,-1,-1,-1
166,8,605.66,391.08,88.90,246.83,0.7174,-1,-1,-1
166,6,1100.28,297.21,186.34,500.59,0.8768,-1,-1,-1
166,2,766.16,258.65,194.69,631.68,0.8856,-1,-1,-1
167,22,697.63,361.69,87.82,282.32,0.7083,-1,-1,-1
167,20,1008.86,397.84,77.22,207.93,0.5622,-1,-1,-1
167,18,5.64,273.69,255.51,737.37,0.8650,-1,-1,-1
167,15,1679.28,374.61,55.20,74.47,0.3863,-1,-1,-1
167,14,934.12,325.06,83.96,349.49,0.6918,-1,-1,-1
167,8,601.13,389.75,86.49,248.97,0.7259,-1,-1,-1
167,6,1093.99,291.94,192.17,505.84,0.8659,-1,-1,-1
167,2,767.14,256.05,192.65,631.02,0.8746,-1,-1,-1
168,22,682.50,356.77,97.80,287.31,0.7777,-1,-1,-1
168,20,1007.66,374.77,77.99,234.17,0.6034,-1,-1,-1
168,18,0.53,263.88,256.92,752.07,0.8876,-1,-1,-1
168,15,1672.63,371.21,60.37,78.51,0.3809,-1,-1,-1
168,14,930.38,329.68,86.54,348.76,0.6991,-1,-1,-1
168,8,596.63,389.54,88.23,248.78,0.6911,-1,-1,-1
168,6,1090.88,291.61,191.48,504.06,0.8647,-1,-1,-1
168,2,774.00,253.34,184.53,619.42,0.8656,-1,-1,-1
169,22,680.31,356.10,96.27,281.55,0.7693,-1,-1,-1
169,20,1004.11,374.94,80.63,228.91,0.6366,-1,-1,-1
169,18,0.08,256.77,241.47,763.87,0.9024,-1,-1,-1
169,15,1672.84,370.87,58.07,77.78,0.4163,-1,-1,-1
169,14,930.52,329.39,82.73,342.27,0.6958,-1,-1,-1
169,8,590.76,387.36,91.21,252.25,0.7353,-1,-1,-1
169,6,1086.88,291.48,193.84,502.59,0.8698,-1,-1,-1
169,2,777.62,248.87,184.03,611.44,0.8632,-1,-1,-1
170,22,672.51,352.22,104.55,288.23,0.7918,-1,-1,-1
170,20,1004.22,371.10,80.83,232.69,0.6332,-1,-1,-1
170,18,0.00,250.33,228.91,776.85,0.9022,-1,-1,-1
170,15,1676.67,368.87,52.18,77.23,0.3145,-1,-1,-1
170,14,928.15,329.65,81.55,342.63,0.6886,-1,-1,-1
170,8,588.95,386.80,80.92,251.29,0.6201,-1,-1,-1
170,6,1081.19,290.89,198.53,506.06,0.8706,-1,-1,-1
170,2,778.65,247.90,181.01,610.45,0.8545,-1,-1,-1
171,22,664.04,352.45,112.62,292.70,0.8041,-1,-1,-1
171,20,1005.92,366.55,77.16,230.59,0.6707,-1,-1,-1
171,18,0.01,245.72,217.68,789.82,0.9018,-1,-1,-1
171,14,927.63,328.52,83.57,348.21,0.7115,-1,-1,-1
171,8,580.95,382.03,90.71,260.23,0.6402,-1,-1,-1
171,6,1078.88,290.61,201.06,510.05,0.8685,-1,-1,-1
171,2,777.54,245.97,180.30,614.38,0.8563,-1,-1,-1
172,22,659.12,350.65,117.60,295.89,0.8317,-1,-1,-1
172,20,1002.23,367.14,78.63,229.78,0.6558,-1,-1,-1
172,18,0.00,240.95,204.60,799.67,0.8958,-1,-1,-1
172,14,928.31,338.86,80.47,332.53,0.6798,-1,-1,-1
172,8,573.46,384.73,99.43,260.96,0.6855,-1,-1,-1
172,6,1075.54,290.23,204.35,509.30,0.8735,-1,-1,-1
172,2,775.34,247.36,184.23,618.96,0.8505,-1,-1,-1
173,22,656.75,347.57,122.89,299.20,0.8321,-1,-1,-1
173,20,1002.39,372.99,78.60,220.68,0.6627,-1,-1,-1
173,18,0.00,235.82,194.35,816.51,0.8878,-1,-1,-1
173,15,1674.80,363.89,53.15,76.46,0.4416,-1,-1,-1
173,14,926.72,336.47,78.03,335.46,0.6678,-1,-1,-1
173,8,565.45,385.95,103.30,261.33,0.7057,-1,-1,-1
173,6,1074.40,288.92,202.85,511.53,0.8676,-1,-1,-1
173,2,777.29,245.37,180.19,621.73,0.8552,-1,-1,-1
174,22,655.48,345.39,125.58,301.28,0.8182,-1,-1,-1
174,20,1002.93,367.40,76.75,228.45,0.6675,-1,-1,-1
174,18,0.07,231.94,186.83,828.15,0.8844,-1,-1,-1
174,15,1676.08,362.75,54.52,75.20,0.4160,-1,-1,-1
174,14,928.19,335.29,77.66,337.03,0.6463,-1,-1,-1
174,8,562.65,380.15,94.79,270.33,0.6958,-1,-1,-1
174,6,1076.91,288.83,204.51,516.18,0.8719,-1,-1,-1
174,2,775.93,246.25,182.80,623.31,0.8592,-1,-1,-1
175,22,653.82,345.06,128.71,304.11,0.8186,-1,-1,-1
175,20,1004.06,367.74,76.26,231.03,0.6663,-1,-1,-1
175,18,0.16,226.50,179.01,836.97,0.8854,-1,-1,-1
175,15,1679.98,363.19,56.69,75.95,0.4673,-1,-1,-1
175,14,930.25,329.19,77.97,343.19,0.6395,-1,-1,-1
175,8,559.89,379.18,95.92,272.98,0.6820,-1,-1,-1
175,6,1080.53,289.00,203.78,520.37,0.8729,-1,-1,-1
175,2,780.12,247.57,178.32,628.25,0.8637,-1,-1,-1
176,22,654.39,345.39,126.84,310.70,0.8107,-1,-1,-1
176,20,1008.38,365.72,74.64,231.92,0.6799,-1,-1,-1
176,18,0.15,226.94,172.62,844.08,0.8836,-1,-1,-1
176,15,1686.49,364.42,49.65,71.30,0.3565,-1,-1,-1
176,14,932.90,325.16,74.34,347.78,0.6373,-1,-1,-1
176,8,555.34,378.56,100.86,276.48,0.7237,-1,-1,-1
176,6,1084.19,289.78,203.02,520.13,0.8721,-1,-1,-1
176,2,785.18,254.34,175.66,628.36,0.8478,-1,-1,-1
177,22,654.35,346.01,127.12,311.20,0.8152,-1,-1,-1
177,20,1009.18,368.37,75.04,228.85,0.6887,-1,-1,-1
177,18,0.30,225.17,162.25,850.61,0.8760,-1,-1,-1
177,15,1683.69,358.74,58.69,74.91,0.3952,-1,-1,-1
177,14,935.05,323.87,64.27,349.45,0.5903,-1,-1,-1
177,8,554.29,380.00,101.98,274.35,0.7126,-1,-1,-1
177,6,1087.06,290.81,202.49,517.31,0.8748,-1,-1,-1
177,2,786.75,258.59,176.61,626.71,0.8483,-1,-1,-1
178,22,653.84,348.77,133.04,314.39,0.8253,-1,-1,-1
178,20,1014.38,371.09,74.41,228.39,0.6444,-1,-1,-1
178,18,0.32,222.35,155.22,853.95,0.8740,-1,-1,-1
178,15,1690.88,360.01,57.08,75.08,0.3317,-1,-1,-1
178,14,940.85,328.50,57.53,352.55,0.4079,-1,-1,-1
178,8,554.70,379.75,100.14,277.34,0.7328,-1,-1,-1
178,6,1090.92,290.18,205.85,524.33,0.8788,-1,-1,-1
178,2,790.30,262.54,177.80,625.36,0.8574,-1,-1,-1
179,22,651.03,349.84,140.76,314.58,0.8254,-1,-1,-1
179,20,1015.73,375.27,75.24,222.24,0.6751,-1,-1,-1
179,18,0.53,227.42,143.74,849.16,0.8739,-1,-1,-1
179,15,1685.95,356.51,69.77,80.04,0.4426,-1,-1,-1
179,14,931.02,300.50,72.94,372.90,0.5756,-1,-1,-1
179,8,553.28,379.62,102.23,279.98,0.7101,-1,-1,-1
179,6,1099.41,287.54,200.89,527.41,0.8803,-1,-1,-1
179,2,792.17,263.54,177.25,624.19,0.8564,-1,-1,-1
180,22,653.69,351.39,134.99,315.47,0.7987,-1,-1,-1
180,20,1018.95,384.64,74.14,214.97,0.6105,-1,-1,-1
180,18,0.63,231.42,133.50,846.11,0.8652,-1,-1,-1
180,15,1696.81,358.15,65.22,76.36,0.4638,-1,-1,-1
180,14,944.18,321.37,57.87,352.67,0.3246,-1,-1,-1
180,8,553.07,378.76,104.52,283.92,0.7641,-1,-1,-1
180,6,1104.46,290.68,201.77,523.05,0.8717,-1,-1,-1
180,2,795.63,267.09,180.72,616.47,0.8630,-1,-1,-1
181,22,654.42,351.27,137.47,320.60,0.8163,-1,-1,-1
181,20,1019.03,370.97,77.48,228.75,0.6325,-1,-1,-1
181,18,0.54,261.48,127.29,816.05,0.8625,-1,-1,-1
181,15,1713.16,355.56,51.61,77.23,0.4132,-1,-1,-1
181,14,942.58,311.37,60.08,360.05,0.3641,-1,-1,-1
181,8,554.32,382.49,103.26,283.25,0.7259,-1,-1,-1
181,6,1114.27,284.60,196.57,527.59,0.8748,-1,-1,-1
181,2,796.37,265.67,183.85,618.32,0.8678,-1,-1,-1
182,22,654.58,351.42,137.27,323.63,0.8205,-1,-1,-1
182,20,1022.15,378.39,80.51,219.88,0.7335,-1,-1,-1
182,18,0.42,288.59,118.25,789.70,0.8565,-1,-1,-1
182,15,1713.88,355.29,59.53,77.43,0.5690,-1,-1,-1
182,14,944.55,313.82,63.63,360.61,0.4416,-1,-1,-1
182,8,555.26,383.38,107.08,286.62,0.7499,-1,-1,-1
182,6,1120.93,286.13,196.58,526.35,0.8726,-1,-1,-1
182,2,796.50,264.95,185.05,617.53,0.8722,-1,-1,-1
183,22,654.64,348.81,143.70,324.73,0.8300,-1,-1,-1
183,20,1024.81,384.73,80.42,214.74,0.6706,-1,-1,-1
183,18,0.74,313.49,105.27,763.48,0.8433,-1,-1,-1
183,15,1715.42,353.73,60.70,78.16,0.4129,-1,-1,-1
183,14,947.26,314.94,64.52,354.59,0.3319,-1,-1,-1
183,8,555.03,387.01,107.36,286.33,0.7397,-1,-1,-1
183,6,1131.93,282.44,191.18,519.00,0.8705,-1,-1,-1
183,2,799.41,263.17,191.91,610.28,0.8732,-1,-1,-1
184,22,660.63,347.39,143.98,327.57,0.8309,-1,-1,-1
184,20,1031.36,381.17,80.86,222.53,0.6438,-1,-1,-1
184,18,0.56,383.87,93.12,692.04,0.8429,-1,-1,-1
184,15,1726.86,353.76,61.03,77.56,0.4384,-1,-1,-1
184,14,951.23,305.43,67.44,370.22,0.4225,-1,-1,-1
184,8,555.60,389.73,110.79,283.38,0.7550,-1,-1,-1
184,6,1133.57,282.58,193.02,515.12,0.8755,-1,-1,-1
184,2,801.97,264.87,193.22,596.76,0.8759,-1,-1,-1
185,22,670.11,328.60,136.78,350.33,0.8513,-1,-1,-1
185,20,1037.39,384.78,76.88,216.82,0.6756,-1,-1,-1
185,18,0.47,390.44,85.55,685.07,0.8066,-1,-1,-1
185,15,1727.44,350.52,64.93,79.82,0.4079,-1,-1,-1
185,14,958.11,313.05,70.62,362.58,0.6058,-1,-1,-1
185,8,557.61,390.75,116.70,285.57,0.7165,-1,-1,-1
185,6,1139.91,283.36,192.54,512.10,0.8707,-1,-1,-1
185,2,802.00,261.99,194.43,598.58,0.8585,-1,-1,-1
186,22,669.80,324.42,138.51,357.06,0.8471,-1,-1,-1
186,20,1037.30,383.63,82.71,218.57,0.6856,-1,-1,-1
186,18,0.48,396.93,84.40,678.79,0.7608,-1,-1,-1
186,15,1738.95,352.30,61.87,78.69,0.4772,-1,-1,-1
186,14,962.54,319.05,66.81,358.25,0.5453,-1,-1,-1
186,8,558.23,390.80,119.14,287.98,0.7527,-1,-1,-1
186,6,1149.92,284.73,185.42,514.60,0.8792,-1,-1,-1
186,2,803.83,257.18,192.87,605.79,0.8641,-1,-1,-1
187,22,671.10,328.67,138.16,350.88,0.8511,-1,-1,-1
187,20,1042.73,377.76,79.69,221.13,0.7038,-1,-1,-1
187,18,0.00,416.79,61.06,657.70,0.4279,-1,-1,-1
187,15,1755.84,354.38,54.72,76.28,0.3293,-1,-1,-1
187,14,971.23,349.18,59.18,327.35,0.3711,-1,-1,-1
187,8,557.77,385.43,124.43,294.80,0.7652,-1,-1,-1
187,6,1153.85,279.39,189.61,521.73,0.8826,-1,-1,-1
187,2,805.96,253.57,195.17,605.00,0.8674,-1,-1,-1
188,22,668.80,325.67,139.05,352.10,0.8549,-1,-1,-1
188,20,1037.14,376.60,85.43,223.85,0.7109,-1,-1,-1
188,15,1762.53,354.28,50.28,73.16,0.4171,-1,-1,-1
188,8,557.02,385.16,125.78,294.13,0.7757,-1,-1,-1
188,6,1154.80,279.07,189.68,520.61,0.8860,-1,-1,-1
188,2,800.63,252.41,203.55,607.58,0.8690,-1,-1,-1
189,22,666.73,325.07,141.79,355.49,0.8495,-1,-1,-1
189,20,1037.45,375.06,85.40,224.31,0.7259,-1,-1,-1
189,15,1760.31,351.61,57.21,75.07,0.4733,-1,-1,-1
189,8,554.04,381.47,131.20,298.73,0.7088,-1,-1,-1
189,6,1159.89,275.91,182.22,523.93,0.8822,-1,-1,-1
189,2,798.96,252.84,203.93,611.11,0.8673,-1,-1,-1
190,22,672.01,323.04,136.25,360.07,0.8446,-1,-1,-1
190,20,1031.62,376.28,91.50,221.32,0.7129,-1,-1,-1
190,15,1756.92,353.14,61.97,76.87,0.4658,-1,-1,-1
190,8,547.92,379.76,141.31,301.84,0.7273,-1,-1,-1
190,6,1159.86,275.32,185.68,527.36,0.8806,-1,-1,-1
190,2,803.60,251.49,199.60,613.89,0.8584,-1,-1,-1
191,22,671.48,324.80,135.56,361.16,0.8073,-1,-1,-1
191,20,1034.14,373.90,89.71,226.05,0.6989,-1,-1,-1
191,15,1758.66,355.21,60.62,78.97,0.4879,-1,-1,-1
191,14,978.08,328.08,56.48,355.60,0.3142,-1,-1,-1
191,8,546.04,378.07,136.57,305.86,0.6629,-1,-1,-1
191,6,1161.26,278.44,185.69,529.24,0.8796,-1,-1,-1
191,2,805.42,253.18,197.82,618.73,0.8553,-1,-1,-1
192,22,666.38,325.70,140.22,361.48,0.8327,-1,-1,-1
192,20,1031.92,378.77,89.70,222.54,0.7029,-1,-1,-1
192,15,1757.05,360.57,63.82,77.36,0.4314,-1,-1,-1
192,8,541.18,377.60,100.99,307.25,0.7031,-1,-1,-1
192,6,1160.40,285.77,183.73,527.86,0.8861,-1,-1,-1
192,2,811.58,260.78,191.50,618.17,0.8579,-1,-1,-1
193,22,657.04,330.90,148.83,359.79,0.7862,-1,-1,-1
193,20,1030.55,376.04,88.96,227.42,0.6982,-1,-1,-1
193,15,1754.23,361.05,69.60,77.43,0.4426,-1,-1,-1
193,8,535.64,377.13,130.99,308.62,0.6637,-1,-1,-1
193,6,1160.30,285.20,179.31,531.16,0.8836,-1,-1,-1
193,2,810.07,264.84,194.48,617.36,0.8681,-1,-1,-1
194,22,656.24,332.31,145.82,365.26,0.8255,-1,-1,-1
194,20,1034.89,378.37,84.75,227.22,0.7260,-1,-1,-1
194,15,1756.31,362.69,67.87,80.15,0.4234,-1,-1,-1
194,8,530.63,377.63,132.80,313.35,0.7530,-1,-1,-1
194,6,1158.82,288.13,177.57,534.91,0.8792,-1,-1,-1
194,2,806.42,268.58,198.58,613.67,0.8654,-1,-1,-1
195,22,645.34,337.67,153.12,367.30,0.8444,-1,-1,-1
195,20,1026.48,381.21,90.61,225.16,0.7374,-1,-1,-1
195,15,1757.68,367.67,64.86,79.49,0.5028,-1,-1,-1
195,8,521.46,380.75,112.67,316.51,0.7483,-1,-1,-1
195,6,1155.07,291.43,175.83,534.23,0.8688,-1,-1,-1
195,2,802.14,274.61,205.60,609.58,0.8796,-1,-1,-1
196,22,643.92,342.91,151.16,365.48,0.8285,-1,-1,-1
196,20,1021.12,384.14,93.28,223.02,0.7186,-1,-1,-1
196,15,1761.42,369.37,59.03,79.06,0.3740,-1,-1,-1
196,8,514.72,379.75,115.28,323.61,0.7627,-1,-1,-1
196,6,1148.62,294.64,176.46,536.94,0.8562,-1,-1,-1
196,2,798.30,270.62,206.75,615.66,0.8865,-1,-1,-1
197,22,634.07,342.37,154.02,369.85,0.8226,-1,-1,-1
197,20,1018.62,388.53,93.25,221.64,0.7606,-1,-1,-1
197,15,1758.21,376.74,61.59,72.60,0.3221,-1,-1,-1
197,8,506.59,383.47,114.92,323.74,0.7714,-1,-1,-1
197,6,1144.33,294.99,173.92,536.31,0.8556,-1,-1,-1
197,2,796.20,271.34,208.95,615.25,0.8946,-1,-1,-1
198,22,619.12,343.53,159.27,375.72,0.8376,-1,-1,-1
198,20,1015.42,391.17,91.67,220.70,0.7204,-1,-1,-1
198,8,495.16,385.86,118.90,330.98,0.7919,-1,-1,-1
198,6,1137.85,297.27,177.94,526.29,0.8549,-1,-1,-1
198,2,797.85,273.06,207.34,615.84,0.8890,-1,-1,-1
199,22,604.21,348.51,164.82,383.33,0.8336,-1,-1,-1
199,20,1010.03,398.06,91.21,214.44,0.7434,-1,-1,-1
199,8,488.38,388.82,122.33,332.43,0.8202,-1,-1,-1
199,6,1133.17,297.91,180.36,544.46,0.8627,-1,-1,-1
199,2,806.59,276.46,195.52,593.36,0.8820,-1,-1,-1
200,22,609.21,349.43,150.87,383.61,0.8438,-1,-1,-1
200,20,1009.66,406.99,87.47,208.56,0.6664,-1,-1,-1
200,15,1734.49,381.07,72.24,80.04,0.5505,-1,-1,-1
200,8,478.48,393.77,132.44,336.00,0.7002,-1,-1,-1
200,6,1124.95,299.65,183.81,541.66,0.8619,-1,-1,-1
200,2,801.06,281.33,201.39,584.56,0.8845,-1,-1,-1
201,22,581.54,347.27,166.32,383.66,0.7975,-1,-1,-1
201,20,1009.29,393.43,81.09,223.77,0.7350,-1,-1,-1
201,15,1732.07,384.55,72.68,79.14,0.4134,-1,-1,-1
201,8,467.42,396.23,115.23,333.66,0.7716,-1,-1,-1
201,6,1116.21,304.33,188.29,529.70,0.8699,-1,-1,-1
201,2,801.20,281.14,195.05,588.69,0.8868,-1,-1,-1
202,22,584.85,346.03,152.93,389.82,0.8090,-1,-1,-1
202,20,1005.86,405.73,79.71,213.92,0.6839,-1,-1,-1
202,15,1725.47,383.68,75.48,81.93,0.4240,-1,-1,-1
202,8,457.54,400.00,129.90,334.28,0.8075,-1,-1,-1
202,6,1110.67,304.20,190.47,531.57,0.8721,-1,-1,-1
202,2,796.22,281.23,194.20,593.68,0.8919,-1,-1,-1
203,27,761.22,397.52,63.90,241.61,0.4422,-1,-1,-1
203,22,578.69,344.03,155.91,397.48,0.8280,-1,-1,-1
203,20,1001.10,409.08,82.10,215.09,0.7236,-1,-1,-1
203,15,1728.94,384.41,67.66,82.42,0.4239,-1,-1,-1
203,8,443.58,396.31,107.97,345.48,0.6158,-1,-1,-1
203,6,1106.45,304.49,193.26,531.86,0.8731,-1,-1,-1
203,2,800.15,281.95,186.62,595.84,0.8817,-1,-1,-1
204,27,758.41,400.21,68.42,240.69,0.6658,-1,-1,-1
204,22,572.83,344.47,156.45,397.28,0.8171,-1,-1,-1
204,20,1004.33,413.12,77.14,217.21,0.7367,-1,-1,-1
204,15,1730.64,384.99,64.27,81.78,0.3563,-1,-1,-1
204,8,434.38,398.92,143.11,346.56,0.7255,-1,-1,-1
204,6,1104.28,303.45,191.34,530.68,0.8712,-1,-1,-1
204,2,807.67,284.99,175.85,596.77,0.8649,-1,-1,-1
205,27,758.86,397.07,68.39,245.17,0.6578,-1,-1,-1
205,22,564.56,343.46,152.42,399.99,0.8010,-1,-1,-1
205,20,1002.58,413.96,76.34,214.35,0.7010,-1,-1,-1
205,15,1722.42,382.44,70.48,84.67,0.4830,-1,-1,-1
205,8,425.21,399.04,146.05,348.74,0.7800,-1,-1,-1
205,6,1102.99,303.67,192.89,529.46,0.8741,-1,-1,-1
205,2,807.84,286.35,174.50,598.40,0.8644,-1,-1,-1
206,27,756.00,396.43,69.41,249.36,0.6906,-1,-1,-1
206,22,558.91,342.51,155.63,405.02,0.8320,-1,-1,-1
206,20,999.79,415.61,79.02,210.95,0.6888,-1,-1,-1
206,15,1730.82,381.98,62.16,84.23,0.4236,-1,-1,-1
206,8,418.53,396.67,150.66,352.79,0.7962,-1,-1,-1
206,6,1099.61,307.22,199.68,531.71,0.8667,-1,-1,-1
206,2,808.13,287.93,172.54,599.96,0.8670,-1,-1,-1
207,27,753.58,396.00,71.84,248.47,0.6905,-1,-1,-1
207,22,551.32,344.27,161.99,406.57,0.8532,-1,-1,-1
207,20,1000.04,413.99,78.20,214.67,0.6986,-1,-1,-1
207,15,1735.64,382.28,57.89,84.04,0.3862,-1,-1,-1
207,8,412.33,394.98,148.14,356.44,0.8315,-1,-1,-1
207,6,1096.03,307.84,204.59,533.94,0.8681,-1,-1,-1
207,2,808.31,289.33,171.12,598.53,0.8645,-1,-1,-1
208,27,753.76,393.74,71.48,250.57,0.6877,-1,-1,-1
208,22,546.13,335.31,161.61,414.73,0.8587,-1,-1,-1
208,20,1003.27,409.08,75.07,211.76,0.7247,-1,-1,-1
208,15,1741.66,383.73,52.90,82.07,0.3024,-1,-1,-1
208,8,404.39,394.74,143.45,358.13,0.8411,-1,-1,-1
208,6,1094.17,304.03,207.96,540.31,0.8680,-1,-1,-1
208,2,809.06,290.02,169.19,598.05,0.8560,-1,-1,-1
209,27,754.61,394.25,67.33,251.85,0.6307,-1,-1,-1
209,22,536.75,335.41,174.32,420.65,0.8638,-1,-1,-1
209,20,1002.22,402.75,76.08,217.45,0.7160,-1,-1,-1
209,15,1746.39,383.66,50.70,80.19,0.3860,-1,-1,-1
209,8,399.55,391.04,147.50,362.56,0.8272,-1,-1,-1
209,6,1095.17,305.16,209.34,542.08,0.8675,-1,-1,-1
209,2,807.52,291.50,170.03,598.30,0.8554,-1,-1,-1
210,27,748.05,392.88,71.89,254.94,0.6420,-1,-1,-1
210,22,532.05,339.99,177.62,422.38,0.8501,-1,-1,-1
210,20,1001.76,404.00,78.05,216.59,0.5573,-1,-1,-1
210,15,1724.17,382.67,72.07,84.61,0.4027,-1,-1,-1
210,8,392.34,389.21,146.84,365.99,0.8246,-1,-1,-1
210,6,1096.41,308.91,210.79,539.79,0.8719,-1,-1,-1
210,2,804.44,294.90,173.13,597.38,0.8648,-1,-1,-1
211,27,745.41,394.25,72.08,258.02,0.6483,-1,-1,-1
211,22,519.80,328.38,186.72,443.00,0.8324,-1,-1,-1
211,20,1004.16,419.92,73.64,200.85,0.5491,-1,-1,-1
211,15,1747.58,382.34,50.38,83.12,0.4628,-1,-1,-1
211,8,384.58,389.37,147.87,367.07,0.8250,-1,-1,-1
211,6,1096.98,310.20,210.30,545.27,0.8726,-1,-1,-1
211,2,803.28,293.85,175.03,601.28,0.8701,-1,-1,-1
212,27,742.32,395.41,75.05,258.85,0.6523,-1,-1,-1
212,22,503.27,331.12,200.73,448.82,0.8214,-1,-1,-1
212,20,999.05,404.07,79.26,219.65,0.6687,-1,-1,-1
212,8,376.86,389.46,143.35,376.55,0.8260,-1,-1,-1
212,6,1095.61,315.05,213.58,540.55,0.8651,-1,-1,-1
212,2,796.92,291.92,184.18,600.50,0.8608,-1,-1,-1
213,27,740.11,396.83,69.99,263.48,0.6698,-1,-1,-1
213,22,507.77,341.21,191.84,443.00,0.8368,-1,-1,-1
213,20,995.59,402.23,82.25,222.68,0.7168,-1,-1,-1
213,8,368.24,390.86,150.88,387.35,0.8420,-1,-1,-1
213,6,1095.53,310.84,212.56,546.80,0.8610,-1,-1,-1
213,2,793.37,293.44,183.34,600.25,0.8643,-1,-1,-1
214,27,739.01,403.45,69.07,259.51,0.6716,-1,-1,-1
214,22,505.92,344.40,191.22,448.01,0.8454,-1,-1,-1
214,20,995.09,411.64,83.67,218.92,0.7440,-1,-1,-1
214,8,364.54,397.64,150.64,391.24,0.8434,-1,-1,-1
214,6,1096.51,319.37,212.77,545.04,0.8704,-1,-1,-1
214,2,790.89,299.25,184.91,589.26,0.8605,-1,-1,-1
215,27,738.50,401.25,68.12,259.88,0.6939,-1,-1,-1
215,22,503.52,341.38,193.61,455.97,0.8642,-1,-1,-1
215,20,994.50,406.37,86.21,222.84,0.7162,-1,-1,-1
215,15,1749.61,393.82,54.75,75.96,0.3458,-1,-1,-1
215,8,360.39,396.79,150.10,396.86,0.8482,-1,-1,-1
215,6,1101.60,312.78,208.89,555.86,0.8721,-1,-1,-1
215,2,788.10,293.28,188.76,582.25,0.8647,-1,-1,-1
216,27,741.28,400.48,67.13,258.81,0.6173,-1,-1,-1
216,22,501.38,336.86,192.03,467.45,0.8712,-1,-1,-1
216,20,1004.21,414.27,79.35,215.38,0.7528,-1,-1,-1
216,15,1763.42,397.21,49.36,76.18,0.3596,-1,-1,-1
216,8,357.99,397.07,149.65,402.61,0.8468,-1,-1,-1
216,6,1112.42,310.26,199.84,559.99,0.8832,-1,-1,-1
216,2,786.06,291.37,192.92,588.46,0.8661,-1,-1,-1
217,27,743.21,398.20,67.71,267.85,0.6353,-1,-1,-1
217,22,501.41,333.19,191.45,474.75,0.8698,-1,-1,-1
217,20,1007.44,417.84,80.89,213.55,0.7733,-1,-1,-1
217,15,1769.63,393.64,45.52,78.78,0.3736,-1,-1,-1
217,8,356.39,397.84,149.45,401.83,0.8455,-1,-1,-1
217,6,1116.69,308.70,201.42,559.54,0.8829,-1,-1,-1
217,2,785.93,290.28,194.97,589.55,0.8724,-1,-1,-1
218,28,663.50,400.37,54.93,197.96,0.4525,-1,-1,-1
218,27,748.12,397.19,65.11,270.88,0.6781,-1,-1,-1
218,22,503.77,325.59,188.03,485.60,0.8720,-1,-1,-1
218,20,1011.23,424.47,79.87,206.81,0.7528,-1,-1,-1
218,8,354.08,397.17,157.98,409.69,0.8515,-1,-1,-1
218,6,1125.29,313.02,195.99,551.14,0.8742,-1,-1,-1
218,2,790.85,289.91,194.05,592.31,0.8777,-1,-1,-1
219,28,666.39,407.64,56.18,183.25,0.3872,-1,-1,-1
219,27,750.34,398.02,67.03,273.16,0.6841,-1,-1,-1
219,22,507.57,323.73,188.38,488.34,0.8773,-1,-1,-1
219,20,1016.38,419.41,81.65,217.52,0.7159,-1,-1,-1
219,15,1783.63,395.00,51.36,81.91,0.3228,-1,-1,-1
219,8,353.28,396.74,166.09,414.73,0.8510,-1,-1,-1
219,6,1131.55,313.61,196.34,546.13,0.8746,-1,-1,-1
219,2,795.21,290.86,194.94,592.72,0.8762,-1,-1,-1
220,28,665.11,404.79,60.72,179.09,0.5582,-1,-1,-1
220,27,750.25,398.76,72.58,272.60,0.6722,-1,-1,-1
220,22,510.41,322.79,187.95,491.16,0.8668,-1,-1,-1
220,20,1020.39,419.22,81.22,216.84,0.7220,-1,-1,-1
220,15,1793.59,394.03,48.88,81.92,0.4108,-1,-1,-1
220,8,353.48,395.01,168.06,416.88,0.8581,-1,-1,-1
220,6,1136.53,314.39,196.84,545.33,0.8721,-1,-1,-1
220,2,794.13,296.20,198.27,593.23,0.8704,-1,-1,-1
221,28,664.96,404.25,65.07,185.51,0.5404,-1,-1,-1
221,27,753.77,396.46,75.60,277.04,0.7016,-1,-1,-1
221,22,510.68,318.19,188.23,496.99,0.8653,-1,-1,-1
221,20,1026.05,423.22,80.74,214.33,0.7112,-1,-1,-1
221,15,1797.96,394.48,53.29,85.95,0.4935,-1,-1,-1
221,8,352.15,389.49,171.30,423.83,0.8507,-1,-1,-1
221,6,1145.73,314.76,199.43,545.64,0.8733,-1,-1,-1
221,2,802.13,298.36,199.16,596.00,0.8588,-1,-1,-1
222,29,1428.06,502.27,163.13,355.57,0.3899,-1,-1,-1
222,28,667.65,406.67,69.01,188.46,0.5041,-1,-1,-1
222,27,757.08,397.12,78.14,277.87,0.7172,-1,-1,-1
222,22,511.28,315.38,189.01,502.96,0.8747,-1,-1,-1
222,20,1023.05,423.58,88.18,216.90,0.7122,-1,-1,-1
222,15,1812.43,399.82,49.41,80.50,0.4911,-1,-1,-1
222,8,350.94,386.43,172.69,428.33,0.8545,-1,-1,-1
222,6,1155.70,318.49,192.71,545.72,0.8892,-1,-1,-1
222,2,807.96,300.22,195.68,598.54,0.8566,-1,-1,-1
223,29,1432.15,529.14,155.70,328.87,0.3556,-1,-1,-1
223,28,668.84,406.90,70.26,190.82,0.5440,-1,-1,-1
223,27,759.69,395.73,79.72,279.38,0.7202,-1,-1,-1
223,22,511.17,312.67,192.20,501.68,0.8739,-1,-1,-1
223,20,1035.14,420.42,77.81,219.66,0.7051,-1,-1,-1
223,15,1815.84,395.76,53.31,86.04,0.4958,-1,-1,-1
223,8,347.87,385.61,175.61,430.18,0.8504,-1,-1,-1
223,6,1163.28,317.43,190.21,548.12,0.8806,-1,-1,-1
223,2,817.62,302.96,191.69,596.13,0.8708,-1,-1,-1
224,29,1444.72,532.56,144.67,324.89,0.4133,-1,-1,-1
224,28,671.45,406.24,69.52,196.22,0.4122,-1,-1,-1
224,27,760.59,392.69,83.21,286.03,0.8185,-1,-1,-1
224,22,508.89,304.78,196.56,513.80,0.8765,-1,-1,-1
224,20,1038.44,418.50,80.81,219.18,0.7568,-1,-1,-1
224,15,1821.96,394.37,57.29,88.62,0.4425,-1,-1,-1
224,8,347.48,384.98,173.34,430.95,0.8485,-1,-1,-1
224,6,1169.09,311.28,189.18,556.30,0.8861,-1,-1,-1
224,2,823.13,305.30,193.76,593.32,0.8797,-1,-1,-1
225,28,672.68,404.20,68.80,202.19,0.5329,-1,-1,-1
225,27,760.31,393.33,89.06,286.50,0.8125,-1,-1,-1
225,22,506.70,300.18,201.47,526.03,0.8707,-1,-1,-1
225,20,1038.82,421.12,81.95,215.48,0.7665,-1,-1,-1
225,15,1834.97,398.44,53.34,83.13,0.4401,-1,-1,-1
225,8,347.82,384.37,167.63,434.76,0.8530,-1,-1,-1
225,6,1175.97,313.86,188.97,555.10,0.8826,-1,-1,-1
225,2,826.65,303.88,200.39,593.63,0.8805,-1,-1,-1
226,28,672.14,405.42,72.03,215.04,0.6472,-1,-1,-1
226,27,759.77,393.89,95.05,287.64,0.7940,-1,-1,-1
226,22,498.65,300.69,208.57,533.32,0.8716,-1,-1,-1
226,20,1038.31,422.90,82.90,212.81,0.7551,-1,-1,-1
226,15,1835.14,394.87,59.91,87.54,0.6333,-1,-1,-1
226,8,340.48,381.82,170.45,438.14,0.8617,-1,-1,-1
226,6,1179.27,313.52,187.31,558.11,0.8712,-1,-1,-1
226,2,837.33,301.72,195.30,586.87,0.8722,-1,-1,-1
227,28,671.76,403.13,73.27,218.12,0.6699,-1,-1,-1
227,27,754.71,393.59,101.92,290.28,0.7859,-1,-1,-1
227,22,492.19,296.27,212.83,546.97,0.8763,-1,-1,-1
227,20,1041.10,427.02,85.96,207.69,0.7622,-1,-1,-1
227,15,1837.75,398.29,64.73,85.23,0.4282,-1,-1,-1
227,8,333.96,378.64,171.08,449.35,0.8501,-1,-1,-1
227,6,1182.45,314.76,188.58,558.32,0.8638,-1,-1,-1
227,2,837.80,301.30,197.44,578.67,0.8734,-1,-1,-1
228,28,666.98,400.66,78.99,226.77,0.6484,-1,-1,-1
228,27,754.53,393.24,104.97,293.21,0.7976,-1,-1,-1
228,22,472.08,291.70,231.99,554.13,0.8746,-1,-1,-1
228,20,1043.26,419.80,85.52,214.31,0.7658,-1,-1,-1
228,15,1840.89,397.86,66.39,85.15,0.3610,-1,-1,-1
228,8,330.43,371.38,162.25,464.11,0.8496,-1,-1,-1
228,6,1184.36,315.47,187.28,564.09,0.8641,-1,-1,-1
228,2,841.16,298.47,195.22,597.88,0.8665,-1,-1,-1
229,28,663.00,401.09,81.07,226.55,0.6377,-1,-1,-1
229,27,754.66,393.79,103.07,296.21,0.8026,-1,-1,-1
229,22,471.54,291.03,227.07,554.86,0.8691,-1,-1,-1
229,20,1046.73,420.58,82.76,213.13,0.7604,-1,-1,-1
229,15,1847.45,396.55,61.49,89.03,0.4352,-1,-1,-1
229,8,321.00,368.72,162.26,474.52,0.8458,-1,-1,-1
229,6,1184.05,316.70,187.18,565.46,0.8665,-1,-1,-1
229,2,848.67,296.37,188.93,592.83,0.8580,-1,-1,-1
230,28,658.28,397.89,86.13,231.95,0.6842,-1,-1,-1
230,27,755.24,396.17,101.93,297.28,0.8083,-1,-1,-1
230,22,451.19,291.10,243.84,567.52,0.8506,-1,-1,-1
230,20,1048.49,419.04,80.28,216.31,0.7609,-1,-1,-1
230,15,1849.04,398.91,65.55,89.16,0.4773,-1,-1,-1
230,8,307.89,371.67,175.34,482.58,0.8696,-1,-1,-1
230,6,1185.27,316.78,186.70,564.88,0.8679,-1,-1,-1
230,2,855.25,297.35,186.47,582.03,0.8512,-1,-1,-1
231,28,653.01,397.82,91.59,245.76,0.6946,-1,-1,-1
231,27,755.18,395.75,102.06,300.34,0.8188,-1,-1,-1
231,22,444.19,288.78,248.57,582.03,0.8316,-1,-1,-1
231,20,1047.69,416.66,80.68,219.23,0.7491,-1,-1,-1
231,15,1850.03,401.65,66.56,89.18,0.5354,-1,-1,-1
231,8,293.52,376.88,177.75,480.57,0.8452,-1,-1,-1
231,6,1184.56,315.81,187.08,567.49,0.8617,-1,-1,-1
231,2,862.30,298.69,180.77,574.55,0.8567,-1,-1,-1
232,29,1469.98,477.50,148.23,411.68,0.3151,-1,-1,-1
232,28,646.36,398.72,93.24,267.73,0.7757,-1,-1,-1
232,27,749.81,400.65,102.62,300.02,0.8368,-1,-1,-1
232,22,438.13,287.63,243.50,589.49,0.8571,-1,-1,-1
232,20,1045.08,422.25,79.47,214.60,0.7542,-1,-1,-1
232,15,1851.41,402.77,65.30,91.17,0.5292,-1,-1,-1
232,8,275.21,372.91,178.15,494.67,0.8270,-1,-1,-1
232,6,1182.76,316.40,186.80,570.85,0.8625,-1,-1,-1
232,2,863.02,298.64,179.63,574.20,0.8496,-1,-1,-1
233,28,636.62,406.21,95.50,279.61,0.7755,-1,-1,-1
233,27,734.43,394.83,112.43,307.34,0.8272,-1,-1,-1
233,22,425.94,284.65,245.90,606.44,0.8819,-1,-1,-1
233,20,1042.21,422.07,79.99,220.13,0.7542,-1,-1,-1
233,15,1849.15,408.39,66.94,88.21,0.5331,-1,-1,-1
233,8,252.64,370.37,194.16,511.10,0.8721,-1,-1,-1
233,6,1178.74,318.32,190.36,577.42,0.8611,-1,-1,-1
233,2,855.88,301.80,183.96,583.79,0.8623,-1,-1,-1
234,28,630.72,403.69,96.98,287.43,0.7805,-1,-1,-1
234,27,735.12,391.03,107.57,312.81,0.8215,-1,-1,-1
234,22,410.69,280.41,242.87,616.85,0.8917,-1,-1,-1
234,20,1036.36,426.75,81.25,217.97,0.7213,-1,-1,-1
234,15,1848.12,412.68,66.75,84.87,0.4891,-1,-1,-1
234,8,247.67,367.79,189.58,522.68,0.8781,-1,-1,-1
234,6,1173.09,322.04,194.18,574.78,0.8715,-1,-1,-1
234,2,856.45,303.18,184.38,585.35,0.8706,-1,-1,-1
235,28,624.46,404.80,94.64,289.96,0.7867,-1,-1,-1
235,27,722.08,391.43,111.48,314.37,0.8083,-1,-1,-1
235,22,394.78,272.51,248.29,626.60,0.8765,-1,-1,-1
235,20,1037.28,426.69,78.81,217.16,0.7092,-1,-1,-1
235,15,1850.30,413.70,64.45,86.29,0.4453,-1,-1,-1
235,8,231.87,363.70,190.33,534.25,0.8850,-1,-1,-1
235,6,1162.85,320.96,199.45,577.32,0.8778,-1,-1,-1
235,2,855.45,304.31,185.17,588.89,0.8744,-1,-1,-1
236,28,612.69,405.89,100.88,302.83,0.8305,-1,-1,-1
236,27,721.78,392.31,108.81,319.21,0.7960,-1,-1,-1
236,22,386.18,269.35,241.81,635.66,0.8691,-1,-1,-1
236,20,1032.22,428.95,82.21,213.55,0.6683,-1,-1,-1
236,15,1850.16,415.87,65.61,85.60,0.5014,-1,-1,-1
236,8,218.20,362.86,194.41,536.18,0.8437,-1,-1,-1
236,6,1156.67,323.43,204.51,576.43,0.8717,-1,-1,-1
236,2,856.96,307.41,181.22,589.95,0.8761,-1,-1,-1
237,28,607.12,406.47,98.62,304.76,0.7909,-1,-1,-1
237,27,708.82,393.47,118.75,322.22,0.7992,-1,-1,-1
237,22,375.60,265.77,242.20,642.46,0.8657,-1,-1,-1
237,20,1035.35,427.68,76.68,219.84,0.6896,-1,-1,-1
237,15,1849.18,416.24,66.91,88.28,0.5012,-1,-1,-1
237,8,203.59,360.86,198.60,542.83,0.8654,-1,-1,-1
237,6,1153.31,325.09,208.41,570.00,0.8788,-1,-1,-1
237,2,858.57,312.10,177.23,588.93,0.8785,-1,-1,-1
238,28,598.87,406.32,102.90,306.12,0.7959,-1,-1,-1
238,27,713.84,388.18,112.41,327.16,0.8140,-1,-1,-1
238,22,360.09,260.08,239.86,658.13,0.8688,-1,-1,-1
238,20,1036.80,427.02,74.32,222.35,0.5363,-1,-1,-1
238,15,1846.42,416.12,69.10,91.89,0.5427,-1,-1,-1
238,8,190.14,351.12,197.87,557.64,0.8589,-1,-1,-1
238,6,1148.12,329.39,213.43,562.91,0.8780,-1,-1,-1
238,2,857.89,312.90,174.13,592.86,0.8762,-1,-1,-1
239,28,593.06,404.96,101.02,312.44,0.7616,-1,-1,-1
239,27,701.99,387.64,118.87,331.16,0.8319,-1,-1,-1
239,22,337.11,257.71,256.20,661.69,0.8638,-1,-1,-1
239,20,1031.87,426.89,71.42,225.76,0.5558,-1,-1,-1
239,15,1847.22,418.58,65.98,91.27,0.5648,-1,-1,-1
239,8,176.09,349.81,192.67,565.50,0.8871,-1,-1,-1
239,6,1145.95,327.76,212.44,564.02,0.8812,-1,-1,-1
239,2,856.24,318.65,173.43,590.67,0.8674,-1,-1,-1
240,28,588.56,407.24,100.92,313.43,0.7664,-1,-1,-1
240,27,697.50,388.10,119.14,334.59,0.8188,-1,-1,-1
240,22,307.49,252.64,282.96,670.55,0.8766,-1,-1,-1
240,20,1030.47,433.82,73.98,228.30,0.5879,-1,-1,-1
240,15,1841.22,420.93,68.58,92.51,0.5892,-1,-1,-1
240,8,151.89,345.64,205.20,575.23,0.8435,-1,-1,-1
240,6,1135.83,327.29,218.72,568.24,0.8883,-1,-1,-1
240,2,850.44,322.90,169.82,589.44,0.8587,-1,-1,-1
241,28,578.39,407.08,102.32,323.10,0.8254,-1,-1,-1
241,27,692.01,389.94,120.95,334.55,0.8160,-1,-1,-1
241,22,305.55,250.48,264.10,676.98,0.8830,-1,-1,-1
241,20,1018.87,426.83,80.83,226.04,0.4998,-1,-1,-1
241,15,1840.73,424.20,68.06,88.37,0.4500,-1,-1,-1
241,8,136.28,347.71,207.21,572.43,0.8463,-1,-1,-1
241,6,1132.37,326.35,216.96,571.46,0.8764,-1,-1,-1
241,2,844.00,323.34,168.30,589.36,0.8660,-1,-1,-1
242,28,569.34,403.85,103.16,328.17,0.8342,-1,-1,-1
242,27,682.74,389.83,121.94,338.09,0.8128,-1,-1,-1
242,22,282.27,245.62,280.17,696.07,0.8867,-1,-1,-1
242,20,1012.45,424.01,78.43,233.49,0.5242,-1,-1,-1
242,15,1828.87,421.44,76.97,94.24,0.4364,-1,-1,-1
242,8,98.57,340.00,232.24,590.83,0.8461,-1,-1,-1
242,6,1130.06,328.48,215.50,570.27,0.8684,-1,-1,-1
242,2,833.73,324.11,169.75,588.45,0.8503,-1,-1,-1
243,29,1442.05,473.72,159.94,425.09,0.4276,-1,-1,-1
243,28,553.66,402.72,113.23,330.47,0.8132,-1,-1,-1
243,27,681.33,389.62,115.33,343.27,0.8159,-1,-1,-1
243,22,247.19,241.24,305.98,720.37,0.8871,-1,-1,-1
243,20,1007.73,426.33,78.30,242.73,0.5489,-1,-1,-1
243,15,1825.83,420.67,71.21,94.31,0.5534,-1,-1,-1
243,8,81.74,338.49,231.91,597.53,0.8168,-1,-1,-1
243,6,1124.59,329.50,213.75,571.80,0.8706,-1,-1,-1
243,2,824.78,318.63,174.59,592.10,0.8415,-1,-1,-1
244,28,543.50,400.20,114.10,338.44,0.7690,-1,-1,-1
244,27,675.67,392.86,113.38,342.01,0.8387,-1,-1,-1
244,22,214.53,236.75,327.79,761.36,0.8653,-1,-1,-1
244,20,1005.32,426.07,78.65,234.31,0.6817,-1,-1,-1
244,15,1823.64,421.52,70.68,92.11,0.5685,-1,-1,-1
244,8,64.22,336.12,231.91,629.47,0.8239,-1,-1,-1
244,6,1117.78,332.58,215.62,571.09,0.8609,-1,-1,-1
244,2,815.19,317.16,178.88,591.93,0.8400,-1,-1,-1
245,28,531.78,398.77,114.79,345.53,0.7877,-1,-1,-1
245,27,666.01,393.57,118.22,345.58,0.8310,-1,-1,-1
245,22,202.78,236.77,328.22,746.95,0.8578,-1,-1,-1
245,20,1003.68,411.96,75.91,242.44,0.5797,-1,-1,-1
245,15,1821.61,422.03,68.10,92.47,0.5657,-1,-1,-1
245,8,21.88,336.08,256.38,635.55,0.8574,-1,-1,-1
245,6,1114.56,333.05,214.97,571.31,0.8653,-1,-1,-1
245,2,802.09,316.75,185.18,585.88,0.8471,-1,-1,-1
246,31,956.80,378.42,56.45,350.88,0.3243,-1,-1,-1
246,28,520.52,397.40,121.73,350.35,0.8030,-1,-1,-1
246,27,653.00,392.14,123.25,353.61,0.8207,-1,-1,-1
246,22,183.17,233.10,339.98,802.34,0.8850,-1,-1,-1
246,20,998.79,418.86,74.83,231.10,0.6104,-1,-1,-1
246,15,1818.03,422.08,67.72,91.88,0.5318,-1,-1,-1
246,8,14.01,334.36,243.70,643.23,0.8508,-1,-1,-1
246,6,1109.78,333.35,217.74,573.56,0.8730,-1,-1,-1
246,2,792.95,316.58,193.04,577.06,0.8483,-1,-1,-1
247,31,952.00,394.05,59.22,336.99,0.3252,-1,-1,-1
247,28,514.10,398.61,117.28,359.38,0.7666,-1,-1,-1
247,27,646.53,393.40,126.95,355.61,0.8231,-1,-1,-1
247,22,146.36,230.35,363.36,814.46,0.8750,-1,-1,-1
247,20,995.14,432.07,74.37,220.21,0.5127,-1,-1,-1
247,15,1810.35,420.37,70.28,92.68,0.5252,-1,-1,-1
247,8,0.00,336.37,245.43,657.30,0.8650,-1,-1,-1
247,6,1105.25,335.60,220.55,573.53,0.8730,-1,-1,-1
247,2,789.00,316.74,195.46,576.22,0.8436,-1,-1,-1
248,31,946.18,384.99,61.30,360.21,0.4082,-1,-1,-1
248,28,505.78,400.10,115.37,366.85,0.8087,-1,-1,-1
248,27,640.39,397.56,125.08,358.21,0.7830,-1,-1,-1
248,22,110.11,230.12,386.67,810.26,0.8776,-1,-1,-1
248,20,992.40,424.99,72.36,239.77,0.4317,-1,-1,-1
248,15,1817.95,425.77,57.64,91.71,0.3505,-1,-1,-1
248,8,0.00,335.83,233.09,679.50,0.8501,-1,-1,-1
248,6,1100.34,335.76,221.53,583.98,0.8771,-1,-1,-1
248,2,783.50,320.21,203.47,577.25,0.8275,-1,-1,-1
249,31,940.55,366.15,67.34,382.57,0.5871,-1,-1,-1
249,29,1409.50,480.52,170.27,437.75,0.3770,-1,-1,-1
249,28,497.28,403.55,122.69,377.31,0.7966,-1,-1,-1
249,27,631.71,395.47,131.56,368.14,0.7800,-1,-1,-1
249,22,95.30,225.64,382.67,837.62,0.8827,-1,-1,-1
249,20,988.41,439.98,72.17,244.40,0.3219,-1,-1,-1
249,15,1804.40,425.30,71.08,91.13,0.4912,-1,-1,-1
249,8,0.00,354.99,202.57,685.96,0.8293,-1,-1,-1
249,6,1101.90,338.68,218.32,586.94,0.8771,-1,-1,-1
249,2,779.45,323.00,194.19,578.94,0.8299,-1,-1,-1
250,31,937.80,373.30,71.78,378.00,0.5598,-1,-1,-1
250,28,493.61,406.96,120.27,379.89,0.7876,-1,-1,-1
250,27,628.85,396.12,131.55,373.13,0.8157,-1,-1,-1
250,22,81.27,220.85,382.19,848.85,0.8587,-1,-1,-1
250,15,1811.31,426.83,65.83,90.36,0.3874,-1,-1,-1
250,8,0.19,342.78,184.90,724.21,0.8306,-1,-1,-1
250,6,1102.05,339.46,217.76,589.13,0.8789,-1,-1,-1
250,2,775.44,321.61,196.26,584.14,0.8366,-1,-1,-1
251,31,939.72,371.62,67.02,382.88,0.4813,-1,-1,-1
251,28,486.66,412.85,127.08,380.75,0.8384,-1,-1,-1
251,27,625.68,398.53,133.74,376.02,0.8166,-1,-1,-1
251,22,73.75,216.72,372.86,856.88,0.8853,-1,-1,-1
251,20,983.44,455.87,73.67,293.46,0.3724,-1,-1,-1
251,15,1809.27,429.21,70.42,87.32,0.3562,-1,-1,-1
251,8,0.22,338.74,174.03,730.92,0.8394,-1,-1,-1
251,6,1103.50,338.49,216.62,592.42,0.8795,-1,-1,-1
251,2,774.82,326.97,195.06,586.50,0.8484,-1,-1,-1
252,31,936.89,360.73,76.65,396.63,0.4311,-1,-1,-1
252,28,478.26,414.53,132.44,382.48,0.8333,-1,-1,-1
252,27,610.61,399.87,146.28,379.97,0.8205,-1,-1,-1
252,22,68.90,210.85,364.19,863.12,0.8886,-1,-1,-1
252,15,1806.68,430.34,78.36,88.17,0.3158,-1,-1,-1
252,8,0.40,338.34,156.65,732.58,0.8276,-1,-1,-1
252,6,1104.28,341.52,216.41,591.63,0.8808,-1,-1,-1
252,2,774.45,329.32,190.25,591.92,0.8512,-1,-1,-1
253,31,933.16,372.15,79.27,383.90,0.4849,-1,-1,-1
253,28,473.14,412.76,136.12,389.96,0.8361,-1,-1,-1
253,27,602.17,397.24,153.19,378.39,0.8347,-1,-1,-1
253,22,70.42,201.84,349.50,865.43,0.9057,-1,-1,-1
253,20,951.44,431.35,102.88,326.35,0.3775,-1,-1,-1
253,15,1813.55,427.09,71.94,89.16,0.3173,-1,-1,-1
253,8,0.58,335.50,138.35,738.80,0.8348,-1,-1,-1
253,6,1109.81,340.73,214.12,595.57,0.8716,-1,-1,-1
253,2,773.98,330.19,190.97,597.65,0.8523,-1,-1,-1
254,28,470.69,416.65,134.03,395.74,0.8382,-1,-1,-1
254,27,603.35,399.03,152.97,380.31,0.8475,-1,-1,-1
254,22,50.53,197.03,352.62,871.88,0.9119,-1,-1,-1
254,20,943.65,391.01,111.83,373.50,0.6339,-1,-1,-1
254,15,1818.41,425.08,70.08,81.43,0.3260,-1,-1,-1
254,8,1.09,336.80,123.59,735.51,0.8302,-1,-1,-1
254,6,1112.65,339.58,211.15,591.84,0.8703,-1,-1,-1
254,2,775.05,334.46,194.29,595.65,0.8485,-1,-1,-1
255,28,469.49,416.34,133.86,400.30,0.8348,-1,-1,-1
255,27,601.15,399.54,156.25,384.14,0.8397,-1,-1,-1
255,22,31.77,188.02,364.47,884.14,0.9113,-1,-1,-1
255,20,945.73,396.96,120.02,369.60,0.6908,-1,-1,-1
255,15,1821.59,423.27,75.52,91.32,0.4643,-1,-1,-1
255,8,0.95,333.24,105.63,740.58,0.7595,-1,-1,-1
255,6,1116.12,337.99,213.83,589.83,0.8780,-1,-1,-1
255,2,777.56,339.45,200.08,592.97,0.8591,-1,-1,-1
256,28,466.60,415.59,139.80,407.36,0.8295,-1,-1,-1
256,27,596.83,402.10,163.15,388.39,0.8377,-1,-1,-1
256,22,14.24,178.14,375.29,896.73,0.9073,-1,-1,-1
256,20,949.08,396.49,127.31,372.48,0.6646,-1,-1,-1
256,15,1822.49,424.56,84.71,92.94,0.5408,-1,-1,-1
256,8,0.63,334.24,93.07,736.82,0.7023,-1,-1,-1
256,6,1121.27,341.60,215.82,583.12,0.8771,-1,-1,-1
256,2,786.33,347.02,192.16,588.13,0.8654,-1,-1,-1
257,31,954.80,423.14,127.60,348.20,0.5346,-1,-1,-1
257,28,464.83,415.66,140.40,411.82,0.8237,-1,-1,-1
257,27,595.83,400.79,162.25,397.57,0.8299,-1,-1,-1
257,22,7.31,180.25,372.67,887.51,0.9080,-1,-1,-1
257,15,1832.31,425.93,76.76,92.86,0.3610,-1,-1,-1
257,8,0.00,430.24,82.00,634.26,0.5348,-1,-1,-1
257,6,1128.39,341.87,213.30,578.71,0.8827,-1,-1,-1
257,2,791.22,352.30,193.94,581.88,0.8738,-1,-1,-1
258,31,961.21,441.66,125.66,328.39,0.5035,-1,-1,-1
258,28,464.13,412.74,137.13,414.29,0.8268,-1,-1,-1
258,27,593.45,400.77,164.20,405.91,0.8384,-1,-1,-1
258,22,1.57,174.08,373.40,893.57,0.9188,-1,-1,-1
258,15,1826.41,420.91,87.74,96.43,0.4481,-1,-1,-1
258,6,1134.62,340.47,211.11,580.97,0.8779,-1,-1,-1
258,2,797.63,349.90,190.26,584.69,0.8659,-1,-1,-1
259,31,963.10,426.11,125.74,345.53,0.5845,-1,-1,-1
259,28,458.56,409.62,137.09,413.81,0.8326,-1,-1,-1
259,27,586.67,405.10,170.67,401.44,0.8511,-1,-1,-1
259,22,0.00,168.54,371.60,899.46,0.9223,-1,-1,-1
259,15,1849.48,421.71,68.91,93.59,0.4239,-1,-1,-1
259,6,1139.11,340.51,208.81,581.30,0.8936,-1,-1,-1
259,2,800.37,350.37,191.09,587.34,0.8702,-1,-1,-1
260,31,979.96,431.73,113.67,336.76,0.5952,-1,-1,-1
260,28,452.17,407.27,142.74,421.43,0.8239,-1,-1,-1
260,27,583.51,409.85,174.33,401.03,0.8414,-1,-1,-1
260,22,0.00,159.12,366.40,910.66,0.9303,-1,-1,-1
260,15,1852.51,423.59,66.84,93.28,0.3695,-1,-1,-1
260,6,1145.64,339.90,205.36,588.43,0.8958,-1,-1,-1
260,2,804.83,347.37,192.15,588.73,0.8502,-1,-1,-1
261,32,784.37,454.34,56.65,205.71,0.5749,-1,-1,-1
261,31,976.32,430.71,119.83,341.78,0.6731,-1,-1,-1
261,28,449.46,403.80,143.94,424.85,0.8192,-1,-1,-1
261,27,586.00,411.04,169.14,405.67,0.8246,-1,-1,-1
261,22,0.00,150.32,359.03,921.79,0.9334,-1,-1,-1
261,15,1853.40,424.19,65.97,94.54,0.3948,-1,-1,-1
261,6,1148.27,340.28,204.23,589.56,0.9040,-1,-1,-1
261,2,817.63,343.23,183.03,573.99,0.8507,-1,-1,-1
262,32,783.93,455.29,58.49,207.86,0.5735,-1,-1,-1
262,31,977.04,428.51,123.34,344.31,0.6616,-1,-1,-1
262,28,445.24,403.61,143.65,433.24,0.8476,-1,-1,-1
262,27,592.75,411.04,157.03,409.12,0.7842,-1,-1,-1
262,22,0.00,142.51,348.72,930.42,0.9328,-1,-1,-1
262,15,1860.88,423.08,58.46,95.18,0.4682,-1,-1,-1
262,6,1151.58,339.47,203.69,591.31,0.9056,-1,-1,-1
262,2,822.38,341.30,180.98,567.85,0.8614,-1,-1,-1
263,32,784.31,451.20,60.90,212.34,0.5929,-1,-1,-1
263,31,984.53,426.11,121.47,346.51,0.6632,-1,-1,-1
263,28,439.46,400.39,144.02,440.76,0.8473,-1,-1,-1
263,27,589.32,407.44,153.52,420.03,0.7176,-1,-1,-1
263,22,0.14,129.00,336.38,943.03,0.9311,-1,-1,-1
263,15,1864.22,423.54,55.13,93.62,0.3664,-1,-1,-1
263,6,1156.18,336.90,202.53,594.60,0.9056,-1,-1,-1
263,2,826.85,341.00,175.41,564.92,0.8498,-1,-1,-1
264,32,787.18,448.49,58.74,216.78,0.6359,-1,-1,-1
264,31,983.66,420.25,131.94,353.58,0.6286,-1,-1,-1
264,28,425.00,394.45,158.58,456.66,0.8482,-1,-1,-1
264,27,585.52,403.19,152.43,425.95,0.7754,-1,-1,-1
264,22,0.40,122.70,322.42,946.99,0.9193,-1,-1,-1
264,15,1865.14,420.00,45.89,93.52,0.3383,-1,-1,-1
264,6,1158.28,335.69,203.05,595.98,0.8981,-1,-1,-1
264,2,825.73,339.77,176.64,564.24,0.8389,-1,-1,-1
265,32,786.58,444.77,62.15,229.44,0.6921,-1,-1,-1
265,31,997.31,413.12,125.31,357.36,0.7844,-1,-1,-1
265,28,413.33,394.96,164.71,455.31,0.8464,-1,-1,-1
265,27,583.42,395.90,146.34,423.27,0.7812,-1,-1,-1
265,22,0.60,114.09,303.68,953.41,0.8963,-1,-1,-1
265,15,1868.78,420.06,50.61,95.12,0.3794,-1,-1,-1
265,6,1159.27,333.82,203.63,598.43,0.8976,-1,-1,-1
265,2,829.88,328.94,169.57,569.75,0.8412,-1,-1,-1
266,32,785.79,443.74,65.55,229.52,0.7491,-1,-1,-1
266,31,997.23,408.11,139.72,359.76,0.7645,-1,-1,-1
266,28,405.48,397.60,159.41,454.69,0.8254,-1,-1,-1
266,27,574.17,389.07,151.96,427.92,0.7627,-1,-1,-1
266,22,0.62,120.03,279.86,940.30,0.8295,-1,-1,-1
266,15,1877.48,419.49,41.93,95.35,0.4603,-1,-1,-1
266,6,1160.50,331.40,203.24,601.75,0.8978,-1,-1,-1
266,2,832.42,323.67,168.83,578.30,0.8497,-1,-1,-1
267,33,722.04,467.43,41.20,141.32,0.3074,-1,-1,-1
267,32,786.29,442.65,67.97,234.90,0.7602,-1,-1,-1
267,31,1008.04,405.50,131.46,359.42,0.7736,-1,-1,-1
267,28,404.23,389.70,152.77,465.77,0.8342,-1,-1,-1
267,27,544.76,378.83,179.24,446.33,0.8280,-1,-1,-1
267,22,0.34,240.87,250.73,813.98,0.8200,-1,-1,-1
267,15,1882.32,418.62,37.10,94.77,0.4990,-1,-1,-1
267,6,1162.65,330.35,203.22,603.45,0.8954,-1,-1,-1
267,2,837.03,323.43,164.95,579.23,0.8438,-1,-1,-1
268,33,721.27,466.98,40.83,140.50,0.3101,-1,-1,-1
268,32,785.26,441.29,71.70,236.10,0.7922,-1,-1,-1
268,31,1011.21,403.62,130.11,362.90,0.8020,-1,-1,-1
268,28,402.01,389.80,153.20,469.29,0.8424,-1,-1,-1
268,27,552.30,373.78,168.22,453.03,0.8387,-1,-1,-1
268,22,0.44,239.15,208.85,750.35,0.8357,-1,-1,-1
268,15,1883.73,416.13,35.67,95.81,0.4883,-1,-1,-1
268,6,1163.01,327.66,203.43,604.70,0.8972,-1,-1,-1
268,2,843.59,324.30,155.97,580.35,0.8447,-1,-1,-1
269,32,784.59,438.44,70.86,234.84,0.7774,-1,-1,-1
269,31,1002.57,400.65,142.90,371.92,0.7270,-1,-1,-1
269,28,393.86,379.23,156.28,483.00,0.8692,-1,-1,-1
269,27,548.27,362.15,167.10,464.37,0.8324,-1,-1,-1
269,22,0.36,222.74,182.46,821.73,0.8226,-1,-1,-1
269,15,1885.06,412.39,34.34,99.51,0.4548,-1,-1,-1
269,6,1162.41,324.38,204.48,612.58,0.8879,-1,-1,-1
269,2,847.34,325.15,151.04,579.58,0.8459,-1,-1,-1
270,32,782.78,434.26,71.14,231.89,0.7537,-1,-1,-1
270,31,1002.61,396.46,147.18,373.37,0.6428,-1,-1,-1
270,28,384.42,369.53,164.32,489.87,0.8760,-1,-1,-1
270,27,543.13,350.40,171.82,474.01,0.8409,-1,-1,-1
270,22,0.08,219.85,152.52,511.90,0.5937,-1,-1,-1
270,15,1888.00,409.93,31.37,100.95,0.3745,-1,-1,-1
270,6,1161.17,317.40,203.60,615.58,0.8820,-1,-1,-1
270,2,830.92,319.60,168.37,582.99,0.8153,-1,-1,-1
271,32,780.68,430.17,71.56,231.59,0.7619,-1,-1,-1
271,31,1010.47,396.36,137.93,373.97,0.7599,-1,-1,-1
271,28,374.34,364.18,170.92,495.02,0.8749,-1,-1,-1
271,27,536.19,347.88,175.54,474.41,0.8422,-1,-1,-1
271,22,0.23,218.88,126.67,587.04,0.3991,-1,-1,-1
271,15,1891.16,404.37,28.25,104.72,0.3268,-1,-1,-1
271,6,1160.83,316.05,202.59,610.82,0.8906,-1,-1,-1
271,2,832.32,320.77,164.59,578.72,0.7983,-1,-1,-1
272,33,710.54,458.68,40.93,134.25,0.3521,-1,-1,-1
272,32,776.10,425.38,71.79,227.58,0.7917,-1,-1,-1
272,31,1009.79,393.82,137.91,372.29,0.7888,-1,-1,-1
272,28,355.89,350.94,171.29,508.13,0.8721,-1,-1,-1
272,27,530.22,344.72,174.73,477.17,0.8574,-1,-1,-1
272,22,0.00,246.79,98.07,572.29,0.3162,-1,-1,-1
272,20,962.04,361.81,72.39,397.59,0.4117,-1,-1,-1
272,15,1887.16,403.82,32.21,101.21,0.3497,-1,-1,-1
272,6,1159.12,309.21,200.38,610.05,0.8949,-1,-1,-1
272,2,839.67,318.31,148.12,576.20,0.8418,-1,-1,-1
273,33,702.98,448.67,44.89,139.88,0.3989,-1,-1,-1
273,32,768.08,418.89,74.41,227.74,0.7439,-1,-1,-1
273,31,1007.47,391.63,138.23,374.77,0.7886,-1,-1,-1
273,28,341.25,343.13,169.76,512.72,0.8806,-1,-1,-1
273,27,524.36,340.01,171.72,478.31,0.8676,-1,-1,-1
273,20,961.61,359.83,66.32,397.60,0.3727,-1,-1,-1
273,15,1881.77,396.84,37.59,104.11,0.4526,-1,-1,-1
273,6,1154.69,304.81,201.07,609.02,0.8988,-1,-1,-1
273,2,830.35,317.41,154.49,570.82,0.8372,-1,-1,-1
274,34,0.45,685.04,222.02,390.06,0.3513,-1,-1,-1
274,33,699.90,444.03,41.99,139.33,0.4363,-1,-1,-1
274,32,765.67,412.85,71.34,242.35,0.7058,-1,-1,-1
274,31,998.03,387.26,146.49,378.33,0.7956,-1,-1,-1
274,28,330.99,333.42,166.25,517.69,0.8700,-1,-1,-1
274,27,518.48,334.79,181.72,489.84,0.8622,-1,-1,-1
274,15,1879.82,389.79,39.55,108.68,0.4729,-1,-1,-1
274,6,1149.85,301.47,204.14,604.07,0.8962,-1,-1,-1
274,2,825.57,306.38,155.25,577.83,0.8516,-1,-1,-1
275,34,0.68,659.96,193.49,420.04,0.5319,-1,-1,-1
275,32,758.34,403.16,71.37,251.27,0.6670,-1,-1,-1
275,31,987.39,380.36,154.52,382.29,0.8150,-1,-1,-1
275,28,316.22,321.48,177.47,524.80,0.8608,-1,-1,-1
275,27,506.81,325.89,187.38,496.93,0.8633,-1,-1,-1
275,15,1872.48,394.28,46.90,101.58,0.4513,-1,-1,-1
275,6,1138.78,293.93,212.65,599.29,0.8891,-1,-1,-1
275,2,811.98,300.99,169.09,575.37,0.8568,-1,-1,-1
276,32,752.38,398.53,69.02,252.74,0.6718,-1,-1,-1
276,31,981.93,372.78,154.81,387.91,0.8268,-1,-1,-1
276,28,299.26,316.77,183.08,531.56,0.8738,-1,-1,-1
276,27,498.34,317.98,187.80,507.43,0.8690,-1,-1,-1
276,20,941.47,325.00,61.33,415.03,0.4663,-1,-1,-1
276,15,1871.28,391.48,47.94,100.47,0.3667,-1,-1,-1
276,6,1135.52,288.65,213.86,594.44,0.8892,-1,-1,-1
276,2,804.39,288.05,165.26,582.82,0.8376,-1,-1,-1
277,32,743.82,392.16,68.17,247.65,0.6602,-1,-1,-1
277,31,993.64,366.29,139.43,394.91,0.7620,-1,-1,-1
277,28,288.64,302.62,176.43,548.83,0.8822,-1,-1,-1
277,27,488.77,304.58,188.10,508.53,0.8566,-1,-1,-1
277,20,939.93,327.50,67.24,411.77,0.4947,-1,-1,-1
277,15,1869.41,385.55,49.96,97.72,0.3428,-1,-1,-1
277,6,1130.20,280.51,216.15,595.31,0.8845,-1,-1,-1
277,2,796.98,282.30,164.98,566.82,0.8437,-1,-1,-1
278,33,672.95,420.71,44.07,134.42,0.3245,-1,-1,-1
278,32,740.82,388.03,63.35,237.77,0.6231,-1,-1,-1
278,31,977.47,354.27,153.72,400.07,0.7672,-1,-1,-1
278,28,273.69,301.38,176.42,554.41,0.8597,-1,-1,-1
278,27,481.03,298.22,182.95,527.29,0.8625,-1,-1,-1
278,20,936.75,346.92,91.86,379.78,0.4707,-1,-1,-1
278,15,1864.58,379.87,54.82,97.80,0.3423,-1,-1,-1
278,6,1124.80,274.86,215.05,596.62,0.8731,-1,-1,-1
278,2,785.85,277.98,168.79,561.11,0.8565,-1,-1,-1
279,32,732.99,376.35,66.46,242.29,0.6374,-1,-1,-1
279,31,976.46,345.22,153.60,402.80,0.7963,-1,-1,-1
279,28,257.54,293.80,188.18,569.38,0.8748,-1,-1,-1
279,27,473.18,294.65,183.69,531.14,0.8795,-1,-1,-1
279,20,926.09,304.56,72.32,408.29,0.6059,-1,-1,-1
279,15,1862.54,374.86,56.82,98.35,0.4471,-1,-1,-1
279,6,1121.76,266.30,217.54,597.51,0.8720,-1,-1,-1
279,2,775.49,268.74,176.79,563.70,0.8402,-1,-1,-1
280,32,730.14,370.67,65.89,246.97,0.6923,-1,-1,-1
280,31,981.44,334.28,148.28,407.70,0.7760,-1,-1,-1
280,28,246.09,277.99,188.22,581.98,0.8669,-1,-1,-1
280,27,469.59,281.31,183.33,545.47,0.8746,-1,-1,-1
280,20,925.90,299.50,75.73,409.46,0.4325,-1,-1,-1
280,15,1862.80,370.60,56.57,95.98,0.4226,-1,-1,-1
280,6,1117.72,256.63,220.17,602.23,0.8696,-1,-1,-1
280,2,773.68,259.89,172.93,562.30,0.8442,-1,-1,-1
281,32,729.20,366.61,61.18,234.62,0.6351,-1,-1,-1
281,31,983.05,319.38,148.10,420.16,0.7970,-1,-1,-1
281,28,234.17,270.78,200.04,590.49,0.8721,-1,-1,-1
281,27,463.99,271.33,187.91,554.40,0.8881,-1,-1,-1
281,20,922.82,278.34,83.01,421.20,0.6057,-1,-1,-1
281,15,1866.30,363.18,53.08,96.00,0.4036,-1,-1,-1
281,6,1120.49,250.43,217.92,600.80,0.8828,-1,-1,-1
281,2,776.56,250.61,173.11,555.65,0.8473,-1,-1,-1
282,33,661.82,384.67,41.10,151.02,0.3102,-1,-1,-1
282,32,727.56,354.67,62.70,247.58,0.6158,-1,-1,-1
282,31,986.17,306.65,144.36,422.54,0.7747,-1,-1,-1
282,28,225.57,250.40,205.83,600.29,0.8828,-1,-1,-1
282,27,458.97,244.96,193.28,573.13,0.8818,-1,-1,-1
282,20,919.73,270.77,77.31,411.88,0.4657,-1,-1,-1
282,15,1870.21,353.42,49.19,100.17,0.3748,-1,-1,-1
282,6,1117.03,239.72,219.91,606.50,0.8779,-1,-1,-1
282,2,762.27,236.78,187.45,571.15,0.8555,-1,-1,-1
283,33,663.32,378.32,37.47,140.53,0.3452,-1,-1,-1
283,32,726.06,345.55,62.52,252.55,0.6340,-1,-1,-1
283,31,984.45,298.30,148.04,429.62,0.7853,-1,-1,-1
283,28,211.79,237.91,214.70,610.77,0.8723,-1,-1,-1
283,27,452.54,228.62,199.13,576.59,0.8750,-1,-1,-1
283,20,920.01,262.37,73.60,414.48,0.5167,-1,-1,-1
283,15,1870.40,344.22,49.00,102.53,0.4122,-1,-1,-1
283,6,1118.95,228.38,221.79,608.44,0.8831,-1,-1,-1
283,2,762.17,230.63,188.30,569.32,0.8245,-1,-1,-1
284,32,724.73,341.97,64.39,244.17,0.6227,-1,-1,-1
284,31,976.67,288.63,162.03,435.87,0.7919,-1,-1,-1
284,28,204.38,225.72,216.91,630.21,0.8726,-1,-1,-1
284,27,442.34,220.69,210.47,573.18,0.8763,-1,-1,-1
284,20,918.92,254.57,73.49,418.93,0.5821,-1,-1,-1
284,6,1120.94,220.47,222.94,616.15,0.8842,-1,-1,-1
284,2,764.34,222.98,188.70,569.13,0.8240,-1,-1,-1
285,33,664.77,364.48,37.88,139.22,0.4339,-1,-1,-1
285,32,725.71,332.79,65.59,251.57,0.6385,-1,-1,-1
285,31,980.75,282.55,162.03,439.57,0.7200,-1,-1,-1
285,28,194.04,212.82,222.96,635.58,0.8813,-1,-1,-1
285,27,435.47,207.38,218.70,591.03,0.8819,-1,-1,-1
285,20,922.38,248.06,71.30,420.76,0.3604,-1,-1,-1
285,15,1878.05,317.42,41.34,113.22,0.3140,-1,-1,-1
285,6,1122.33,212.80,225.34,619.95,0.8894,-1,-1,-1
285,2,767.98,215.30,184.72,573.95,0.8502,-1,-1,-1
286,33,666.34,360.70,37.70,145.17,0.4432,-1,-1,-1
286,32,724.54,323.37,69.46,254.13,0.6690,-1,-1,-1
286,31,972.57,273.08,179.30,457.08,0.7824,-1,-1,-1
286,28,180.54,200.15,226.20,645.64,0.8713,-1,-1,-1
286,27,434.88,191.13,219.42,596.78,0.8973,-1,-1,-1
286,20,920.78,236.41,75.15,425.73,0.4858,-1,-1,-1
286,6,1124.96,206.38,225.25,623.87,0.8912,-1,-1,-1
286,2,772.65,210.54,182.03,573.74,0.8569,-1,-1,-1
287,33,671.16,348.66,34.55,149.77,0.3275,-1,-1,-1
287,32,726.09,312.85,72.99,260.88,0.7310,-1,-1,-1
287,31,973.80,261.37,185.59,458.65,0.7522,-1,-1,-1
287,28,172.84,186.54,227.90,653.87,0.8782,-1,-1,-1
287,27,432.60,178.16,221.81,607.26,0.9020,-1,-1,-1
287,20,922.31,232.37,80.20,421.57,0.5895,-1,-1,-1
287,6,1125.13,201.89,233.39,619.24,0.8860,-1,-1,-1
287,2,779.55,203.63,175.35,574.01,0.8645,-1,-1,-1
288,33,672.44,340.01,40.72,152.25,0.4636,-1,-1,-1
288,32,731.01,304.38,70.20,260.84,0.7738,-1,-1,-1
288,31,987.09,258.49,180.90,462.38,0.6565,-1,-1,-1
288,28,168.06,177.65,226.54,660.26,0.8819,-1,-1,-1
288,27,430.89,166.49,222.98,619.70,0.8978,-1,-1,-1
288,20,919.65,227.47,83.58,412.13,0.4549,-1,-1,-1
288,6,1141.01,191.94,226.43,624.63,0.8755,-1,-1,-1
288,2,778.61,200.43,180.77,569.47,0.8553,-1,-1,-1
289,33,678.82,333.84,39.50,152.51,0.3445,-1,-1,-1
289,32,731.85,298.12,73.99,269.06,0.7492,-1,-1,-1
289,31,1006.95,255.37,164.91,467.01,0.6330,-1,-1,-1
289,28,153.38,161.62,233.84,674.88,0.8979,-1,-1,-1
289,27,419.52,161.80,236.94,635.79,0.9002,-1,-1,-1
289,20,928.80,224.75,73.84,400.93,0.5344,-1,-1,-1
289,6,1147.70,184.57,229.77,627.49,0.8709,-1,-1,-1
289,2,782.28,189.73,187.02,568.92,0.8407,-1,-1,-1
290,33,685.02,332.82,40.91,153.42,0.4234,-1,-1,-1
290,32,734.89,295.91,74.08,265.99,0.7407,-1,-1,-1
290,31,1025.50,246.06,155.10,481.23,0.7886,-1,-1,-1
290,28,148.71,148.73,231.57,687.30,0.9037,-1,-1,-1
290,27,414.83,154.48,243.05,654.55,0.9080,-1,-1,-1
290,20,939.52,227.03,100.06,408.97,0.4262,-1,-1,-1
290,6,1160.60,183.28,222.27,623.24,0.8728,-1,-1,-1
290,2,789.37,189.25,191.15,570.24,0.8398,-1,-1,-1
291,32,738.61,288.40,76.79,268.42,0.7280,-1,-1,-1
291,31,1029.57,239.01,160.71,490.89,0.7919,-1,-1,-1
291,28,136.37,140.80,239.45,696.21,0.9061,-1,-1,-1
291,27,408.62,151.86,251.42,659.28,0.9072,-1,-1,-1
291,20,944.26,215.11,90.01,412.42,0.3618,-1,-1,-1
291,6,1175.03,179.54,214.36,621.18,0.8647,-1,-1,-1
291,2,798.50,184.92,182.52,565.28,0.8223,-1,-1,-1
292,32,740.10,282.76,81.31,272.52,0.7387,-1,-1,-1
292,31,1032.97,232.76,167.13,490.53,0.8051,-1,-1,-1
292,28,129.57,135.42,234.09,711.45,0.9045,-1,-1,-1
292,27,404.66,150.97,257.40,672.02,0.9081,-1,-1,-1
292,20,948.39,206.49,83.48,416.06,0.3778,-1,-1,-1
292,6,1183.13,172.40,216.32,616.28,0.8790,-1,-1,-1
292,2,797.85,181.10,188.88,559.24,0.8275,-1,-1,-1
293,32,744.80,278.46,84.01,273.98,0.7462,-1,-1,-1
293,31,1036.80,230.29,179.63,495.75,0.8317,-1,-1,-1
293,28,109.00,134.88,247.88,736.13,0.8796,-1,-1,-1
293,27,399.51,146.69,259.27,689.82,0.9056,-1,-1,-1
293,20,961.54,200.94,92.49,415.07,0.6720,-1,-1,-1
293,6,1192.11,170.60,213.43,608.34,0.8885,-1,-1,-1
293,2,810.32,175.28,182.17,552.61,0.8413,-1,-1,-1
294,32,750.68,279.24,87.99,273.41,0.7554,-1,-1,-1
294,31,1045.70,226.54,180.21,499.43,0.8480,-1,-1,-1
294,28,76.48,134.48,275.10,757.30,0.8919,-1,-1,-1
294,27,397.54,145.34,259.87,702.01,0.9051,-1,-1,-1
294,20,964.86,200.55,98.13,431.60,0.7163,-1,-1,-1
294,6,1209.39,170.51,207.21,610.95,0.8750,-1,-1,-1
294,2,820.14,172.72,177.29,553.10,0.8254,-1,-1,-1
295,32,757.33,278.98,89.28,277.04,0.7888,-1,-1,-1
295,31,1052.87,220.41,184.21,512.92,0.8542,-1,-1,-1
295,28,52.91,131.24,292.45,770.05,0.8917,-1,-1,-1
295,27,393.44,142.15,264.76,732.83,0.9053,-1,-1,-1
295,20,971.80,201.85,87.03,431.62,0.6422,-1,-1,-1
295,6,1225.02,171.66,199.16,614.61,0.8756,-1,-1,-1
295,2,828.39,182.81,179.15,549.96,0.8325,-1,-1,-1
296,32,759.98,277.20,92.86,279.13,0.7958,-1,-1,-1
296,31,1061.53,209.54,183.53,536.48,0.8659,-1,-1,-1
296,28,32.43,131.97,304.31,780.69,0.8953,-1,-1,-1
296,27,387.84,136.43,273.23,748.84,0.9053,-1,-1,-1
296,20,973.32,200.42,97.15,428.74,0.6068,-1,-1,-1
296,6,1236.26,173.18,195.72,617.73,0.8677,-1,-1,-1
296,2,838.80,176.07,172.13,556.00,0.8425,-1,-1,-1
297,32,768.61,276.49,88.76,278.17,0.7940,-1,-1,-1
297,31,1070.68,207.25,194.06,539.90,0.8557,-1,-1,-1
297,28,28.60,127.52,302.80,802.31,0.8992,-1,-1,-1
297,27,379.57,129.80,278.01,760.02,0.9120,-1,-1,-1
297,20,979.16,208.20,115.07,411.08,0.6991,-1,-1,-1
297,6,1250.72,172.24,192.09,627.21,0.8732,-1,-1,-1
297,2,851.65,178.03,160.84,556.75,0.8252,-1,-1,-1
298,32,773.36,278.85,89.07,273.27,0.8058,-1,-1,-1
298,31,1077.37,204.35,196.07,547.00,0.8600,-1,-1,-1
298,28,28.12,124.34,297.28,817.74,0.9006,-1,-1,-1
298,27,374.14,117.60,281.28,778.14,0.9057,-1,-1,-1
298,20,986.04,215.53,102.67,418.35,0.6981,-1,-1,-1
298,6,1261.65,171.80,188.37,631.58,0.8681,-1,-1,-1
298,2,856.97,180.18,163.87,556.57,0.8207,-1,-1,-1
299,32,778.39,277.70,91.22,279.46,0.7901,-1,-1,-1
299,31,1077.26,204.50,208.32,552.53,0.8726,-1,-1,-1
299,28,20.73,112.29,301.27,848.24,0.8969,-1,-1,-1
299,27,366.04,105.03,284.64,796.42,0.9076,-1,-1,-1
299,20,991.79,202.10,97.98,429.36,0.6974,-1,-1,-1
299,6,1263.21,168.71,191.10,636.95,0.8652,-1,-1,-1
299,2,866.53,181.46,155.95,555.70,0.8375,-1,-1,-1
300,32,781.50,277.06,94.65,279.36,0.7573,-1,-1,-1
300,31,1084.84,201.76,214.47,570.91,0.8651,-1,-1,-1
300,28,9.19,105.59,309.33,876.78,0.8934,-1,-1,-1
300,27,351.44,94.95,298.69,811.93,0.9086,-1,-1,-1
300,20,998.49,201.58,96.04,426.18,0.7376,-1,-1,-1
300,6,1256.35,168.66,205.08,640.93,0.8556,-1,-1,-1
300,2,867.51,184.64,156.51,559.39,0.8303,-1,-1,-1
301,32,783.31,277.24,95.53,278.55,0.7729,-1,-1,-1
301,31,1089.37,201.02,217.11,585.68,0.8557,-1,-1,-1
301,28,0.43,95.74,307.97,893.11,0.9062,-1,-1,-1
301,27,339.31,80.36,307.11,832.48,0.9150,-1,-1,-1
301,20,1004.81,201.92,104.96,424.45,0.7580,-1,-1,-1
301,6,1251.76,166.25,216.69,649.48,0.8449,-1,-1,-1
301,2,871.81,182.22,154.56,559.24,0.8478,-1,-1,-1
302,32,781.71,277.17,98.86,280.78,0.7839,-1,-1,-1
302,31,1096.70,199.03,213.70,581.67,0.8601,-1,-1,-1
302,28,0.00,80.81,291.33,917.74,0.8999,-1,-1,-1
302,27,323.13,73.11,319.15,842.31,0.8990,-1,-1,-1
302,20,1008.12,201.24,99.82,426.32,0.7562,-1,-1,-1
302,6,1261.38,170.16,209.48,649.14,0.8352,-1,-1,-1
302,2,875.43,184.31,152.77,558.90,0.8387,-1,-1,-1
303,32,781.66,277.38,100.11,280.83,0.7874,-1,-1,-1
303,31,1105.16,199.89,204.75,582.23,0.8450,-1,-1,-1
303,28,0.00,60.23,275.33,945.17,0.9199,-1,-1,-1
303,27,310.85,56.51,327.35,863.08,0.9052,-1,-1,-1
303,20,1010.11,202.69,94.30,426.20,0.7691,-1,-1,-1
303,6,1265.42,171.85,205.01,649.78,0.8203,-1,-1,-1
303,2,879.20,184.21,148.27,557.94,0.8491,-1,-1,-1
304,32,784.81,278.30,95.52,280.27,0.7857,-1,-1,-1
304,31,1105.17,197.12,204.64,614.41,0.8094,-1,-1,-1
304,28,0.00,45.39,243.09,963.14,0.9053,-1,-1,-1
304,27,298.03,55.59,336.33,872.74,0.9151,-1,-1,-1
304,20,1010.51,207.62,96.32,421.75,0.7774,-1,-1,-1
304,6,1273.48,170.81,197.08,652.91,0.8169,-1,-1,-1
304,2,873.93,183.34,150.80,561.82,0.8530,-1,-1,-1
305,32,783.91,279.23,95.24,281.11,0.7691,-1,-1,-1
305,31,1104.87,197.93,207.37,620.92,0.8279,-1,-1,-1
305,28,0.42,32.55,213.34,982.46,0.8994,-1,-1,-1
305,27,291.11,46.60,339.02,920.64,0.9232,-1,-1,-1
305,20,1010.07,211.32,96.02,419.03,0.7821,-1,-1,-1
305,6,1280.92,169.95,188.91,655.46,0.8156,-1,-1,-1
305,2,866.15,186.91,156.43,565.23,0.8584,-1,-1,-1
306,32,783.66,278.65,95.85,286.79,0.7620,-1,-1,-1
306,31,1103.87,196.71,209.69,646.08,0.8549,-1,-1,-1
306,28,0.00,32.37,195.75,1000.40,0.9007,-1,-1,-1
306,27,271.90,45.01,351.78,953.28,0.9223,-1,-1,-1
306,20,1008.68,209.05,97.04,423.43,0.7791,-1,-1,-1
306,6,1282.88,169.67,185.99,651.27,0.8278,-1,-1,-1
306,2,859.07,185.11,161.48,563.39,0.8555,-1,-1,-1
307,32,782.04,275.76,93.25,292.07,0.7257,-1,-1,-1
307,31,1103.72,195.15,215.47,654.63,0.8695,-1,-1,-1
307,28,0.22,34.15,174.21,1031.36,0.8718,-1,-1,-1
307,27,250.15,39.61,368.84,980.51,0.9121,-1,-1,-1
307,20,1003.64,213.38,101.88,419.49,0.7993,-1,-1,-1
307,6,1295.07,168.92,174.28,656.93,0.8342,-1,-1,-1
307,2,857.78,184.10,159.22,551.21,0.8396,-1,-1,-1
308,32,779.66,275.62,92.12,288.72,0.7534,-1,-1,-1
308,31,1102.24,189.60,222.57,670.73,0.8624,-1,-1,-1
308,28,0.50,138.29,146.87,919.69,0.7838,-1,-1,-1
308,27,238.86,34.18,366.83,1007.77,0.9127,-1,-1,-1
308,20,1000.94,211.92,102.39,424.96,0.7789,-1,-1,-1
308,6,1292.89,165.68,172.94,657.77,0.8201,-1,-1,-1
308,2,855.30,180.69,160.57,551.03,0.8265,-1,-1,-1
309,32,776.78,280.15,86.23,278.89,0.7653,-1,-1,-1
309,31,1096.22,188.73,227.96,678.80,0.8720,-1,-1,-1
309,28,0.34,177.73,126.49,868.43,0.8346,-1,-1,-1
309,27,217.83,36.69,375.76,1021.95,0.9073,-1,-1,-1
309,20,999.09,212.09,103.69,426.42,0.7737,-1,-1,-1
309,6,1292.97,169.03,166.84,652.12,0.8161,-1,-1,-1
309,2,849.23,182.65,165.51,551.90,0.8232,-1,-1,-1
310,32,776.94,277.58,83.85,287.68,0.7566,-1,-1,-1
310,31,1095.68,177.57,233.59,698.26,0.8821,-1,-1,-1
310,28,0.53,186.18,108.87,506.20,0.7405,-1,-1,-1
310,27,197.47,29.28,386.93,1026.62,0.9192,-1,-1,-1
310,20,998.43,212.21,106.05,425.80,0.7730,-1,-1,-1
310,6,1295.87,167.02,164.18,661.88,0.8175,-1,-1,-1
310,2,846.21,182.57,169.72,545.97,0.8141,-1,-1,-1
311,32,776.89,273.06,81.91,291.47,0.7436,-1,-1,-1
311,31,1095.18,174.29,240.33,704.12,0.8850,-1,-1,-1
311,28,0.35,200.83,92.32,499.89,0.7663,-1,-1,-1
311,27,182.05,15.60,391.15,1060.72,0.9179,-1,-1,-1
311,20,999.14,209.03,100.97,429.01,0.7597,-1,-1,-1
311,6,1300.59,166.17,160.89,654.34,0.8227,-1,-1,-1
311,2,829.52,184.94,186.92,548.42,0.8268,-1,-1,-1
312,32,774.57,271.99,81.29,293.69,0.7624,-1,-1,-1
312,31,1103.15,160.45,240.21,721.67,0.8852,-1,-1,-1
312,27,163.91,6.60,400.05,1069.39,0.9187,-1,-1,-1
312,20,999.78,205.70,101.87,434.29,0.7451,-1,-1,-1
312,6,1309.06,164.95,156.00,647.01,0.8074,-1,-1,-1
312,2,825.13,184.08,191.35,553.01,0.8292,-1,-1,-1
313,32,770.73,270.46,82.31,297.30,0.7449,-1,-1,-1
313,31,1104.83,145.04,245.28,744.53,0.9039,-1,-1,-1
313,27,139.70,4.95,416.82,1064.83,0.9193,-1,-1,-1
313,20,1000.74,208.02,101.97,436.58,0.7381,-1,-1,-1
313,6,1306.77,163.64,156.60,649.05,0.8349,-1,-1,-1
313,2,818.54,183.97,197.23,555.68,0.8410,-1,-1,-1
314,32,766.47,271.69,85.59,293.10,0.7468,-1,-1,-1
314,31,1102.50,139.44,251.36,758.69,0.9016,-1,-1,-1
314,27,118.62,3.66,431.91,1068.45,0.9262,-1,-1,-1
314,20,997.53,211.57,98.19,433.62,0.7384,-1,-1,-1
314,6,1305.80,160.05,159.27,654.96,0.8444,-1,-1,-1
314,2,816.20,184.59,195.84,553.87,0.8282,-1,-1,-1
315,32,765.06,269.54,84.71,296.68,0.7852,-1,-1,-1
315,31,1106.89,132.21,249.84,787.71,0.8933,-1,-1,-1
315,27,85.50,2.05,455.51,1069.97,0.9281,-1,-1,-1
315,20,994.87,218.00,105.17,420.53,0.7509,-1,-1,-1
315,6,1313.25,156.80,152.62,643.42,0.8539,-1,-1,-1
315,2,821.14,182.59,187.94,551.63,0.8238,-1,-1,-1
316,32,761.51,265.57,85.57,298.56,0.8011,-1,-1,-1
316,31,1111.57,126.34,252.54,813.53,0.8758,-1,-1,-1
316,27,50.51,0.86,477.60,1070.67,0.9244,-1,-1,-1
316,20,996.87,214.63,97.27,431.41,0.7438,-1,-1,-1
316,6,1311.50,153.93,155.20,649.21,0.8472,-1,-1,-1
316,2,818.77,183.43,189.99,553.04,0.8327,-1,-1,-1
317,32,761.60,263.51,84.97,299.51,0.8027,-1,-1,-1
317,31,1112.30,115.22,261.43,837.72,0.8756,-1,-1,-1
317,27,20.17,2.98,497.15,1073.24,0.9127,-1,-1,-1
317,20,993.21,216.09,98.97,428.24,0.7490,-1,-1,-1
317,6,1319.01,149.24,145.87,659.29,0.8296,-1,-1,-1
317,2,817.08,181.08,191.13,554.35,0.8487,-1,-1,-1
318,32,756.53,261.70,88.48,297.77,0.8060,-1,-1,-1
318,31,1115.40,110.40,269.03,849.32,0.8675,-1,-1,-1
318,27,2.15,2.77,497.15,1068.99,0.9352,-1,-1,-1
318,20,989.62,212.63,103.76,426.38,0.7453,-1,-1,-1
318,6,1321.26,148.04,141.90,661.93,0.8408,-1,-1,-1
318,2,818.86,181.48,187.77,549.34,0.8554,-1,-1,-1
319,32,742.92,260.47,100.65,301.47,0.7687,-1,-1,-1
319,31,1118.59,97.69,276.68,882.32,0.8563,-1,-1,-1
319,27,0.00,5.05,485.01,1065.52,0.9363,-1,-1,-1
319,20,986.49,209.36,105.49,428.52,0.7701,-1,-1,-1
319,6,1325.23,144.02,137.65,661.53,0.7974,-1,-1,-1
319,2,815.38,175.58,190.16,554.91,0.8724,-1,-1,-1
320,32,742.21,257.60,99.45,305.79,0.7760,-1,-1,-1
320,31,1121.41,95.89,281.66,900.88,0.8739,-1,-1,-1
320,27,0.00,4.89,464.43,1064.95,0.9442,-1,-1,-1
320,20,983.57,204.58,107.94,428.68,0.7800,-1,-1,-1
320,6,1336.07,138.42,128.37,666.09,0.7603,-1,-1,-1
320,2,811.49,170.38,193.16,552.03,0.8588,-1,-1,-1
321,32,739.36,255.36,99.48,307.14,0.7511,-1,-1,-1
321,31,1131.77,89.03,284.77,936.86,0.8599,-1,-1,-1
321,27,0.00,2.81,439.92,1067.56,0.9350,-1,-1,-1
321,20,980.60,202.03,110.66,427.73,0.7954,-1,-1,-1
321,6,1341.11,133.47,126.82,664.78,0.6844,-1,-1,-1
321,2,806.89,165.25,195.85,558.42,0.8603,-1,-1,-1
322,32,735.87,252.02,100.33,309.76,0.7627,-1,-1,-1
322,31,1139.60,80.44,322.29,964.54,0.8698,-1,-1,-1
322,27,0.70,6.06,415.78,1063.84,0.9326,-1,-1,-1
322,20,978.21,197.58,111.00,427.08,0.8071,-1,-1,-1
322,2,821.68,165.36,181.65,554.00,0.8672,-1,-1,-1
323,32,730.61,250.09,104.09,313.98,0.7614,-1,-1,-1
323,31,1141.56,69.82,334.08,983.10,0.8946,-1,-1,-1
323,27,0.86,5.62,387.71,1059.31,0.9174,-1,-1,-1
323,20,975.01,196.22,113.52,422.02,0.7988,-1,-1,-1
323,2,821.46,162.45,179.59,547.37,0.8679,-1,-1,-1
324,32,727.58,251.21,102.38,317.06,0.7620,-1,-1,-1
324,31,1153.96,60.33,325.05,1007.44,0.9057,-1,-1,-1
324,27,0.59,5.66,354.11,1062.37,0.9323,-1,-1,-1
324,20,973.98,195.32,113.62,421.93,0.7912,-1,-1,-1
324,2,820.72,168.09,176.36,534.55,0.8714,-1,-1,-1
325,32,720.21,252.54,106.58,317.83,0.7679,-1,-1,-1
325,31,1161.22,49.13,322.10,1024.31,0.9014,-1,-1,-1
325,27,0.55,7.03,318.35,1059.86,0.9180,-1,-1,-1
325,20,973.92,194.88,113.51,425.14,0.7898,-1,-1,-1
325,2,828.87,165.75,168.18,539.40,0.8731,-1,-1,-1
326,32,711.69,250.42,114.07,321.14,0.8044,-1,-1,-1
326,31,1166.11,30.29,329.05,1040.23,0.9037,-1,-1,-1
326,27,0.51,7.54,318.37,1061.17,0.8383,-1,-1,-1
326,20,974.07,193.51,113.45,429.22,0.7917,-1,-1,-1
326,2,829.54,164.67,167.75,541.95,0.8596,-1,-1,-1
327,32,710.87,252.48,112.91,321.04,0.8103,-1,-1,-1
327,31,1175.81,21.62,338.49,1050.17,0.8797,-1,-1,-1
327,27,0.82,7.92,236.28,1061.45,0.7914,-1,-1,-1
327,20,974.61,195.41,111.89,429.72,0.8010,-1,-1,-1
327,2,830.44,167.24,166.73,543.59,0.8588,-1,-1,-1
328,37,557.86,299.96,44.88,159.02,0.3073,-1,-1,-1
328,32,713.40,251.42,108.20,318.78,0.8148,-1,-1,-1
328,31,1180.46,10.08,360.59,1063.67,0.8862,-1,-1,-1
328,27,0.91,8.74,179.24,1056.39,0.5432,-1,-1,-1
328,20,975.37,195.74,110.95,430.14,0.7968,-1,-1,-1
328,2,831.40,167.83,165.62,544.34,0.8505,-1,-1,-1
329,37,558.22,299.69,47.30,160.16,0.4015,-1,-1,-1
329,36,501.44,295.68,46.80,160.86,0.4201,-1,-1,-1
329,32,708.93,249.55,113.68,324.08,0.8112,-1,-1,-1
329,31,1193.09,3.88,367.84,1065.85,0.8879,-1,-1,-1
329,27,0.76,60.54,130.22,575.79,0.6082,-1,-1,-1
329,20,976.06,197.41,111.33,431.26,0.7773,-1,-1,-1
329,2,840.14,164.70,161.43,553.84,0.8470,-1,-1,-1
330,37,557.44,300.24,50.41,161.56,0.3655,-1,-1,-1
330,32,709.26,250.38,113.61,328.59,0.8103,-1,-1,-1
330,31,1212.12,2.49,367.31,1071.28,0.9027,-1,-1,-1
330,20,981.41,200.27,113.79,429.16,0.7864,-1,-1,-1
330,2,843.65,162.90,159.16,562.35,0.8480,-1,-1,-1
331,32,710.95,251.49,111.61,331.53,0.7927,-1,-1,-1
331,31,1228.01,0.87,387.04,1065.13,0.9053,-1,-1,-1
331,20,985.52,202.87,113.47,431.30,0.7895,-1,-1,-1
331,2,846.34,173.25,158.28,558.37,0.8283,-1,-1,-1
332,32,709.64,253.99,113.94,329.52,0.8177,-1,-1,-1
332,31,1241.81,1.27,396.32,1065.20,0.9074,-1,-1,-1
332,20,987.32,205.10,113.52,434.31,0.7767,-1,-1,-1
332,2,852.31,180.37,155.32,559.65,0.8326,-1,-1,-1
333,38,825.68,235.66,65.31,295.83,0.4481,-1,-1,-1
333,32,706.95,256.00,116.53,330.61,0.8162,-1,-1,-1
333,31,1263.25,1.50,404.53,1072.51,0.8986,-1,-1,-1
333,20,987.81,209.84,113.36,431.23,0.7654,-1,-1,-1
333,2,851.11,184.22,155.77,560.82,0.8342,-1,-1,-1
334,38,823.77,237.01,67.12,260.34,0.4497,-1,-1,-1
334,37,554.46,315.68,54.64,160.64,0.3376,-1,-1,-1
334,32,703.86,256.14,119.33,336.86,0.8239,-1,-1,-1
334,31,1268.41,4.53,431.52,1062.93,0.8802,-1,-1,-1
334,20,988.53,216.79,116.55,430.53,0.7868,-1,-1,-1
334,2,848.67,190.43,158.76,561.00,0.8281,-1,-1,-1
335,38,822.83,238.11,68.51,338.12,0.4020,-1,-1,-1
335,32,702.17,257.55,119.82,339.25,0.8354,-1,-1,-1
335,31,1270.01,2.54,468.85,1064.17,0.8816,-1,-1,-1
335,20,991.57,220.89,115.31,430.94,0.7874,-1,-1,-1
335,2,848.98,194.73,155.70,556.26,0.8273,-1,-1,-1
336,38,819.16,238.74,69.10,322.26,0.4089,-1,-1,-1
336,32,699.72,260.52,119.75,338.64,0.8277,-1,-1,-1
336,31,1314.77,3.24,471.75,1067.42,0.8630,-1,-1,-1
336,20,987.98,222.28,119.89,434.55,0.7733,-1,-1,-1
336,2,845.22,195.37,156.70,560.52,0.8166,-1,-1,-1
337,39,1243.57,166.61,191.80,639.51,0.8166,-1,-1,-1
337,38,815.33,235.76,71.07,342.10,0.3180,-1,-1,-1
337,32,693.12,259.33,121.38,348.17,0.8258,-1,-1,-1
337,31,1329.34,3.08,518.60,1072.83,0.8613,-1,-1,-1
337,20,983.11,224.23,118.25,434.17,0.7440,-1,-1,-1
337,2,842.06,197.40,159.19,557.71,0.8060,-1,-1,-1
338,39,1234.16,165.95,203.67,665.65,0.7975,-1,-1,-1
338,38,811.19,241.40,70.81,370.38,0.4704,-1,-1,-1
338,32,688.52,265.90,122.53,344.96,0.8236,-1,-1,-1
338,31,1294.58,3.34,605.20,1069.84,0.8667,-1,-1,-1
338,20,979.93,227.83,125.26,438.41,0.7653,-1,-1,-1
338,2,832.11,198.30,166.91,557.66,0.8051,-1,-1,-1
339,39,1234.38,163.60,200.98,694.90,0.7663,-1,-1,-1
339,38,810.39,248.33,67.68,368.95,0.5074,-1,-1,-1
339,32,685.04,267.78,122.99,351.73,0.8342,-1,-1,-1
339,31,1300.12,4.35,605.97,1063.74,0.8687,-1,-1,-1
339,20,978.49,230.35,123.81,437.66,0.7799,-1,-1,-1
339,2,826.50,189.97,171.29,553.83,0.8117,-1,-1,-1
340,39,1237.51,169.03,180.36,684.10,0.7245,-1,-1,-1
340,38,806.55,248.12,70.68,367.09,0.5405,-1,-1,-1
340,32,682.96,268.38,121.07,352.35,0.8165,-1,-1,-1
340,31,1306.05,4.34,613.54,1064.30,0.9069,-1,-1,-1
340,20,978.58,229.15,124.12,438.10,0.7768,-1,-1,-1
340,2,822.21,188.97,175.36,548.84,0.8297,-1,-1,-1
341,39,1234.95,159.49,214.70,703.39,0.8385,-1,-1,-1
341,38,802.69,245.68,73.41,372.28,0.5487,-1,-1,-1
341,32,679.74,267.11,121.77,357.26,0.8112,-1,-1,-1
341,31,1314.56,1.28,605.01,1066.97,0.7943,-1,-1,-1
341,20,982.63,226.09,124.06,440.16,0.7800,-1,-1,-1
341,2,823.06,189.51,175.24,546.61,0.8322,-1,-1,-1
342,39,1234.36,161.69,211.88,693.44,0.8682,-1,-1,-1
342,38,801.92,241.75,71.84,371.79,0.4378,-1,-1,-1
342,32,673.25,261.19,127.00,364.98,0.8047,-1,-1,-1
342,31,1326.34,0.00,591.39,1070.01,0.7249,-1,-1,-1
342,20,984.06,225.08,121.46,439.36,0.7763,-1,-1,-1
342,2,815.68,188.17,183.68,548.78,0.8410,-1,-1,-1
343,39,1231.34,160.43,213.88,692.58,0.8766,-1,-1,-1
343,38,784.23,238.09,84.04,376.65,0.4868,-1,-1,-1
343,37,524.94,323.05,62.13,172.13,0.3128,-1,-1,-1
343,32,668.85,256.78,126.25,367.72,0.8083,-1,-1,-1
343,31,1338.28,0.14,580.37,1063.49,0.8409,-1,-1,-1
343,20,979.14,224.67,127.68,438.55,0.7748,-1,-1,-1
343,2,811.28,190.59,186.83,547.59,0.8416,-1,-1,-1
344,39,1227.15,158.78,213.19,699.57,0.8709,-1,-1,-1
344,38,785.14,237.32,79.46,394.05,0.5832,-1,-1,-1
344,32,664.01,257.51,125.42,365.31,0.8233,-1,-1,-1
344,31,1371.51,0.00,545.54,1065.88,0.6158,-1,-1,-1
344,20,979.70,223.29,125.13,438.62,0.7764,-1,-1,-1
344,2,810.91,186.72,186.51,554.43,0.8395,-1,-1,-1
345,39,1221.99,145.07,224.19,711.59,0.8771,-1,-1,-1
345,38,782.70,234.72,78.55,396.06,0.5976,-1,-1,-1
345,32,660.55,254.32,124.01,372.53,0.8165,-1,-1,-1
345,20,982.03,222.08,123.39,432.23,0.7704,-1,-1,-1
345,2,804.39,186.34,191.45,557.34,0.8207,-1,-1,-1
346,39,1211.21,145.11,243.27,713.78,0.8884,-1,-1,-1
346,38,775.31,232.32,80.60,390.53,0.5097,-1,-1,-1
346,36,429.90,348.11,47.47,146.76,0.3066,-1,-1,-1
346,32,655.40,249.80,124.17,372.33,0.8278,-1,-1,-1
346,20,969.97,215.48,133.99,432.47,0.7825,-1,-1,-1
346,6,1463.04,4.11,456.21,861.67,0.4372,-1,-1,-1
346,2,796.47,187.39,193.36,556.90,0.8373,-1,-1,-1
347,39,1198.15,146.68,251.96,707.86,0.8844,-1,-1,-1
347,38,767.44,232.20,86.95,387.93,0.5971,-1,-1,-1
347,32,645.78,248.21,125.87,373.49,0.8122,-1,-1,-1
347,20,967.67,216.00,129.97,430.33,0.7904,-1,-1,-1
347,6,1506.31,9.12,412.83,930.15,0.7919,-1,-1,-1
347,2,798.29,188.85,185.49,555.45,0.8246,-1,-1,-1
348,39,1193.92,142.74,255.12,706.88,0.8905,-1,-1,-1
348,38,759.99,229.99,90.57,398.98,0.6798,-1,-1,-1
348,32,637.64,244.60,128.19,378.47,0.8083,-1,-1,-1
348,20,965.28,215.39,129.75,428.70,0.7690,-1,-1,-1
348,6,1574.38,21.67,344.96,928.41,0.8337,-1,-1,-1
348,2,800.54,190.34,183.15,553.90,0.8372,-1,-1,-1
349,39,1185.62,141.98,258.19,694.94,0.8941,-1,-1,-1
349,38,760.15,225.48,88.29,404.02,0.6880,-1,-1,-1
349,37,487.92,302.49,55.53,176.42,0.3406,-1,-1,-1
349,32,629.15,236.05,132.32,391.07,0.8216,-1,-1,-1
349,20,960.95,214.53,132.96,430.07,0.7864,-1,-1,-1
349,6,1646.71,55.18,272.76,811.66,0.6176,-1,-1,-1
349,2,800.10,190.28,183.46,554.91,0.8326,-1,-1,-1
350,41,1092.68,325.85,70.59,184.30,0.3347,-1,-1,-1
350,39,1178.78,142.57,260.90,691.47,0.9023,-1,-1,-1
350,38,755.18,224.11,92.65,409.09,0.7421,-1,-1,-1
350,37,482.96,308.87,59.10,173.73,0.3172,-1,-1,-1
350,32,622.84,235.45,133.02,390.30,0.8169,-1,-1,-1
350,20,962.73,216.61,126.75,430.17,0.7827,-1,-1,-1
350,6,1745.91,285.49,173.47,413.59,0.3236,-1,-1,-1
350,2,798.26,191.98,183.75,549.56,0.8526,-1,-1,-1
351,41,1087.74,328.70,68.16,181.99,0.4743,-1,-1,-1
351,39,1170.17,143.63,265.87,693.02,0.9032,-1,-1,-1
351,38,751.02,220.82,92.75,414.45,0.7205,-1,-1,-1
351,37,477.65,301.37,56.82,182.77,0.3557,-1,-1,-1
351,32,618.71,237.90,133.17,394.20,0.8098,-1,-1,-1
351,20,967.07,216.70,118.35,431.51,0.7628,-1,-1,-1
351,2,795.77,191.48,186.63,546.25,0.8546,-1,-1,-1
352,41,1080.75,328.36,68.71,183.15,0.4206,-1,-1,-1
352,39,1163.41,143.39,271.60,698.62,0.9019,-1,-1,-1
352,38,742.86,218.39,98.23,420.69,0.7637,-1,-1,-1
352,32,612.16,235.84,134.08,398.01,0.8205,-1,-1,-1
352,20,961.22,216.90,121.46,435.10,0.7865,-1,-1,-1
352,2,801.05,190.24,180.67,548.51,0.8531,-1,-1,-1
353,39,1158.65,142.79,269.16,702.86,0.9062,-1,-1,-1
353,38,735.87,212.10,101.51,428.12,0.7589,-1,-1,-1
353,32,607.94,229.26,129.95,403.18,0.8318,-1,-1,-1
353,20,959.47,216.27,119.16,432.63,0.7815,-1,-1,-1
353,2,802.36,188.65,181.37,550.06,0.8543,-1,-1,-1
354,41,1053.82,321.32,76.02,185.46,0.4925,-1,-1,-1
354,39,1151.52,143.58,269.48,708.43,0.9091,-1,-1,-1
354,38,727.33,212.06,108.65,430.74,0.7819,-1,-1,-1
354,32,595.13,228.65,136.38,402.67,0.8403,-1,-1,-1
354,20,959.64,218.02,113.55,430.81,0.8014,-1,-1,-1
354,2,797.97,191.33,180.07,538.82,0.8786,-1,-1,-1
355,41,1045.97,318.19,79.46,188.18,0.6032,-1,-1,-1
355,39,1146.73,143.80,272.35,711.07,0.9114,-1,-1,-1
355,38,717.34,207.71,115.99,439.21,0.7994,-1,-1,-1
355,32,588.56,229.57,132.09,405.56,0.8504,-1,-1,-1
355,20,952.02,219.59,112.50,429.20,0.8027,-1,-1,-1
355,2,797.53,189.62,175.88,533.54,0.8716,-1,-1,-1
356,41,1039.97,315.84,74.90,189.20,0.4214,-1,-1,-1
356,39,1138.67,142.24,277.81,713.41,0.9122,-1,-1,-1
356,38,713.46,207.08,110.73,441.50,0.7955,-1,-1,-1
356,32,572.08,224.69,142.32,412.94,0.7325,-1,-1,-1
356,20,945.12,220.22,112.91,429.68,0.7970,-1,-1,-1
356,2,795.90,186.73,174.52,530.31,0.8466,-1,-1,-1
357,41,1037.30,324.14,63.76,181.62,0.5086,-1,-1,-1
357,39,1137.72,140.75,271.68,717.01,0.9101,-1,-1,-1
357,38,698.13,203.81,119.83,447.81,0.8155,-1,-1,-1
357,37,432.97,293.96,61.32,186.97,0.3282,-1,-1,-1
357,32,568.71,224.02,135.58,417.49,0.8210,-1,-1,-1
357,20,940.05,215.27,110.74,432.24,0.7734,-1,-1,-1
357,2,794.62,188.63,171.56,525.87,0.8535,-1,-1,-1
358,41,1025.40,319.00,67.36,182.94,0.6303,-1,-1,-1
358,39,1129.55,141.67,275.16,719.18,0.9096,-1,-1,-1
358,38,684.38,198.58,126.57,453.84,0.8257,-1,-1,-1
358,37,420.64,294.13,59.68,188.17,0.4934,-1,-1,-1
358,32,554.87,220.63,137.94,415.11,0.8382,-1,-1,-1
358,20,937.63,215.56,107.43,436.20,0.7533,-1,-1,-1
358,2,786.13,183.74,171.13,538.81,0.8456,-1,-1,-1
359,41,1015.87,313.60,70.17,191.21,0.4342,-1,-1,-1
359,39,1122.70,140.81,277.84,720.31,0.9081,-1,-1,-1
359,38,671.90,194.78,137.42,451.49,0.7879,-1,-1,-1
359,32,538.72,222.41,141.97,420.59,0.8263,-1,-1,-1
359,20,924.14,216.78,111.14,439.31,0.7785,-1,-1,-1
359,2,788.37,180.98,162.02,540.78,0.8553,-1,-1,-1
360,41,1005.83,316.24,69.76,187.52,0.5750,-1,-1,-1
360,39,1117.19,140.44,276.40,724.35,0.9103,-1,-1,-1
360,38,657.67,193.54,141.43,458.75,0.8506,-1,-1,-1
360,37,402.14,298.14,54.67,180.77,0.3142,-1,-1,-1
360,32,525.39,220.42,146.07,428.72,0.8213,-1,-1,-1
360,20,917.66,213.93,108.40,443.72,0.8035,-1,-1,-1
360,2,780.74,178.73,163.60,546.49,0.8693,-1,-1,-1
361,41,994.75,313.58,73.96,191.34,0.6070,-1,-1,-1
361,39,1112.78,140.98,274.32,726.54,0.9074,-1,-1,-1
361,38,651.93,190.62,140.18,468.16,0.8320,-1,-1,-1
361,37,391.78,293.85,56.04,188.21,0.4509,-1,-1,-1
361,32,510.81,218.80,147.45,431.27,0.8109,-1,-1,-1
361,20,913.52,214.67,104.18,444.72,0.8197,-1,-1,-1
361,2,773.48,179.25,163.69,546.21,0.8703,-1,-1,-1
362,41,989.91,319.41,74.01,185.92,0.6265,-1,-1,-1
362,39,1108.65,141.09,271.87,724.80,0.9081,-1,-1,-1
362,38,632.68,192.18,153.25,464.98,0.8563,-1,-1,-1
362,37,383.28,299.05,54.92,188.98,0.3397,-1,-1,-1
362,32,491.99,223.60,152.42,430.50,0.8175,-1,-1,-1
362,20,905.82,216.41,103.51,439.20,0.7835,-1,-1,-1
362,2,768.89,180.81,161.22,552.39,0.8696,-1,-1,-1
363,41,983.14,320.27,74.31,191.02,0.5420,-1,-1,-1
363,39,1103.53,139.96,272.94,735.03,0.9080,-1,-1,-1
363,38,617.29,192.50,160.28,469.49,0.8522,-1,-1,-1
363,32,481.26,222.46,152.75,445.40,0.7931,-1,-1,-1
363,20,900.29,211.97,99.24,441.74,0.7349,-1,-1,-1
363,2,764.28,185.42,158.43,548.49,0.8489,-1,-1,-1
364,41,972.27,311.67,80.30,198.30,0.5648,-1,-1,-1
364,39,1103.33,136.69,270.53,736.89,0.9066,-1,-1,-1
364,38,605.24,189.56,169.11,481.04,0.8518,-1,-1,-1
364,32,463.40,218.58,161.17,458.48,0.7916,-1,-1,-1
364,20,897.29,210.17,97.67,440.90,0.7013,-1,-1,-1
364,2,763.61,191.21,153.27,549.81,0.8128,-1,-1,-1
365,41,968.05,316.84,81.68,195.25,0.5230,-1,-1,-1
365,39,1103.02,136.36,268.94,737.41,0.8993,-1,-1,-1
365,38,589.12,192.17,183.32,483.73,0.8248,-1,-1,-1
365,32,433.90,221.72,186.89,458.58,0.8290,-1,-1,-1
365,20,895.92,208.98,92.49,447.20,0.6420,-1,-1,-1
365,2,762.66,193.90,157.32,547.94,0.8135,-1,-1,-1
366,42,415.26,338.28,50.85,160.43,0.4246,-1,-1,-1
366,41,964.09,323.18,83.52,192.51,0.4406,-1,-1,-1
366,39,1100.71,138.37,267.20,729.04,0.9022,-1,-1,-1
366,38,587.55,197.84,180.68,481.45,0.8613,-1,-1,-1
366,37,357.74,304.33,61.84,188.43,0.3820,-1,-1,-1
366,32,442.41,222.37,169.80,461.39,0.8047,-1,-1,-1
366,20,894.30,212.77,88.85,439.37,0.6736,-1,-1,-1
366,2,760.21,200.70,153.80,542.67,0.8147,-1,-1,-1
367,41,964.38,311.23,81.61,200.30,0.4089,-1,-1,-1
367,39,1100.53,135.38,268.04,723.88,0.9027,-1,-1,-1
367,38,591.89,193.06,175.37,490.47,0.8712,-1,-1,-1
367,37,355.48,309.53,68.17,184.75,0.3069,-1,-1,-1
367,32,437.21,222.39,165.70,466.29,0.7961,-1,-1,-1
367,20,893.91,207.55,87.17,440.60,0.6700,-1,-1,-1
367,2,759.68,198.40,152.81,543.67,0.8245,-1,-1,-1
368,41,958.96,309.02,83.04,199.25,0.4082,-1,-1,-1
368,39,1100.10,133.30,267.69,720.02,0.9023,-1,-1,-1
368,38,594.50,192.74,169.24,500.47,0.8601,-1,-1,-1
368,32,433.70,220.62,173.65,472.08,0.8180,-1,-1,-1
368,20,894.02,206.23,84.81,435.93,0.6240,-1,-1,-1
368,2,759.10,197.66,154.90,546.19,0.8273,-1,-1,-1
369,41,959.63,316.06,85.41,196.14,0.4774,-1,-1,-1
369,39,1103.29,133.59,264.87,714.27,0.9053,-1,-1,-1
369,38,591.91,190.61,166.58,506.30,0.8629,-1,-1,-1
369,32,427.30,220.59,172.40,473.17,0.8271,-1,-1,-1
369,20,894.93,203.59,83.85,437.81,0.5820,-1,-1,-1
369,2,758.33,194.35,161.77,547.52,0.8538,-1,-1,-1
370,39,1104.17,132.91,263.93,716.51,0.9057,-1,-1,-1
370,38,587.06,193.48,165.98,509.22,0.8553,-1,-1,-1
370,32,423.09,221.72,173.39,475.05,0.8256,-1,-1,-1
370,20,895.25,205.93,84.83,437.97,0.6350,-1,-1,-1
370,2,758.12,193.17,165.60,539.68,0.8226,-1,-1,-1
371,39,1106.37,133.38,259.97,722.27,0.9058,-1,-1,-1
371,38,584.16,195.34,166.56,517.51,0.8636,-1,-1,-1
371,32,419.25,223.92,177.42,478.50,0.8530,-1,-1,-1
371,20,897.46,208.02,84.60,440.99,0.6904,-1,-1,-1
371,2,757.11,195.56,166.58,537.53,0.8487,-1,-1,-1
372,41,964.21,317.80,78.20,195.90,0.4479,-1,-1,-1
372,39,1111.47,132.81,255.13,729.07,0.9057,-1,-1,-1
372,38,579.59,193.20,169.84,525.13,0.8649,-1,-1,-1
372,32,416.86,223.87,177.67,480.45,0.8712,-1,-1,-1
372,20,901.41,209.07,81.52,443.05,0.6808,-1,-1,-1
372,2,761.31,194.90,163.77,539.65,0.8480,-1,-1,-1
373,41,965.78,323.83,82.60,194.59,0.4451,-1,-1,-1
373,39,1113.00,137.66,253.90,731.05,0.8972,-1,-1,-1
373,38,572.98,192.81,175.73,528.63,0.8677,-1,-1,-1
373,32,413.84,225.68,176.49,482.31,0.8658,-1,-1,-1
373,20,901.37,209.96,81.52,438.44,0.6623,-1,-1,-1
373,2,760.82,198.52,167.50,539.19,0.8569,-1,-1,-1
374,41,967.35,328.81,83.77,191.30,0.4818,-1,-1,-1
374,39,1115.14,139.65,250.56,737.36,0.8924,-1,-1,-1
374,38,567.12,190.71,179.93,532.27,0.8709,-1,-1,-1
374,32,409.06,225.42,175.39,487.49,0.8637,-1,-1,-1
374,20,902.70,210.13,86.00,444.96,0.6742,-1,-1,-1
374,2,762.41,197.24,168.52,541.19,0.8473,-1,-1,-1
375,41,967.15,330.11,81.35,196.18,0.5216,-1,-1,-1
375,39,1118.45,140.88,245.84,743.01,0.8947,-1,-1,-1
375,38,559.17,190.98,189.17,542.67,0.8769,-1,-1,-1
375,32,402.92,230.05,174.08,487.64,0.8468,-1,-1,-1
375,20,906.74,210.58,81.89,447.44,0.6609,-1,-1,-1
375,2,765.49,200.95,166.53,544.65,0.8542,-1,-1,-1
376,41,967.47,316.64,84.26,212.47,0.3927,-1,-1,-1
376,39,1121.52,143.10,239.07,748.82,0.8952,-1,-1,-1
376,38,557.58,190.96,189.45,550.03,0.8625,-1,-1,-1
376,32,395.13,228.97,172.08,502.74,0.8513,-1,-1,-1
376,20,908.64,220.12,81.93,447.24,0.6486,-1,-1,-1
376,2,769.40,203.65,164.15,548.10,0.8528,-1,-1,-1
377,41,972.38,339.17,81.28,194.83,0.4275,-1,-1,-1
377,39,1121.12,153.02,239.52,747.02,0.8950,-1,-1,-1
377,38,548.95,187.29,196.30,553.11,0.8650,-1,-1,-1
377,32,394.01,224.27,171.43,517.50,0.8409,-1,-1,-1
377,20,913.88,223.96,76.42,446.70,0.7020,-1,-1,-1
377,2,773.65,206.61,161.79,550.21,0.8859,-1,-1,-1
378,41,974.39,339.03,81.38,197.53,0.3580,-1,-1,-1
378,39,1122.74,157.41,238.86,748.14,0.8988,-1,-1,-1
378,38,543.03,187.16,202.20,553.96,0.8593,-1,-1,-1
378,32,387.97,219.67,172.47,528.09,0.8226,-1,-1,-1
378,20,915.63,232.36,77.80,438.19,0.7253,-1,-1,-1
378,2,781.76,212.19,156.76,547.18,0.8389,-1,-1,-1
379,44,737.29,318.72,51.65,197.38,0.4666,-1,-1,-1
379,43,927.30,228.47,141.88,418.45,0.3189,-1,-1,-1
379,41,972.07,337.81,83.66,202.27,0.4153,-1,-1,-1
379,39,1123.79,156.71,236.98,755.70,0.8962,-1,-1,-1
379,38,536.21,190.24,207.16,560.15,0.8640,-1,-1,-1
379,32,386.44,220.74,166.48,535.38,0.8023,-1,-1,-1
379,20,917.77,236.34,76.32,434.98,0.6468,-1,-1,-1
379,2,779.31,214.77,161.29,553.10,0.8407,-1,-1,-1
380,44,736.79,316.62,57.73,203.80,0.5992,-1,-1,-1
380,41,979.07,347.49,78.71,194.21,0.3368,-1,-1,-1
380,39,1123.62,159.16,235.97,756.99,0.8913,-1,-1,-1
380,38,533.18,187.87,208.45,569.10,0.8709,-1,-1,-1
380,32,375.92,214.92,175.60,549.38,0.8125,-1,-1,-1
380,20,915.21,239.50,82.51,433.66,0.7157,-1,-1,-1
380,2,783.83,217.48,159.16,548.61,0.8447,-1,-1,-1
381,44,735.04,316.02,59.63,211.08,0.6479,-1,-1,-1
381,41,981.06,342.42,77.99,199.53,0.3933,-1,-1,-1
381,39,1120.48,157.56,235.84,754.89,0.8836,-1,-1,-1
381,38,522.43,183.94,214.15,579.54,0.8745,-1,-1,-1
381,32,375.20,211.98,174.68,558.82,0.8109,-1,-1,-1
381,20,916.27,243.12,81.50,432.72,0.7359,-1,-1,-1
381,2,784.12,220.84,160.75,547.65,0.8392,-1,-1,-1
382,44,732.87,316.72,61.34,212.65,0.6499,-1,-1,-1
382,41,983.26,353.92,76.17,189.16,0.4968,-1,-1,-1
382,39,1118.15,155.73,233.59,760.84,0.8809,-1,-1,-1
382,38,522.36,182.44,213.70,591.12,0.8719,-1,-1,-1
382,32,371.74,210.26,178.96,568.13,0.8097,-1,-1,-1
382,20,919.03,243.59,83.63,435.58,0.7014,-1,-1,-1
382,2,784.51,219.51,159.67,544.74,0.8466,-1,-1,-1
383,44,731.90,318.39,60.24,207.83,0.6420,-1,-1,-1
383,41,984.25,354.04,73.78,189.50,0.4693,-1,-1,-1
383,39,1112.30,154.04,234.72,761.88,0.8807,-1,-1,-1
383,38,513.03,180.05,221.46,601.89,0.8766,-1,-1,-1
383,32,364.85,208.05,177.26,569.44,0.8214,-1,-1,-1
383,20,920.66,240.87,84.38,438.81,0.6831,-1,-1,-1
383,2,785.42,217.80,160.01,541.48,0.8410,-1,-1,-1
384,44,727.86,320.48,62.27,210.25,0.6527,-1,-1,-1
384,39,1109.15,151.94,236.35,767.11,0.8834,-1,-1,-1
384,38,506.63,178.02,223.22,607.92,0.8648,-1,-1,-1
384,32,356.06,207.37,182.15,571.42,0.8233,-1,-1,-1
384,20,920.46,244.96,99.74,435.42,0.5743,-1,-1,-1
384,2,786.05,217.34,162.18,540.47,0.8468,-1,-1,-1
385,44,726.52,321.85,64.75,212.32,0.6964,-1,-1,-1
385,39,1105.80,156.24,242.05,760.40,0.8836,-1,-1,-1
385,38,507.06,176.15,221.34,617.22,0.8602,-1,-1,-1
385,32,347.29,210.76,190.70,571.84,0.8393,-1,-1,-1
385,20,918.74,245.45,102.66,435.50,0.6018,-1,-1,-1
385,2,784.96,216.95,164.84,544.46,0.8421,-1,-1,-1
386,44,727.82,320.17,60.79,209.49,0.6590,-1,-1,-1
386,41,977.72,350.11,76.38,197.19,0.3380,-1,-1,-1
386,39,1094.73,156.44,255.84,755.71,0.8874,-1,-1,-1
386,38,493.01,174.30,233.72,621.30,0.8638,-1,-1,-1
386,32,340.57,209.15,185.20,569.76,0.8332,-1,-1,-1
386,20,921.08,243.60,87.31,426.90,0.5449,-1,-1,-1
386,2,780.01,214.70,170.28,532.72,0.8175,-1,-1,-1
387,44,721.51,317.76,65.72,212.16,0.6777,-1,-1,-1
387,41,978.07,349.76,76.43,198.01,0.3534,-1,-1,-1
387,39,1084.49,156.82,266.43,749.04,0.8935,-1,-1,-1
387,38,484.73,169.31,237.31,632.23,0.8618,-1,-1,-1
387,32,331.32,201.36,188.17,586.15,0.8386,-1,-1,-1
387,20,918.74,245.01,80.47,430.95,0.6180,-1,-1,-1
387,2,776.97,213.66,170.70,531.05,0.8362,-1,-1,-1
388,44,718.50,317.40,68.42,210.31,0.7096,-1,-1,-1
388,41,976.22,348.11,76.35,199.74,0.3804,-1,-1,-1
388,39,1083.26,159.00,268.63,743.82,0.8875,-1,-1,-1
388,38,479.22,167.10,236.92,650.12,0.8643,-1,-1,-1
388,32,320.78,192.40,191.48,598.09,0.8473,-1,-1,-1
388,20,917.70,239.55,85.64,434.93,0.5092,-1,-1,-1
388,2,777.71,211.61,171.29,532.26,0.8344,-1,-1,-1
389,44,717.69,316.76,68.48,212.51,0.6895,-1,-1,-1
389,41,974.12,326.50,81.91,224.86,0.3132,-1,-1,-1
389,39,1082.86,157.31,268.83,748.48,0.8912,-1,-1,-1
389,38,479.14,161.48,233.96,659.25,0.8636,-1,-1,-1
389,32,315.40,184.82,190.27,606.15,0.8410,-1,-1,-1
389,20,916.15,242.62,83.34,434.30,0.5924,-1,-1,-1
389,2,779.00,208.97,164.61,539.37,0.8425,-1,-1,-1
390,44,715.57,316.88,71.64,213.00,0.7297,-1,-1,-1
390,41,976.98,339.47,78.66,212.87,0.3829,-1,-1,-1
390,39,1078.17,156.73,275.60,751.60,0.8852,-1,-1,-1
390,38,478.99,155.36,233.60,670.26,0.8716,-1,-1,-1
390,32,305.77,183.85,197.91,608.53,0.8351,-1,-1,-1
390,20,914.84,241.87,80.89,433.34,0.6596,-1,-1,-1
390,2,777.48,210.39,163.10,541.33,0.8473,-1,-1,-1
391,44,711.14,316.44,74.87,213.36,0.7366,-1,-1,-1
391,41,977.38,343.71,73.48,208.46,0.6001,-1,-1,-1
391,39,1066.93,157.65,286.78,756.94,0.8882,-1,-1,-1
391,38,477.02,148.45,236.23,679.16,0.8719,-1,-1,-1
391,32,293.82,181.28,202.51,613.53,0.8369,-1,-1,-1
391,20,910.37,236.41,84.76,437.94,0.6521,-1,-1,-1
391,2,772.09,209.99,164.73,544.13,0.8497,-1,-1,-1
392,44,707.58,314.38,77.92,215.22,0.7612,-1,-1,-1
392,41,977.21,333.45,73.11,217.74,0.4818,-1,-1,-1
392,39,1061.18,156.84,291.27,767.55,0.8942,-1,-1,-1
392,38,476.99,142.95,233.46,689.99,0.8750,-1,-1,-1
392,32,286.62,174.94,202.53,626.81,0.8498,-1,-1,-1
392,20,908.23,234.97,82.27,440.66,0.6606,-1,-1,-1
392,2,770.62,211.97,163.33,547.41,0.8335,-1,-1,-1
393,44,706.70,313.90,77.63,217.21,0.7595,-1,-1,-1
393,41,974.11,329.53,75.35,220.60,0.5626,-1,-1,-1
393,39,1058.53,157.13,293.76,770.85,0.8968,-1,-1,-1
393,38,473.69,139.23,231.86,695.67,0.8784,-1,-1,-1
393,32,271.16,171.58,211.04,634.36,0.8570,-1,-1,-1
393,20,905.65,239.37,84.83,435.92,0.6173,-1,-1,-1
393,2,768.96,220.05,166.50,537.06,0.8213,-1,-1,-1
394,44,703.01,313.69,78.33,215.44,0.7511,-1,-1,-1
394,41,972.14,330.71,77.42,219.25,0.6046,-1,-1,-1
394,39,1057.13,156.65,293.89,772.82,0.9046,-1,-1,-1
394,38,465.35,132.77,235.29,704.46,0.8821,-1,-1,-1
394,32,258.74,163.75,219.23,644.01,0.8638,-1,-1,-1
394,20,905.04,234.02,80.98,435.45,0.6198,-1,-1,-1
394,2,767.06,219.85,161.06,538.28,0.8076,-1,-1,-1
395,44,701.09,311.22,77.66,217.66,0.7430,-1,-1,-1
395,41,970.54,343.57,72.74,204.71,0.6174,-1,-1,-1
395,39,1053.45,156.17,296.64,777.89,0.9004,-1,-1,-1
395,38,461.77,126.16,232.94,715.05,0.8771,-1,-1,-1
395,32,220.29,159.64,248.78,648.16,0.8654,-1,-1,-1
395,20,900.96,231.90,81.37,437.41,0.6269,-1,-1,-1
395,2,760.08,220.52,164.57,539.21,0.8036,-1,-1,-1
396,45,1027.82,378.34,44.57,170.32,0.3488,-1,-1,-1
396,44,697.49,308.99,77.38,218.58,0.7346,-1,-1,-1
396,41,968.90,338.55,73.39,209.63,0.6421,-1,-1,-1
396,39,1052.28,156.22,299.36,777.88,0.8991,-1,-1,-1
396,38,454.26,115.93,236.91,727.54,0.8803,-1,-1,-1
396,32,225.29,157.31,229.24,662.27,0.8677,-1,-1,-1
396,20,899.63,237.61,81.43,432.48,0.6875,-1,-1,-1
396,2,758.84,222.96,161.53,533.88,0.8090,-1,-1,-1
397,44,696.11,309.29,73.09,220.11,0.7447,-1,-1,-1
397,41,967.63,337.05,75.97,209.87,0.6278,-1,-1,-1
397,39,1052.18,156.08,297.98,779.71,0.8980,-1,-1,-1
397,38,443.45,109.02,243.38,737.28,0.8861,-1,-1,-1
397,32,191.41,156.76,257.33,667.05,0.8703,-1,-1,-1
397,20,896.48,238.94,81.82,428.29,0.6887,-1,-1,-1
397,2,756.43,221.66,159.18,530.66,0.8138,-1,-1,-1
398,44,693.31,306.90,70.71,221.74,0.7578,-1,-1,-1
398,41,968.05,339.34,75.76,207.36,0.6037,-1,-1,-1
398,39,1051.73,156.25,295.15,781.01,0.8983,-1,-1,-1
398,38,433.33,100.97,251.18,747.92,0.8952,-1,-1,-1
398,32,168.17,147.30,275.14,689.59,0.8857,-1,-1,-1
398,20,893.66,239.02,83.18,430.36,0.6814,-1,-1,-1
398,2,751.10,217.39,159.32,538.38,0.8314,-1,-1,-1
399,44,691.52,303.93,67.72,224.97,0.7866,-1,-1,-1
399,41,967.21,335.56,75.90,211.59,0.6219,-1,-1,-1
399,39,1052.60,155.35,292.07,785.13,0.8964,-1,-1,-1
399,38,425.92,93.23,255.05,756.81,0.8931,-1,-1,-1
399,32,132.50,143.76,295.06,700.28,0.8967,-1,-1,-1
399,20,886.63,238.22,89.40,431.00,0.7181,-1,-1,-1
399,2,746.08,215.01,158.53,538.35,0.8551,-1,-1,-1
400,44,691.00,305.39,65.63,222.66,0.7739,-1,-1,-1
400,41,964.64,328.34,83.57,220.02,0.5422,-1,-1,-1
400,39,1052.00,154.76,291.73,788.51,0.8989,-1,-1,-1
400,38,418.15,90.37,265.44,763.40,0.8946,-1,-1,-1
400,32,125.77,141.56,292.98,705.26,0.8944,-1,-1,-1
400,20,880.13,238.78,92.99,431.96,0.7512,-1,-1,-1
400,2,738.92,216.03,159.56,528.88,0.8431,-1,-1,-1
401,44,687.15,303.95,65.52,223.26,0.7248,-1,-1,-1
401,41,964.84,329.99,84.27,217.54,0.6045,-1,-1,-1
401,39,1053.17,154.46,287.83,782.03,0.8997,-1,-1,-1
401,38,412.49,84.96,272.01,775.41,0.8992,-1,-1,-1
401,32,117.05,140.41,290.22,719.27,0.8956,-1,-1,-1
401,20,876.94,234.15,93.95,440.48,0.7815,-1,-1,-1
401,2,728.81,216.06,165.58,517.09,0.8636,-1,-1,-1
402,44,687.15,302.45,62.75,225.72,0.5678,-1,-1,-1
402,41,966.08,330.69,79.31,215.76,0.6070,-1,-1,-1
402,39,1056.30,148.01,282.32,792.65,0.8973,-1,-1,-1
402,38,405.58,80.63,278.89,794.18,0.8986,-1,-1,-1
402,32,115.08,136.48,283.04,728.10,0.8979,-1,-1,-1
402,20,873.87,235.27,97.82,439.04,0.8049,-1,-1,-1
402,2,727.12,212.40,165.82,520.55,0.8794,-1,-1,-1
403,44,686.92,303.26,62.40,228.46,0.5820,-1,-1,-1
403,41,969.70,343.60,75.38,202.98,0.5807,-1,-1,-1
403,39,1059.83,149.59,278.73,797.49,0.8966,-1,-1,-1
403,38,397.44,75.68,287.18,819.08,0.9080,-1,-1,-1
403,32,106.14,135.51,278.00,751.02,0.8964,-1,-1,-1
403,20,872.99,236.66,97.67,438.43,0.8047,-1,-1,-1
403,2,725.18,211.97,165.66,522.66,0.8769,-1,-1,-1
404,44,686.10,304.32,62.78,228.39,0.5454,-1,-1,-1
404,41,970.11,338.36,78.41,211.31,0.6391,-1,-1,-1
404,39,1065.06,148.89,281.64,794.80,0.8900,-1,-1,-1
404,38,387.83,74.59,293.61,840.96,0.9093,-1,-1,-1
404,32,93.87,131.49,279.43,773.15,0.9013,-1,-1,-1
404,20,873.08,237.06,98.86,444.95,0.8012,-1,-1,-1
404,2,722.94,212.17,166.57,525.48,0.8641,-1,-1,-1
405,44,687.80,303.88,60.84,229.64,0.5205,-1,-1,-1
405,41,971.99,338.39,80.17,211.68,0.6548,-1,-1,-1
405,39,1063.49,151.17,286.66,790.13,0.8890,-1,-1,-1
405,38,375.18,75.58,304.64,838.78,0.9082,-1,-1,-1
405,32,77.16,129.82,288.43,783.63,0.8915,-1,-1,-1
405,20,873.41,238.76,98.55,440.99,0.8015,-1,-1,-1
405,2,726.36,214.75,162.65,525.65,0.8625,-1,-1,-1
406,44,689.13,305.30,62.42,231.57,0.4906,-1,-1,-1
406,41,975.70,343.88,84.58,211.44,0.6669,-1,-1,-1
406,39,1065.32,150.45,287.51,780.90,0.8773,-1,-1,-1
406,38,364.49,73.51,316.03,851.48,0.9054,-1,-1,-1
406,32,55.11,129.82,304.43,789.38,0.8919,-1,-1,-1
406,20,873.42,239.61,101.53,437.93,0.7962,-1,-1,-1
406,2,723.38,216.52,167.01,526.87,0.8496,-1,-1,-1
407,44,689.82,305.55,64.46,235.96,0.5944,-1,-1,-1
407,41,978.32,347.06,84.32,207.85,0.6534,-1,-1,-1
407,39,1072.22,149.39,282.72,777.55,0.8776,-1,-1,-1
407,38,355.09,75.06,329.00,858.97,0.9049,-1,-1,-1
407,32,60.55,120.83,298.72,805.34,0.8889,-1,-1,-1
407,20,873.69,238.68,102.17,441.97,0.7979,-1,-1,-1
407,2,727.57,217.77,164.26,528.43,0.8585,-1,-1,-1
408,44,694.34,304.92,59.71,237.89,0.4709,-1,-1,-1
408,41,980.69,333.50,84.99,222.55,0.6136,-1,-1,-1
408,39,1077.32,149.01,278.75,777.90,0.8891,-1,-1,-1
408,38,350.66,70.78,331.51,876.11,0.9037,-1,-1,-1
408,32,40.44,117.15,313.87,812.63,0.9036,-1,-1,-1
408,20,872.18,239.72,105.14,440.84,0.7924,-1,-1,-1
408,2,725.67,220.26,167.53,528.78,0.8642,-1,-1,-1
409,44,700.74,307.04,52.86,240.92,0.4864,-1,-1,-1
409,41,987.09,344.38,76.28,209.42,0.6596,-1,-1,-1
409,39,1084.69,150.13,273.60,783.91,0.8948,-1,-1,-1
409,38,354.09,68.16,325.28,897.32,0.9088,-1,-1,-1
409,32,49.21,113.96,306.42,825.26,0.9047,-1,-1,-1
409,20,873.02,241.98,107.19,436.08,0.8036,-1,-1,-1
409,2,729.44,220.77,166.18,534.45,0.8603,-1,-1,-1
410,44,704.70,309.50,57.85,242.01,0.6059,-1,-1,-1
410,41,994.65,346.89,74.49,208.48,0.6307,-1,-1,-1
410,39,1091.62,151.67,270.44,786.89,0.8921,-1,-1,-1
410,38,359.53,65.53,313.94,914.23,0.9161,-1,-1,-1
410,32,41.49,111.02,313.06,835.82,0.9032,-1,-1,-1
410,20,874.85,239.34,116.11,438.02,0.7898,-1,-1,-1
410,2,732.30,224.22,165.08,534.21,0.8374,-1,-1,-1
411,45,999.57,351.62,81.99,206.63,0.6637,-1,-1,-1
411,44,710.58,309.15,54.46,241.05,0.5888,-1,-1,-1
411,39,1100.00,149.48,265.66,796.46,0.8893,-1,-1,-1
411,38,358.57,61.78,313.68,924.08,0.9157,-1,-1,-1
411,32,30.60,105.12,310.79,845.88,0.9078,-1,-1,-1
411,20,881.85,239.57,112.45,437.94,0.7869,-1,-1,-1
411,2,733.44,225.03,170.33,535.37,0.8013,-1,-1,-1
412,46,653.06,343.78,55.17,190.39,0.6281,-1,-1,-1
412,45,1003.08,345.61,83.64,213.05,0.7007,-1,-1,-1
412,44,716.33,308.61,55.81,238.93,0.5468,-1,-1,-1
412,39,1101.88,154.30,271.42,798.79,0.8925,-1,-1,-1
412,38,351.97,56.24,318.03,960.88,0.9129,-1,-1,-1
412,32,19.39,95.56,312.63,858.49,0.9169,-1,-1,-1
412,20,889.88,235.23,108.32,444.02,0.7514,-1,-1,-1
412,2,736.17,226.60,172.44,530.81,0.8134,-1,-1,-1
413,46,652.30,346.62,59.14,186.64,0.6632,-1,-1,-1
413,45,1010.47,343.12,78.93,214.29,0.5990,-1,-1,-1
413,44,724.29,306.11,53.82,240.37,0.4619,-1,-1,-1
413,39,1103.33,153.99,276.90,803.71,0.8973,-1,-1,-1
413,38,343.88,48.04,325.54,979.93,0.9110,-1,-1,-1
413,32,1.84,89.46,322.40,867.83,0.9265,-1,-1,-1
413,20,890.98,229.46,114.55,445.90,0.7521,-1,-1,-1
413,2,741.60,226.09,172.60,527.58,0.8178,-1,-1,-1
414,46,654.17,341.54,64.76,198.07,0.6429,-1,-1,-1
414,45,1017.09,340.31,78.01,217.63,0.6409,-1,-1,-1
414,44,727.56,302.83,57.44,241.44,0.4851,-1,-1,-1
414,39,1109.19,154.12,274.76,807.11,0.8896,-1,-1,-1
414,38,335.83,37.26,326.51,997.28,0.9023,-1,-1,-1
414,32,0.00,82.53,319.74,878.84,0.9297,-1,-1,-1
414,20,893.76,234.36,121.96,444.85,0.7817,-1,-1,-1
414,2,752.11,227.11,166.78,524.80,0.8209,-1,-1,-1
415,46,654.98,342.07,67.30,187.17,0.6434,-1,-1,-1
415,44,731.13,302.51,57.40,235.48,0.4361,-1,-1,-1
415,41,1019.99,350.19,83.78,210.46,0.6746,-1,-1,-1
415,39,1115.58,153.45,272.64,809.98,0.8864,-1,-1,-1
415,38,326.04,24.74,338.63,1018.28,0.9130,-1,-1,-1
415,32,0.00,77.82,316.83,883.65,0.9252,-1,-1,-1
415,20,901.02,239.85,117.38,439.39,0.8091,-1,-1,-1
415,2,753.52,223.22,168.79,528.61,0.8248,-1,-1,-1
416,46,656.29,340.95,67.40,186.87,0.6558,-1,-1,-1
416,41,1022.31,349.49,85.64,210.56,0.5940,-1,-1,-1
416,39,1119.82,151.59,272.00,814.64,0.8904,-1,-1,-1
416,38,316.19,11.72,346.25,1037.68,0.9137,-1,-1,-1
416,32,0.00,65.38,311.45,910.45,0.9217,-1,-1,-1
416,20,905.39,237.17,119.79,446.10,0.7921,-1,-1,-1
416,2,748.77,219.89,176.93,522.90,0.8437,-1,-1,-1
417,46,656.79,341.27,68.39,189.25,0.6611,-1,-1,-1
417,41,1028.94,343.93,82.04,213.97,0.6626,-1,-1,-1
417,39,1124.08,151.11,268.30,824.39,0.8916,-1,-1,-1
417,38,292.85,4.12,365.93,1051.99,0.9090,-1,-1,-1
417,32,0.00,55.94,308.17,952.13,0.9180,-1,-1,-1
417,20,906.62,237.48,120.11,444.40,0.7984,-1,-1,-1
417,2,746.72,221.39,181.25,520.96,0.8357,-1,-1,-1
418,46,656.21,339.64,68.47,191.93,0.6717,-1,-1,-1
418,41,1031.37,334.60,83.12,220.83,0.6659,-1,-1,-1
418,39,1127.31,147.87,267.35,826.75,0.8920,-1,-1,-1
418,38,275.91,1.97,378.83,1057.43,0.9150,-1,-1,-1
418,32,0.00,48.76,277.06,985.45,0.9162,-1,-1,-1
418,20,910.78,233.68,122.31,444.61,0.7835,-1,-1,-1
418,2,746.88,219.18,182.63,521.08,0.8436,-1,-1,-1
419,46,653.14,336.97,68.24,202.14,0.6737,-1,-1,-1
419,41,1032.58,336.96,84.60,219.20,0.6328,-1,-1,-1
419,39,1126.48,146.65,268.95,823.71,0.8904,-1,-1,-1
419,38,255.38,2.33,394.12,1062.80,0.9215,-1,-1,-1
419,32,0.00,41.16,260.53,991.03,0.9105,-1,-1,-1
419,20,911.34,234.00,119.52,442.99,0.7779,-1,-1,-1
419,2,745.56,209.35,182.27,532.51,0.8542,-1,-1,-1
420,46,650.51,336.86,67.19,206.75,0.6764,-1,-1,-1
420,41,1031.17,332.21,91.35,227.19,0.6361,-1,-1,-1
420,39,1126.14,142.88,269.69,826.50,0.8896,-1,-1,-1
420,38,240.45,2.64,402.79,1069.82,0.9256,-1,-1,-1
420,32,0.50,38.66,245.13,1003.30,0.9036,-1,-1,-1
420,20,909.83,235.35,123.41,446.30,0.7857,-1,-1,-1
420,2,742.60,207.71,183.76,534.29,0.8564,-1,-1,-1
421,46,649.56,336.74,68.95,205.04,0.6758,-1,-1,-1
421,41,1031.48,335.33,91.02,223.27,0.6428,-1,-1,-1
421,39,1122.23,138.38,276.56,830.40,0.8914,-1,-1,-1
421,38,220.72,3.62,417.22,1069.13,0.9258,-1,-1,-1
421,32,0.63,25.82,229.88,978.30,0.9001,-1,-1,-1
421,20,909.06,235.15,121.48,443.56,0.7927,-1,-1,-1
421,2,742.71,211.32,185.32,529.97,0.8576,-1,-1,-1
422,46,644.49,333.74,69.23,210.22,0.6860,-1,-1,-1
422,41,1031.45,340.44,88.88,217.86,0.5482,-1,-1,-1
422,39,1118.34,129.88,281.00,836.31,0.8867,-1,-1,-1
422,38,201.18,2.10,425.14,1073.91,0.9196,-1,-1,-1
422,32,0.78,16.10,211.93,984.09,0.8890,-1,-1,-1
422,20,907.77,236.23,121.54,445.22,0.7922,-1,-1,-1
422,2,741.06,211.94,182.85,541.19,0.8470,-1,-1,-1
423,46,640.40,332.05,73.78,213.75,0.7178,-1,-1,-1
423,41,1030.78,341.60,89.92,217.78,0.5632,-1,-1,-1
423,39,1109.27,126.43,290.63,839.11,0.8932,-1,-1,-1
423,38,186.41,1.13,428.14,1076.11,0.9225,-1,-1,-1
423,32,0.82,14.19,191.73,991.96,0.8901,-1,-1,-1
423,20,907.55,238.50,120.83,444.45,0.7742,-1,-1,-1
423,2,738.88,211.66,176.72,537.16,0.8480,-1,-1,-1
424,46,637.20,331.88,76.84,212.73,0.7002,-1,-1,-1
424,41,1028.40,340.79,86.71,218.43,0.6042,-1,-1,-1
424,39,1105.58,126.85,297.19,836.81,0.9005,-1,-1,-1
424,38,162.83,2.34,439.03,1075.88,0.9273,-1,-1,-1
424,32,0.79,10.91,171.89,1003.39,0.8764,-1,-1,-1
424,20,902.66,241.21,128.01,441.06,0.7510,-1,-1,-1
424,2,738.04,214.61,172.51,530.77,0.8379,-1,-1,-1
425,46,632.88,326.73,75.71,220.38,0.7005,-1,-1,-1
425,44,718.44,295.59,53.58,247.69,0.3049,-1,-1,-1
425,41,1029.15,338.56,84.92,219.49,0.6202,-1,-1,-1
425,39,1100.14,126.51,302.56,827.43,0.9028,-1,-1,-1
425,38,134.57,1.77,459.36,1072.89,0.9243,-1,-1,-1
425,32,0.75,9.38,146.03,1008.60,0.8435,-1,-1,-1
425,20,899.21,239.42,127.82,439.81,0.7743,-1,-1,-1
425,2,732.17,214.15,176.80,536.39,0.8378,-1,-1,-1
426,48,558.95,321.29,44.41,193.10,0.4467,-1,-1,-1
426,46,631.20,326.67,73.12,216.08,0.6846,-1,-1,-1
426,41,1026.73,333.73,84.73,220.22,0.6319,-1,-1,-1
426,39,1091.57,127.23,312.84,813.99,0.9032,-1,-1,-1
426,38,107.32,1.41,471.43,1071.84,0.9262,-1,-1,-1
426,32,0.65,145.80,122.73,553.21,0.5750,-1,-1,-1
426,20,894.45,236.37,134.71,443.04,0.7950,-1,-1,-1
426,2,733.95,213.62,171.66,535.23,0.8401,-1,-1,-1
427,48,548.88,333.00,53.44,179.32,0.5200,-1,-1,-1
427,46,626.25,326.78,72.95,221.39,0.7198,-1,-1,-1
427,41,1025.10,331.79,84.55,223.77,0.5847,-1,-1,-1
427,39,1085.89,129.22,317.78,809.45,0.9002,-1,-1,-1
427,38,69.15,1.93,494.65,1067.85,0.9224,-1,-1,-1
427,32,0.64,151.33,93.94,525.74,0.7120,-1,-1,-1
427,20,897.58,235.66,131.62,442.84,0.7799,-1,-1,-1
427,2,728.34,214.79,178.37,537.52,0.8310,-1,-1,-1
428,48,541.82,311.44,55.96,197.82,0.5870,-1,-1,-1
428,46,620.18,327.01,73.95,220.45,0.7151,-1,-1,-1
428,41,1025.51,332.47,79.95,223.62,0.4998,-1,-1,-1
428,39,1081.33,129.84,322.18,814.90,0.9039,-1,-1,-1
428,38,41.12,3.19,516.58,1067.05,0.9213,-1,-1,-1
428,32,0.33,157.72,72.14,532.01,0.4361,-1,-1,-1
428,20,892.07,235.31,136.86,442.76,0.7978,-1,-1,-1
428,2,718.08,219.89,183.68,529.43,0.8337,-1,-1,-1
429,48,538.61,321.73,56.08,193.69,0.5872,-1,-1,-1
429,46,615.73,328.77,69.60,221.84,0.7547,-1,-1,-1
429,41,1029.20,330.10,76.07,228.49,0.4855,-1,-1,-1
429,39,1076.61,131.76,321.40,817.90,0.9048,-1,-1,-1
429,38,3.08,2.56,540.05,1068.81,0.9302,-1,-1,-1
429,20,895.29,233.97,130.33,441.48,0.7767,-1,-1,-1
429,2,709.23,214.88,187.92,542.97,0.8318,-1,-1,-1
430,48,533.71,336.23,52.82,171.89,0.4666,-1,-1,-1
430,46,612.84,324.67,70.83,224.94,0.7132,-1,-1,-1
430,45,995.91,314.83,85.95,241.15,0.3207,-1,-1,-1
430,41,1033.56,329.97,73.55,222.97,0.4598,-1,-1,-1
430,39,1070.34,134.59,329.06,822.41,0.9091,-1,-1,-1
430,38,0.00,3.26,536.21,1069.49,0.9266,-1,-1,-1
430,20,896.19,234.14,126.80,435.83,0.7791,-1,-1,-1
430,2,703.22,214.19,175.36,547.22,0.8380,-1,-1,-1
431,48,528.13,334.08,53.75,185.15,0.4579,-1,-1,-1
431,46,606.29,326.40,76.47,228.85,0.6759,-1,-1,-1
431,45,993.78,314.31,79.17,237.05,0.3986,-1,-1,-1
431,41,1036.18,329.11,71.61,225.48,0.3722,-1,-1,-1
431,39,1069.36,134.07,327.91,826.49,0.9050,-1,-1,-1
431,38,0.00,2.89,523.86,1069.73,0.9298,-1,-1,-1
431,20,894.26,232.86,126.97,434.19,0.7825,-1,-1,-1
431,2,694.10,211.26,172.36,555.67,0.8260,-1,-1,-1
432,48,522.44,345.20,54.91,222.49,0.4126,-1,-1,-1
432,46,603.83,326.94,72.70,228.46,0.6594,-1,-1,-1
432,45,996.14,315.19,77.07,236.66,0.4667,-1,-1,-1
432,41,1036.53,328.08,71.60,224.72,0.3758,-1,-1,-1
432,39,1067.40,134.07,329.85,830.84,0.9038,-1,-1,-1
432,38,0.00,4.86,516.79,1069.43,0.9352,-1,-1,-1
432,20,894.54,230.82,126.23,433.01,0.7886,-1,-1,-1
432,2,683.85,208.00,175.70,573.35,0.8332,-1,-1,-1
433,48,519.77,342.81,54.09,178.94,0.4223,-1,-1,-1
433,46,600.54,324.93,74.25,227.85,0.6440,-1,-1,-1
433,45,998.53,309.58,75.75,242.11,0.5634,-1,-1,-1
433,39,1069.28,132.99,328.50,834.39,0.9033,-1,-1,-1
433,38,0.19,6.07,503.66,1062.93,0.9355,-1,-1,-1
433,20,893.84,231.47,125.34,431.42,0.7958,-1,-1,-1
433,2,679.04,205.21,179.20,559.50,0.8283,-1,-1,-1
434,48,518.74,327.54,54.85,185.16,0.4290,-1,-1,-1
434,46,597.26,320.82,71.54,232.35,0.6849,-1,-1,-1
434,45,1002.83,309.87,72.13,239.41,0.5197,-1,-1,-1
434,41,1043.39,323.30,65.81,232.22,0.3383,-1,-1,-1
434,39,1072.50,130.87,325.95,834.58,0.9013,-1,-1,-1
434,38,0.42,3.91,493.77,1064.47,0.9387,-1,-1,-1
434,20,892.57,227.84,126.30,432.82,0.7960,-1,-1,-1
434,2,676.38,201.66,175.58,577.19,0.8403,-1,-1,-1
435,48,516.71,309.89,53.28,196.93,0.6668,-1,-1,-1
435,46,595.35,319.35,73.73,232.94,0.6859,-1,-1,-1
435,45,1000.18,304.66,72.50,240.68,0.5408,-1,-1,-1
435,41,1046.68,321.42,61.67,240.06,0.3123,-1,-1,-1
435,39,1072.80,127.94,326.55,837.68,0.9037,-1,-1,-1
435,38,0.81,2.75,483.93,1064.77,0.9396,-1,-1,-1
435,20,890.58,225.42,128.68,432.03,0.7788,-1,-1,-1
435,2,675.23,198.49,172.78,560.13,0.8254,-1,-1,-1
436,50,823.54,305.74,77.56,227.92,0.4074,-1,-1,-1
436,48,515.10,307.27,52.70,200.77,0.6141,-1,-1,-1
436,46,595.64,317.96,72.80,231.92,0.7085,-1,-1,-1
436,45,997.66,303.30,74.68,242.00,0.5420,-1,-1,-1
436,39,1075.38,125.03,325.41,843.37,0.9070,-1,-1,-1
436,38,1.17,2.61,474.50,1066.63,0.9397,-1,-1,-1
436,20,898.93,224.43,120.71,432.50,0.7698,-1,-1,-1
436,2,672.77,196.00,174.80,553.09,0.7974,-1,-1,-1
437,50,819.32,300.24,81.53,230.72,0.6743,-1,-1,-1
437,48,515.12,348.51,50.62,155.90,0.5871,-1,-1,-1
437,46,590.97,312.80,75.73,231.59,0.7235,-1,-1,-1
437,45,995.39,301.77,71.66,240.56,0.5714,-1,-1,-1
437,41,1047.35,313.10,64.52,233.51,0.4977,-1,-1,-1
437,39,1079.88,119.94,323.09,846.16,0.9055,-1,-1,-1
437,38,1.41,2.29,458.74,1073.10,0.9357,-1,-1,-1
437,20,901.08,223.69,118.97,432.59,0.7558,-1,-1,-1
437,2,669.25,193.77,173.54,529.46,0.8136,-1,-1,-1
438,50,816.17,300.88,84.05,231.56,0.6723,-1,-1,-1
438,48,512.70,335.15,50.81,171.76,0.4228,-1,-1,-1
438,46,588.83,312.50,75.09,233.63,0.7308,-1,-1,-1
438,45,994.58,301.22,72.90,239.15,0.5696,-1,-1,-1
438,41,1049.89,314.15,61.61,230.92,0.3874,-1,-1,-1
438,39,1080.41,117.29,323.20,836.00,0.9003,-1,-1,-1
438,38,1.76,3.71,433.93,1068.55,0.9349,-1,-1,-1
438,20,904.50,223.41,115.43,434.84,0.7556,-1,-1,-1
438,2,662.73,194.77,176.86,527.45,0.8385,-1,-1,-1
439,50,812.11,299.25,85.62,237.93,0.7252,-1,-1,-1
439,48,510.46,327.73,51.72,176.38,0.4342,-1,-1,-1
439,46,584.86,312.60,76.10,234.04,0.7219,-1,-1,-1
439,45,995.02,301.17,72.88,236.60,0.6397,-1,-1,-1
439,41,1050.37,312.42,67.49,232.62,0.4694,-1,-1,-1
439,39,1086.04,114.22,318.82,840.71,0.9012,-1,-1,-1
439,38,1.29,3.66,410.08,1069.98,0.9277,-1,-1,-1
439,20,905.69,223.56,113.40,436.73,0.7576,-1,-1,-1
439,2,662.06,195.35,174.39,527.45,0.8540,-1,-1,-1
440,50,808.70,297.08,84.14,239.64,0.7015,-1,-1,-1
440,48,506.69,323.51,53.19,180.45,0.4088,-1,-1,-1
440,46,582.59,307.80,77.82,244.17,0.7687,-1,-1,-1
440,45,994.17,301.02,74.66,235.94,0.7044,-1,-1,-1
440,41,1051.22,308.43,68.77,237.49,0.5686,-1,-1,-1
440,39,1089.12,110.78,320.26,839.94,0.8844,-1,-1,-1
440,38,1.10,3.51,384.85,1064.12,0.9269,-1,-1,-1
440,20,904.19,221.48,112.73,438.40,0.7694,-1,-1,-1
440,2,657.01,194.30,176.18,527.99,0.8672,-1,-1,-1
441,50,809.06,296.38,83.15,241.38,0.6950,-1,-1,-1
441,48,506.50,310.37,54.11,194.64,0.4088,-1,-1,-1
441,46,583.22,305.29,76.25,247.54,0.7663,-1,-1,-1
441,45,994.61,297.62,75.93,239.51,0.7103,-1,-1,-1
441,41,1050.83,308.31,71.13,241.93,0.6098,-1,-1,-1
441,39,1093.46,105.94,321.06,841.94,0.8998,-1,-1,-1
441,38,0.51,3.11,356.09,1064.71,0.9199,-1,-1,-1
441,20,906.05,222.86,111.91,437.93,0.7791,-1,-1,-1
441,2,656.73,196.56,177.35,530.23,0.8638,-1,-1,-1
442,50,812.82,297.81,87.74,235.86,0.7282,-1,-1,-1
442,48,511.33,332.66,50.86,171.35,0.4275,-1,-1,-1
442,46,584.00,306.12,75.77,249.40,0.7717,-1,-1,-1
442,45,995.72,297.87,75.80,243.79,0.6780,-1,-1,-1
442,41,1056.18,316.42,71.61,235.87,0.6572,-1,-1,-1
442,39,1098.70,107.19,322.19,827.32,0.8975,-1,-1,-1
442,38,0.63,3.46,323.77,1064.32,0.9136,-1,-1,-1
442,20,910.79,225.13,109.12,433.76,0.7336,-1,-1,-1
442,2,658.53,199.25,176.18,530.61,0.8552,-1,-1,-1
443,50,815.06,300.62,86.99,229.64,0.7587,-1,-1,-1
443,48,514.28,337.84,50.14,169.85,0.4495,-1,-1,-1
443,46,583.94,310.12,79.15,248.01,0.7729,-1,-1,-1
443,45,998.38,295.41,81.00,243.71,0.6434,-1,-1,-1
443,41,1060.90,314.25,69.92,238.89,0.5983,-1,-1,-1
443,39,1104.37,112.45,323.73,815.75,0.8967,-1,-1,-1
443,38,0.64,4.18,292.96,1062.53,0.8933,-1,-1,-1
443,20,909.57,225.13,110.27,435.37,0.7464,-1,-1,-1
443,2,664.19,199.41,171.66,527.34,0.8509,-1,-1,-1
444,50,818.30,300.37,83.93,234.07,0.7713,-1,-1,-1
444,48,517.13,344.90,50.31,161.24,0.4906,-1,-1,-1
444,46,586.12,307.98,80.28,250.70,0.7617,-1,-1,-1
444,45,999.26,299.49,83.46,242.70,0.6361,-1,-1,-1
444,41,1062.01,300.11,72.32,248.85,0.5810,-1,-1,-1
444,39,1113.84,115.25,317.05,811.30,0.9003,-1,-1,-1
444,38,0.75,4.72,263.17,1060.90,0.8392,-1,-1,-1
444,20,914.74,227.14,106.87,431.41,0.7102,-1,-1,-1
444,2,669.85,202.11,167.42,519.14,0.8448,-1,-1,-1
445,50,820.78,298.15,87.74,236.09,0.7827,-1,-1,-1
445,48,521.68,329.77,50.67,177.39,0.4917,-1,-1,-1
445,46,585.16,308.13,83.11,250.44,0.7620,-1,-1,-1
445,45,1008.04,290.51,82.76,247.76,0.7156,-1,-1,-1
445,41,1071.32,303.98,72.58,241.79,0.5707,-1,-1,-1
445,39,1120.53,121.62,314.96,820.27,0.8973,-1,-1,-1
445,38,0.77,5.10,230.37,1062.25,0.3825,-1,-1,-1
445,20,909.34,221.65,117.01,441.53,0.7751,-1,-1,-1
445,2,674.53,204.05,169.44,508.91,0.8420,-1,-1,-1
446,50,826.63,295.19,86.10,238.88,0.7905,-1,-1,-1
446,48,524.19,346.46,54.63,160.79,0.5358,-1,-1,-1
446,46,585.01,310.11,88.94,249.30,0.7384,-1,-1,-1
446,45,1012.97,296.48,79.68,248.64,0.7712,-1,-1,-1
446,41,1078.86,301.79,69.66,245.82,0.6522,-1,-1,-1
446,39,1129.16,127.13,314.45,819.60,0.9060,-1,-1,-1
446,38,0.60,5.08,298.38,1063.15,0.7279,-1,-1,-1
446,20,907.16,220.34,121.85,448.95,0.8087,-1,-1,-1
446,2,682.82,201.96,165.10,499.13,0.8352,-1,-1,-1
447,50,834.50,295.78,87.77,239.24,0.7572,-1,-1,-1
447,48,530.77,356.05,51.68,149.28,0.5005,-1,-1,-1
447,46,589.03,311.26,88.72,247.72,0.6900,-1,-1,-1
447,45,1017.59,292.41,84.52,250.56,0.7646,-1,-1,-1
447,41,1086.76,300.55,67.75,249.74,0.6897,-1,-1,-1
447,39,1140.53,127.19,308.55,826.43,0.9061,-1,-1,-1
447,20,916.29,220.26,123.34,451.41,0.7667,-1,-1,-1
447,2,685.14,200.54,171.99,512.38,0.8357,-1,-1,-1
448,50,841.72,296.76,84.41,239.42,0.7968,-1,-1,-1
448,48,535.70,325.75,52.74,185.91,0.4990,-1,-1,-1
448,46,589.64,312.65,90.24,248.00,0.6963,-1,-1,-1
448,45,1027.22,297.27,80.83,250.40,0.7390,-1,-1,-1
448,41,1094.77,304.85,69.94,247.00,0.6793,-1,-1,-1
448,39,1146.93,139.46,314.09,824.38,0.9052,-1,-1,-1
448,20,923.05,218.86,124.38,454.69,0.7439,-1,-1,-1
448,2,688.88,200.90,178.84,524.37,0.8418,-1,-1,-1
449,50,846.36,297.80,85.98,238.84,0.7501,-1,-1,-1
449,48,540.74,315.67,57.06,197.94,0.5240,-1,-1,-1
449,46,602.32,315.64,84.97,251.38,0.7450,-1,-1,-1
449,45,1038.88,297.47,76.32,249.07,0.7118,-1,-1,-1
449,41,1101.95,317.77,70.60,235.80,0.6746,-1,-1,-1
449,39,1152.47,143.21,315.86,824.55,0.9073,-1,-1,-1
449,20,932.62,216.64,116.19,453.97,0.7734,-1,-1,-1
449,2,700.27,203.08,172.03,519.13,0.8162,-1,-1,-1
450,50,851.93,298.84,82.41,234.40,0.7162,-1,-1,-1
450,48,546.30,328.56,53.93,181.13,0.4894,-1,-1,-1
450,46,606.86,315.32,83.40,250.45,0.7175,-1,-1,-1
450,45,1038.75,299.91,80.30,246.32,0.7050,-1,-1,-1
450,41,1106.72,314.91,71.77,240.28,0.7049,-1,-1,-1
450,39,1161.58,148.37,308.63,828.97,0.9099,-1,-1,-1
450,20,928.08,219.15,120.36,452.48,0.7803,-1,-1,-1
450,2,706.77,201.93,172.61,512.81,0.8152,-1,-1,-1
451,50,855.56,293.42,91.78,242.48,0.7236,-1,-1,-1
451,48,552.07,316.24,54.63,193.23,0.4580,-1,-1,-1
451,46,603.77,314.71,88.78,254.60,0.7410,-1,-1,-1
451,45,1052.43,287.73,72.24,255.65,0.6919,-1,-1,-1
451,41,1116.49,320.57,71.08,234.57,0.6990,-1,-1,-1
451,39,1169.93,151.71,306.28,832.75,0.9031,-1,-1,-1
451,20,940.38,221.13,116.51,444.00,0.7805,-1,-1,-1
451,2,709.39,201.34,173.32,513.01,0.8243,-1,-1,-1
452,50,856.91,299.08,92.30,236.17,0.7779,-1,-1,-1
452,48,558.18,319.87,52.39,183.29,0.4504,-1,-1,-1
452,46,606.17,315.06,90.39,252.92,0.7351,-1,-1,-1
452,45,1056.78,294.96,80.57,249.73,0.7422,-1,-1,-1
452,41,1124.04,315.08,71.38,243.20,0.6752,-1,-1,-1
452,39,1176.66,153.89,308.15,836.52,0.9044,-1,-1,-1
452,20,946.61,220.28,122.62,437.09,0.7663,-1,-1,-1
452,2,719.62,200.12,165.65,511.35,0.8417,-1,-1,-1
453,51,710.08,256.73,63.52,301.97,0.3681,-1,-1,-1
453,50,873.06,297.25,81.11,242.33,0.7866,-1,-1,-1
453,48,565.01,311.72,55.44,193.74,0.5484,-1,-1,-1
453,46,616.58,314.65,81.68,256.91,0.7706,-1,-1,-1
453,45,1065.44,299.46,77.01,252.58,0.7400,-1,-1,-1
453,41,1131.58,317.38,69.27,241.33,0.7209,-1,-1,-1
453,39,1183.89,157.44,305.26,840.76,0.9097,-1,-1,-1
453,20,951.17,216.55,124.28,442.05,0.7951,-1,-1,-1
453,2,726.29,203.60,163.70,513.84,0.8454,-1,-1,-1
454,51,709.19,256.90,67.63,315.51,0.6269,-1,-1,-1
454,50,879.18,299.09,83.72,242.57,0.7316,-1,-1,-1
454,48,572.38,323.99,52.17,183.44,0.3954,-1,-1,-1
454,46,618.87,308.72,85.92,258.71,0.7544,-1,-1,-1
454,45,1074.88,300.19,77.71,251.01,0.7128,-1,-1,-1
454,41,1139.98,311.36,70.90,247.98,0.6241,-1,-1,-1
454,39,1191.26,159.25,305.25,843.26,0.9113,-1,-1,-1
454,20,951.94,219.65,133.42,441.97,0.7835,-1,-1,-1
454,2,733.11,202.46,166.06,513.95,0.8184,-1,-1,-1
455,51,716.52,257.92,66.96,310.02,0.5842,-1,-1,-1
455,50,885.64,305.61,84.69,231.19,0.6951,-1,-1,-1
455,48,580.05,314.96,54.74,191.48,0.5628,-1,-1,-1
455,46,625.87,302.21,82.94,268.45,0.7662,-1,-1,-1
455,45,1082.51,301.22,74.97,251.29,0.7150,-1,-1,-1
455,41,1153.32,313.70,65.62,245.86,0.6143,-1,-1,-1
455,39,1194.65,157.52,308.89,844.81,0.9117,-1,-1,-1
455,20,961.94,221.69,127.15,435.45,0.7786,-1,-1,-1
455,2,737.01,198.24,170.76,523.16,0.8353,-1,-1,-1
456,51,720.49,254.40,74.46,318.62,0.6253,-1,-1,-1
456,50,896.06,299.68,78.91,240.16,0.6622,-1,-1,-1
456,48,581.76,318.61,57.29,191.28,0.5161,-1,-1,-1
456,46,630.69,300.69,84.91,269.80,0.7503,-1,-1,-1
456,45,1089.58,299.49,74.29,246.63,0.7141,-1,-1,-1
456,41,1156.60,314.01,66.47,245.21,0.5428,-1,-1,-1
456,39,1199.52,157.21,312.19,835.20,0.9041,-1,-1,-1
456,20,965.43,211.48,127.68,445.58,0.7564,-1,-1,-1
456,2,752.54,199.27,162.02,520.86,0.8264,-1,-1,-1
457,51,725.74,251.00,75.93,321.06,0.6755,-1,-1,-1
457,50,901.01,298.14,81.76,240.23,0.6763,-1,-1,-1
457,48,588.75,305.74,56.99,204.98,0.5269,-1,-1,-1
457,46,630.89,299.98,91.34,267.25,0.7407,-1,-1,-1
457,45,1093.79,297.02,77.35,251.23,0.6778,-1,-1,-1
457,41,1158.28,308.71,69.18,250.72,0.3950,-1,-1,-1
457,39,1204.21,155.37,316.38,835.47,0.9002,-1,-1,-1
457,20,975.45,213.11,121.95,442.05,0.7678,-1,-1,-1
457,2,761.47,202.16,162.55,519.60,0.8140,-1,-1,-1
458,51,727.73,249.90,75.72,317.72,0.7532,-1,-1,-1
458,50,907.56,297.91,88.80,240.14,0.7447,-1,-1,-1
458,48,597.06,307.53,54.20,197.46,0.4871,-1,-1,-1
458,46,633.85,296.74,91.56,271.60,0.7159,-1,-1,-1
458,45,1102.76,291.57,72.60,257.88,0.7095,-1,-1,-1
458,39,1205.89,153.77,319.48,834.55,0.8971,-1,-1,-1
458,20,993.77,211.32,117.99,440.83,0.7767,-1,-1,-1
458,2,769.86,199.76,160.35,518.56,0.8163,-1,-1,-1
459,51,729.50,250.57,76.67,322.47,0.7664,-1,-1,-1
459,50,912.57,297.09,82.19,237.85,0.7835,-1,-1,-1
459,48,597.99,301.58,56.18,203.72,0.4792,-1,-1,-1
459,46,639.30,296.95,91.26,272.67,0.7247,-1,-1,-1
459,45,1105.20,293.51,81.84,257.52,0.7439,-1,-1,-1
459,39,1202.61,147.46,334.72,842.45,0.9081,-1,-1,-1
459,20,997.49,205.28,122.08,445.92,0.8079,-1,-1,-1
459,2,775.86,205.35,159.60,516.41,0.8479,-1,-1,-1
460,51,732.64,246.62,79.49,329.50,0.7712,-1,-1,-1
460,50,921.46,296.15,79.38,238.33,0.7890,-1,-1,-1
460,46,639.64,296.24,92.41,271.93,0.7372,-1,-1,-1
460,45,1108.43,295.99,80.47,254.84,0.7269,-1,-1,-1
460,39,1201.77,140.40,345.03,835.19,0.9100,-1,-1,-1
460,20,994.99,208.66,133.22,444.98,0.7900,-1,-1,-1
460,2,783.90,203.24,154.95,511.79,0.8533,-1,-1,-1
461,51,735.29,242.22,81.04,331.48,0.7554,-1,-1,-1
461,50,928.68,296.55,78.41,236.83,0.7531,-1,-1,-1
461,46,642.02,294.10,92.09,276.69,0.7432,-1,-1,-1
461,45,1109.38,293.82,86.53,252.79,0.7288,-1,-1,-1
461,39,1201.51,135.74,349.76,832.00,0.9076,-1,-1,-1
461,20,1003.98,211.53,124.49,445.18,0.7850,-1,-1,-1
461,2,785.83,203.37,158.39,508.20,0.8304,-1,-1,-1
462,51,737.46,241.91,81.73,327.89,0.7587,-1,-1,-1
462,50,932.38,294.94,80.16,234.69,0.7295,-1,-1,-1
462,48,616.28,292.64,46.56,199.12,0.3990,-1,-1,-1
462,46,643.74,292.26,90.86,278.45,0.7776,-1,-1,-1
462,45,1113.51,294.53,83.96,253.86,0.6668,-1,-1,-1
462,39,1201.96,130.86,353.73,828.07,0.9069,-1,-1,-1
462,20,1001.82,208.66,128.42,452.99,0.7936,-1,-1,-1
462,2,787.13,200.74,158.65,507.67,0.8075,-1,-1,-1
463,51,736.58,239.24,80.76,334.10,0.7515,-1,-1,-1
463,50,935.84,289.08,79.36,236.59,0.7368,-1,-1,-1
463,46,642.55,293.08,91.21,278.52,0.7689,-1,-1,-1
463,45,1118.57,292.25,82.11,251.28,0.6623,-1,-1,-1
463,39,1203.37,131.97,353.14,819.21,0.9067,-1,-1,-1
463,20,1001.46,207.79,132.05,451.77,0.8010,-1,-1,-1
463,2,785.72,197.57,161.61,513.98,0.8201,-1,-1,-1
464,51,734.68,239.79,81.69,331.94,0.7737,-1,-1,-1
464,50,933.99,284.21,80.90,236.92,0.7360,-1,-1,-1
464,48,617.11,289.62,47.30,203.39,0.4228,-1,-1,-1
464,46,638.87,290.22,90.22,275.89,0.7707,-1,-1,-1
464,45,1117.53,287.04,82.03,254.65,0.6681,-1,-1,-1
464,39,1211.04,128.53,345.90,824.59,0.9036,-1,-1,-1
464,20,1001.66,206.76,135.12,451.96,0.8048,-1,-1,-1
464,2,781.68,189.46,165.36,511.06,0.8135,-1,-1,-1
465,51,728.61,232.44,85.35,337.04,0.7613,-1,-1,-1
465,50,933.69,279.39,80.26,240.24,0.7204,-1,-1,-1
465,46,636.04,283.78,90.99,284.64,0.7539,-1,-1,-1
465,45,1126.25,288.29,74.47,250.97,0.6095,-1,-1,-1
465,39,1212.18,122.78,343.10,832.18,0.9071,-1,-1,-1
465,20,1002.87,207.37,135.09,449.76,0.7876,-1,-1,-1
465,2,778.50,184.71,167.90,512.87,0.8149,-1,-1,-1
466,51,725.82,227.70,84.90,340.11,0.7355,-1,-1,-1
466,50,933.19,275.41,81.19,242.41,0.7318,-1,-1,-1
466,46,633.01,282.83,89.61,284.66,0.7077,-1,-1,-1
466,45,1128.20,285.98,69.63,251.31,0.5959,-1,-1,-1
466,39,1208.93,119.49,347.11,841.01,0.9075,-1,-1,-1
466,20,1003.21,205.05,135.86,445.42,0.7771,-1,-1,-1
466,2,772.86,179.93,172.46,512.98,0.8059,-1,-1,-1
467,51,718.06,223.82,89.42,344.54,0.7119,-1,-1,-1
467,50,931.18,275.22,83.63,242.46,0.7589,-1,-1,-1
467,46,622.89,276.15,95.88,294.73,0.7178,-1,-1,-1
467,45,1125.72,282.65,72.45,254.52,0.6249,-1,-1,-1
467,39,1203.85,119.24,352.52,845.63,0.9090,-1,-1,-1
467,20,1003.30,204.66,133.01,449.85,0.7822,-1,-1,-1
467,2,768.69,181.14,180.75,507.24,0.8208,-1,-1,-1
468,51,713.92,219.13,87.82,354.25,0.7289,-1,-1,-1
468,50,929.83,275.21,82.81,242.28,0.7661,-1,-1,-1
468,46,618.26,274.87,94.83,296.73,0.7475,-1,-1,-1
468,45,1119.37,279.75,77.56,254.05,0.5713,-1,-1,-1
468,39,1196.42,118.02,358.02,855.55,0.9128,-1,-1,-1
468,20,999.59,203.70,132.43,450.29,0.7759,-1,-1,-1
468,2,767.77,179.62,176.36,509.62,0.8275,-1,-1,-1
469,51,707.15,218.26,85.74,354.57,0.7503,-1,-1,-1
469,50,925.30,272.83,85.05,243.79,0.7714,-1,-1,-1
469,46,613.14,268.35,90.95,303.29,0.8041,-1,-1,-1
469,45,1111.55,279.95,85.65,254.72,0.5768,-1,-1,-1
469,39,1194.09,118.14,358.99,864.11,0.9112,-1,-1,-1
469,20,999.36,203.54,128.69,443.27,0.7852,-1,-1,-1
469,2,765.01,180.35,173.92,507.02,0.8289,-1,-1,-1
470,51,703.36,215.51,89.41,357.43,0.7713,-1,-1,-1
470,50,922.57,273.05,81.61,242.95,0.7862,-1,-1,-1
470,46,600.62,267.33,99.92,302.86,0.7812,-1,-1,-1
470,45,1111.32,277.41,82.36,258.31,0.6244,-1,-1,-1
470,39,1191.06,119.24,357.39,866.78,0.9142,-1,-1,-1
470,20,996.15,198.59,132.29,448.55,0.8002,-1,-1,-1
470,2,763.24,175.87,177.24,516.13,0.8398,-1,-1,-1
471,51,692.66,212.61,92.91,359.15,0.7392,-1,-1,-1
471,50,917.73,273.01,84.92,243.49,0.8015,-1,-1,-1
471,46,595.36,264.51,97.55,307.78,0.7758,-1,-1,-1
471,45,1106.03,272.10,80.65,261.32,0.5644,-1,-1,-1
471,39,1182.42,118.35,365.42,877.80,0.9087,-1,-1,-1
471,20,994.86,195.30,130.34,451.17,0.7971,-1,-1,-1
471,2,761.39,174.76,174.40,513.37,0.8405,-1,-1,-1
472,51,686.10,208.93,97.33,361.89,0.7863,-1,-1,-1
472,50,917.46,271.83,82.34,243.09,0.8048,-1,-1,-1
472,46,591.24,265.00,98.24,307.33,0.8215,-1,-1,-1
472,45,1104.30,271.02,82.02,266.05,0.6575,-1,-1,-1
472,39,1186.01,119.16,356.93,875.29,0.9108,-1,-1,-1
472,20,991.39,197.11,131.18,449.68,0.7829,-1,-1,-1
472,2,754.44,174.16,177.04,512.58,0.8625,-1,-1,-1
473,51,680.58,205.86,100.70,364.88,0.8141,-1,-1,-1
473,50,917.16,272.82,81.08,242.50,0.7932,-1,-1,-1
473,46,585.89,262.19,97.88,310.41,0.8205,-1,-1,-1
473,45,1103.69,271.19,86.16,266.17,0.6941,-1,-1,-1
473,39,1185.51,117.78,354.77,871.75,0.9105,-1,-1,-1
473,20,988.53,196.39,127.78,450.73,0.7749,-1,-1,-1
473,2,757.28,174.43,174.87,514.31,0.8754,-1,-1,-1
474,51,675.66,205.66,103.94,369.22,0.8076,-1,-1,-1
474,50,916.78,274.81,78.61,242.77,0.7573,-1,-1,-1
474,46,582.14,261.50,94.46,310.25,0.8550,-1,-1,-1
474,45,1101.09,269.11,81.27,268.31,0.7443,-1,-1,-1
474,39,1187.73,114.52,347.82,863.27,0.9124,-1,-1,-1
474,20,986.97,195.40,126.63,450.06,0.7775,-1,-1,-1
474,2,759.60,176.01,172.67,513.63,0.8764,-1,-1,-1
475,51,667.77,203.71,107.70,371.23,0.8244,-1,-1,-1
475,50,917.26,277.59,78.96,237.22,0.7596,-1,-1,-1
475,46,575.07,259.92,97.30,311.37,0.8384,-1,-1,-1
475,45,1096.66,266.89,80.05,267.84,0.7513,-1,-1,-1
475,39,1186.93,111.72,348.47,859.79,0.9117,-1,-1,-1
475,20,988.70,196.54,115.68,436.61,0.7674,-1,-1,-1
475,2,759.56,176.00,174.70,514.26,0.8670,-1,-1,-1
476,51,662.90,202.80,110.54,374.51,0.8287,-1,-1,-1
476,50,919.33,277.23,73.73,234.04,0.7492,-1,-1,-1
476,46,572.15,258.14,93.39,313.72,0.8238,-1,-1,-1
476,45,1098.77,263.51,75.70,271.16,0.7604,-1,-1,-1
476,39,1189.03,106.12,347.18,860.91,0.9087,-1,-1,-1
476,20,984.47,194.26,115.74,434.15,0.7694,-1,-1,-1
476,2,760.70,176.35,176.14,512.14,0.8655,-1,-1,-1
477,51,658.09,203.78,114.73,378.96,0.8371,-1,-1,-1
477,50,919.60,280.32,73.03,232.80,0.7562,-1,-1,-1
477,46,570.41,261.22,94.13,315.32,0.8306,-1,-1,-1
477,45,1098.98,263.70,75.38,272.14,0.7607,-1,-1,-1
477,39,1191.27,102.95,345.16,855.53,0.9085,-1,-1,-1
477,20,983.53,194.42,115.24,433.81,0.7660,-1,-1,-1
477,2,765.14,178.02,173.66,510.82,0.8643,-1,-1,-1
478,51,654.67,206.10,117.26,384.82,0.8426,-1,-1,-1
478,50,921.18,279.56,71.63,236.33,0.6693,-1,-1,-1
478,46,559.06,264.22,100.83,322.53,0.8093,-1,-1,-1
478,45,1096.41,265.98,77.67,272.06,0.7682,-1,-1,-1
478,39,1190.92,101.77,348.48,843.95,0.9091,-1,-1,-1
478,20,981.10,195.72,117.36,434.49,0.7656,-1,-1,-1
478,2,769.78,179.43,172.63,509.32,0.8513,-1,-1,-1
479,51,652.50,206.06,120.89,387.18,0.8356,-1,-1,-1
479,50,917.59,238.09,81.56,281.34,0.5586,-1,-1,-1
479,46,550.74,262.45,108.49,324.85,0.8061,-1,-1,-1
479,45,1097.11,265.89,76.46,273.32,0.7660,-1,-1,-1
479,39,1192.36,101.56,349.40,839.24,0.9118,-1,-1,-1
479,20,979.00,196.22,122.53,433.40,0.7522,-1,-1,-1
479,2,774.93,179.24,172.22,506.87,0.8615,-1,-1,-1
480,51,648.21,206.38,128.26,389.69,0.8168,-1,-1,-1
480,50,918.66,234.35,79.93,284.03,0.4914,-1,-1,-1
480,46,547.75,264.29,106.99,328.07,0.8075,-1,-1,-1
480,45,1097.01,266.43,77.61,276.50,0.7605,-1,-1,-1
480,39,1194.53,101.54,349.40,843.67,0.9095,-1,-1,-1
480,20,979.02,194.64,121.67,445.14,0.7589,-1,-1,-1
480,2,777.41,180.77,174.56,503.20,0.8563,-1,-1,-1
481,51,647.89,208.15,132.16,393.68,0.8177,-1,-1,-1
481,50,926.26,278.41,70.40,237.43,0.3701,-1,-1,-1
481,46,544.90,268.15,108.32,329.22,0.8047,-1,-1,-1
481,45,1096.93,272.78,80.10,271.16,0.7872,-1,-1,-1
481,39,1196.78,103.24,350.76,852.45,0.9125,-1,-1,-1
481,20,978.95,196.01,124.20,449.71,0.7733,-1,-1,-1
481,2,781.70,182.64,171.61,500.01,0.8588,-1,-1,-1
482,51,650.35,212.05,132.40,394.76,0.8244,-1,-1,-1
482,46,544.69,273.97,108.00,328.09,0.7955,-1,-1,-1
482,45,1097.63,276.51,80.81,270.35,0.7677,-1,-1,-1
482,39,1199.78,108.12,355.26,857.60,0.9113,-1,-1,-1
482,20,978.19,200.41,126.19,442.48,0.7634,-1,-1,-1
482,2,785.36,186.72,176.79,502.65,0.8504,-1,-1,-1
483,51,650.32,210.48,136.64,397.59,0.8170,-1,-1,-1
483,46,546.53,271.36,105.17,331.83,0.7802,-1,-1,-1
483,45,1101.11,274.82,85.40,275.16,0.7716,-1,-1,-1
483,39,1201.67,109.26,356.19,863.14,0.9092,-1,-1,-1
483,20,982.18,201.09,130.48,447.20,0.7990,-1,-1,-1
483,2,788.76,183.26,177.58,507.98,0.8504,-1,-1,-1
484,51,651.34,208.99,131.25,404.34,0.8116,-1,-1,-1
484,46,547.35,269.67,103.18,338.83,0.7710,-1,-1,-1
484,45,1102.53,275.83,88.21,274.24,0.7832,-1,-1,-1
484,39,1204.29,113.15,354.60,868.09,0.9080,-1,-1,-1
484,20,987.49,203.80,125.83,448.85,0.8213,-1,-1,-1
484,2,799.27,183.15,170.51,509.69,0.8525,-1,-1,-1
485,51,652.98,208.17,129.07,412.17,0.8024,-1,-1,-1
485,46,544.78,272.07,107.65,342.21,0.7962,-1,-1,-1
485,45,1105.01,274.90,86.16,279.34,0.7897,-1,-1,-1
485,39,1208.06,114.47,355.18,881.36,0.9015,-1,-1,-1
485,20,994.03,207.68,122.60,449.77,0.8210,-1,-1,-1
485,2,805.77,190.86,172.03,500.16,0.8442,-1,-1,-1
486,51,655.26,208.09,136.39,412.37,0.8148,-1,-1,-1
486,46,545.47,271.59,110.09,345.98,0.7992,-1,-1,-1
486,45,1104.77,279.85,97.85,276.31,0.7854,-1,-1,-1
486,39,1216.47,119.73,348.74,888.81,0.9044,-1,-1,-1
486,20,998.91,211.54,121.06,448.02,0.8143,-1,-1,-1
486,2,811.41,192.00,171.87,506.38,0.8459,-1,-1,-1
487,51,657.40,208.81,148.62,418.33,0.8055,-1,-1,-1
487,46,542.96,269.39,112.62,352.07,0.8125,-1,-1,-1
487,45,1113.30,283.06,92.93,280.00,0.7876,-1,-1,-1
487,39,1223.01,130.75,348.71,891.69,0.9047,-1,-1,-1
487,20,1005.10,217.85,121.24,448.57,0.7954,-1,-1,-1
487,2,819.29,195.08,171.50,512.64,0.8609,-1,-1,-1
488,51,660.13,211.33,146.97,418.82,0.8048,-1,-1,-1
488,46,543.45,271.74,113.52,354.94,0.8075,-1,-1,-1
488,45,1118.73,285.77,93.09,277.76,0.7799,-1,-1,-1
488,39,1225.57,138.70,348.48,893.22,0.9044,-1,-1,-1
488,20,1005.19,222.04,126.37,448.92,0.8017,-1,-1,-1
488,2,824.75,203.13,174.53,509.73,0.8573,-1,-1,-1
489,51,662.56,211.52,153.93,421.44,0.8042,-1,-1,-1
489,46,541.91,270.09,118.42,360.51,0.7907,-1,-1,-1
489,45,1129.60,292.85,88.26,277.16,0.7963,-1,-1,-1
489,39,1227.62,141.75,348.17,892.10,0.9078,-1,-1,-1
489,20,1012.12,228.91,121.19,441.00,0.7789,-1,-1,-1
489,2,833.56,206.99,178.48,510.26,0.8523,-1,-1,-1
490,51,664.43,213.19,153.47,426.72,0.7998,-1,-1,-1
490,46,535.61,271.82,130.39,363.08,0.7834,-1,-1,-1
490,45,1133.15,296.94,90.61,273.36,0.8022,-1,-1,-1
490,39,1230.05,143.03,350.96,889.71,0.9106,-1,-1,-1
490,20,1014.70,229.05,123.85,448.18,0.7751,-1,-1,-1
490,2,839.03,214.26,177.86,508.16,0.8672,-1,-1,-1
491,51,664.40,213.43,159.33,429.86,0.8141,-1,-1,-1
491,46,530.78,272.90,133.64,365.37,0.7804,-1,-1,-1
491,45,1135.66,300.10,92.94,273.21,0.8188,-1,-1,-1
491,39,1227.79,142.49,356.12,894.32,0.9101,-1,-1,-1
491,20,1015.70,227.84,123.48,448.50,0.7798,-1,-1,-1
491,2,844.04,218.64,178.53,508.28,0.8650,-1,-1,-1
492,51,666.24,213.55,157.47,432.16,0.8303,-1,-1,-1
492,46,526.58,273.26,142.33,366.40,0.8083,-1,-1,-1
492,45,1136.38,304.49,96.22,275.01,0.8235,-1,-1,-1
492,39,1224.79,141.33,367.92,894.40,0.9084,-1,-1,-1
492,20,1013.87,231.69,126.37,452.03,0.7853,-1,-1,-1
492,2,847.90,224.67,177.54,507.30,0.8460,-1,-1,-1
493,51,660.11,213.41,160.19,436.24,0.8135,-1,-1,-1
493,46,523.30,274.46,143.66,368.94,0.7978,-1,-1,-1
493,45,1135.35,309.26,100.29,272.24,0.8216,-1,-1,-1
493,39,1222.68,136.07,361.17,903.71,0.8988,-1,-1,-1
493,20,1015.13,232.39,128.35,452.85,0.8115,-1,-1,-1
493,2,850.89,231.11,172.81,505.11,0.8309,-1,-1,-1
494,51,659.85,213.30,157.73,444.14,0.8268,-1,-1,-1
494,46,519.93,275.77,144.90,376.22,0.8202,-1,-1,-1
494,45,1134.00,311.02,102.72,271.71,0.7904,-1,-1,-1
494,39,1217.68,133.56,352.38,891.57,0.8984,-1,-1,-1
494,20,1014.31,233.21,127.55,448.09,0.8162,-1,-1,-1
494,2,855.26,230.32,173.57,494.57,0.8308,-1,-1,-1
495,51,654.89,213.12,162.45,451.72,0.8195,-1,-1,-1
495,46,516.02,278.10,145.52,380.01,0.7914,-1,-1,-1
495,45,1136.53,312.28,99.39,274.29,0.7831,-1,-1,-1
495,39,1212.98,131.19,354.55,884.84,0.9057,-1,-1,-1
495,20,1009.09,234.18,129.40,447.23,0.8094,-1,-1,-1
495,2,858.89,229.89,171.30,496.17,0.8385,-1,-1,-1
496,53,322.38,312.65,66.71,223.11,0.3106,-1,-1,-1
496,51,643.94,213.91,173.79,454.98,0.8373,-1,-1,-1
496,46,512.95,281.76,143.65,381.92,0.8007,-1,-1,-1
496,45,1141.53,312.77,96.55,275.54,0.7659,-1,-1,-1
496,39,1213.99,127.43,351.58,879.84,0.9091,-1,-1,-1
496,20,1010.29,234.75,128.85,445.01,0.8063,-1,-1,-1
496,2,859.71,229.50,172.90,496.02,0.8126,-1,-1,-1
497,51,637.27,213.40,179.19,456.27,0.8461,-1,-1,-1
497,46,509.38,283.42,143.68,384.08,0.8176,-1,-1,-1
497,45,1141.87,312.57,96.85,279.02,0.7445,-1,-1,-1
497,39,1212.29,121.59,352.08,887.17,0.9162,-1,-1,-1
497,20,1009.02,234.08,129.41,446.63,0.8103,-1,-1,-1
497,2,860.09,229.23,175.01,467.95,0.8111,-1,-1,-1
498,51,634.25,212.84,177.50,460.32,0.8764,-1,-1,-1
498,46,507.61,286.21,137.47,382.44,0.8260,-1,-1,-1
498,45,1141.76,312.47,97.06,279.60,0.7723,-1,-1,-1
498,39,1210.41,118.37,352.76,897.69,0.9115,-1,-1,-1
498,20,1008.01,235.27,129.80,447.33,0.8242,-1,-1,-1
498,2,859.29,228.75,177.63,456.74,0.8131,-1,-1,-1
499,51,629.51,214.65,173.16,463.68,0.8769,-1,-1,-1
499,46,498.53,287.59,143.95,387.16,0.8103,-1,-1,-1
499,45,1143.59,311.88,95.13,283.50,0.7388,-1,-1,-1
499,39,1211.37,115.67,351.47,907.94,0.9119,-1,-1,-1
499,20,1008.01,233.07,128.96,449.82,0.8059,-1,-1,-1
499,2,859.02,227.22,178.59,491.44,0.8189,-1,-1,-1
500,51,624.79,214.20,171.02,472.71,0.8412,-1,-1,-1
500,46,493.69,290.10,142.11,391.03,0.8254,-1,-1,-1
500,45,1141.30,312.48,97.49,285.67,0.7397,-1,-1,-1
500,39,1208.06,114.66,354.80,919.06,0.9101,-1,-1,-1
500,20,1008.69,232.58,125.65,453.60,0.8011,-1,-1,-1
500,2,859.30,226.33,176.56,487.74,0.8309,-1,-1,-1
501,51,622.00,212.15,169.49,482.48,0.8423,-1,-1,-1
501,46,486.64,283.31,143.34,400.06,0.8323,-1,-1,-1
501,45,1143.34,312.02,95.17,284.26,0.7571,-1,-1,-1
501,39,1208.16,114.56,353.96,926.56,0.9116,-1,-1,-1
501,20,1007.63,233.44,127.21,453.76,0.8121,-1,-1,-1
501,2,857.23,226.75,179.61,492.15,0.8407,-1,-1,-1
502,51,615.95,213.25,174.75,484.61,0.8389,-1,-1,-1
502,46,480.58,282.97,140.64,405.65,0.8263,-1,-1,-1
502,45,1141.80,311.42,96.95,283.32,0.7961,-1,-1,-1
502,39,1208.95,114.82,352.22,931.22,0.9147,-1,-1,-1
502,20,1004.12,235.45,128.75,453.02,0.8182,-1,-1,-1
502,2,858.20,227.54,180.53,489.04,0.8465,-1,-1,-1
503,51,608.97,206.49,164.35,487.61,0.8485,-1,-1,-1
503,46,470.74,277.36,142.07,411.33,0.8174,-1,-1,-1
503,45,1138.37,309.15,96.96,285.11,0.8153,-1,-1,-1
503,39,1208.65,116.39,351.59,933.52,0.9157,-1,-1,-1
503,20,1002.02,235.45,131.58,448.71,0.8122,-1,-1,-1
503,2,855.24,225.58,179.55,497.04,0.8427,-1,-1,-1
504,51,601.47,196.07,168.46,501.02,0.8539,-1,-1,-1
504,46,461.84,274.83,145.20,415.00,0.8151,-1,-1,-1
504,45,1136.82,305.51,98.97,288.94,0.8100,-1,-1,-1
504,39,1206.82,117.08,352.72,937.85,0.9172,-1,-1,-1
504,20,1001.99,233.65,128.60,448.06,0.8056,-1,-1,-1
504,2,851.98,224.87,183.31,492.02,0.8407,-1,-1,-1
505,51,590.43,195.14,173.68,504.14,0.8639,-1,-1,-1
505,46,451.71,269.09,144.65,422.91,0.8092,-1,-1,-1
505,45,1135.46,302.43,97.59,288.17,0.8120,-1,-1,-1
505,39,1208.20,116.09,352.62,942.34,0.9195,-1,-1,-1
505,20,1005.43,230.25,118.52,449.15,0.7633,-1,-1,-1
505,2,854.96,225.03,183.44,496.22,0.8217,-1,-1,-1
506,51,581.90,188.11,168.40,507.58,0.8524,-1,-1,-1
506,46,440.56,266.24,153.17,428.05,0.8197,-1,-1,-1
506,45,1128.92,299.19,105.05,290.38,0.8077,-1,-1,-1
506,39,1207.80,114.19,353.48,945.06,0.9161,-1,-1,-1
506,20,1002.75,232.60,118.94,439.43,0.7543,-1,-1,-1
506,2,854.51,224.08,183.23,503.94,0.8192,-1,-1,-1
507,51,572.87,186.52,169.58,507.43,0.8499,-1,-1,-1
507,46,432.10,262.18,150.18,435.39,0.8505,-1,-1,-1
507,45,1129.35,297.31,102.53,290.92,0.8150,-1,-1,-1
507,39,1210.89,112.03,351.08,933.98,0.9159,-1,-1,-1
507,20,1000.88,233.03,118.42,440.58,0.7591,-1,-1,-1
507,2,856.50,224.93,179.92,505.58,0.8122,-1,-1,-1
508,51,562.69,180.08,169.28,519.92,0.8464,-1,-1,-1
508,46,418.00,258.84,149.84,439.82,0.8384,-1,-1,-1
508,45,1133.05,296.25,96.66,290.08,0.7945,-1,-1,-1
508,39,1211.96,107.97,348.54,932.76,0.9172,-1,-1,-1
508,20,1004.02,227.35,107.37,447.61,0.7305,-1,-1,-1
508,2,854.38,229.71,175.86,497.98,0.8230,-1,-1,-1
509,51,550.12,174.35,173.14,527.25,0.8655,-1,-1,-1
509,46,408.72,255.20,149.21,443.78,0.8459,-1,-1,-1
509,45,1127.32,295.51,96.27,289.45,0.7947,-1,-1,-1
509,39,1210.37,104.57,348.13,933.95,0.9159,-1,-1,-1
509,20,1002.60,227.00,96.62,449.90,0.7384,-1,-1,-1
509,2,854.51,228.87,173.34,492.25,0.8009,-1,-1,-1
510,54,1077.41,309.57,50.28,207.66,0.4561,-1,-1,-1
510,52,1863.72,405.09,55.51,88.00,0.3646,-1,-1,-1
510,51,535.95,169.91,179.12,535.83,0.8798,-1,-1,-1
510,46,393.43,253.89,149.54,451.03,0.8395,-1,-1,-1
510,45,1121.50,293.41,98.19,290.77,0.8059,-1,-1,-1
510,39,1207.43,100.67,356.36,932.79,0.9113,-1,-1,-1
510,20,998.36,227.70,97.82,448.45,0.7134,-1,-1,-1
510,2,851.26,228.15,172.34,488.91,0.7938,-1,-1,-1
511,54,1071.23,311.19,58.69,204.23,0.5248,-1,-1,-1
511,51,523.21,170.75,178.04,537.02,0.8654,-1,-1,-1
511,46,375.39,251.57,159.33,461.46,0.8520,-1,-1,-1
511,45,1119.39,289.41,96.75,295.17,0.8114,-1,-1,-1
511,39,1204.78,94.36,358.96,920.87,0.9118,-1,-1,-1
511,20,993.27,219.29,100.60,460.23,0.6836,-1,-1,-1
511,2,860.08,225.66,160.14,484.16,0.7536,-1,-1,-1
512,54,1067.45,307.14,59.13,202.01,0.4564,-1,-1,-1
512,51,511.30,168.46,183.76,547.31,0.8665,-1,-1,-1
512,46,362.86,251.51,159.25,470.57,0.8265,-1,-1,-1
512,45,1114.49,284.91,97.77,297.57,0.7847,-1,-1,-1
512,39,1204.85,87.20,354.43,906.39,0.9077,-1,-1,-1
512,20,990.34,216.29,102.10,465.26,0.6845,-1,-1,-1
512,2,856.41,219.25,160.42,481.95,0.7486,-1,-1,-1
513,54,1060.65,308.76,63.65,203.82,0.5035,-1,-1,-1
513,51,500.88,161.62,189.27,560.68,0.8584,-1,-1,-1
513,46,350.61,246.17,161.55,481.30,0.8543,-1,-1,-1
513,45,1111.64,284.03,97.73,296.32,0.7458,-1,-1,-1
513,39,1207.18,83.06,351.41,899.25,0.9028,-1,-1,-1
513,20,989.08,222.33,83.60,451.60,0.6102,-1,-1,-1
513,2,851.61,214.47,161.62,483.43,0.8258,-1,-1,-1
514,54,1059.65,299.08,61.95,214.29,0.4241,-1,-1,-1
514,51,487.99,157.69,197.09,572.23,0.8477,-1,-1,-1
514,46,341.40,247.12,164.62,475.58,0.8290,-1,-1,-1
514,45,1108.58,277.99,100.14,297.36,0.7837,-1,-1,-1
514,39,1211.21,74.39,348.17,899.27,0.9054,-1,-1,-1
514,20,987.46,212.54,89.57,451.63,0.6746,-1,-1,-1
514,2,850.88,205.24,159.37,488.71,0.7774,-1,-1,-1
515,55,832.94,327.57,60.49,229.31,0.3467,-1,-1,-1
515,54,1057.31,293.04,57.50,222.08,0.4458,-1,-1,-1
515,52,1852.80,371.56,66.69,100.35,0.3132,-1,-1,-1
515,51,481.00,155.26,197.17,580.52,0.8479,-1,-1,-1
515,46,329.38,245.68,169.19,480.73,0.8546,-1,-1,-1
515,45,1104.84,274.61,101.99,298.87,0.8049,-1,-1,-1
515,39,1213.90,68.21,345.73,906.10,0.9066,-1,-1,-1
515,20,987.76,210.60,90.15,452.78,0.6656,-1,-1,-1
515,2,850.36,204.37,158.25,486.41,0.7921,-1,-1,-1
516,54,1054.32,296.38,61.07,215.58,0.4492,-1,-1,-1
516,51,470.16,151.51,205.90,586.09,0.8653,-1,-1,-1
516,46,317.80,244.72,173.43,491.68,0.8639,-1,-1,-1
516,45,1105.03,273.23,100.50,298.97,0.8176,-1,-1,-1
516,39,1217.37,62.73,342.01,911.87,0.9067,-1,-1,-1
516,20,987.65,205.22,88.70,448.34,0.6717,-1,-1,-1
516,2,848.64,202.00,158.92,486.87,0.8173,-1,-1,-1
517,55,832.47,325.85,59.52,226.83,0.3071,-1,-1,-1
517,54,1055.37,295.67,60.93,212.80,0.5299,-1,-1,-1
517,51,465.56,151.17,208.86,596.03,0.8866,-1,-1,-1
517,46,308.95,239.78,171.37,505.69,0.8546,-1,-1,-1
517,45,1105.94,270.88,101.03,301.02,0.8210,-1,-1,-1
517,39,1219.54,59.89,340.97,921.01,0.9086,-1,-1,-1
517,20,987.92,203.77,84.98,437.63,0.6631,-1,-1,-1
517,2,851.04,198.65,155.17,490.27,0.8158,-1,-1,-1
518,55,832.64,326.89,59.76,227.89,0.3327,-1,-1,-1
518,54,1053.78,287.44,56.09,219.67,0.4935,-1,-1,-1
518,52,1857.41,354.61,61.97,113.36,0.3118,-1,-1,-1
518,51,459.47,147.24,213.20,605.85,0.8800,-1,-1,-1
518,46,299.16,234.48,173.76,518.97,0.8636,-1,-1,-1
518,45,1103.41,268.73,104.98,305.34,0.8106,-1,-1,-1
518,39,1219.88,57.82,341.65,931.99,0.9090,-1,-1,-1
518,20,987.95,201.22,82.33,437.03,0.6678,-1,-1,-1
518,2,852.19,197.45,153.11,493.37,0.7923,-1,-1,-1
519,54,1056.08,291.11,57.02,220.51,0.5483,-1,-1,-1
519,51,452.11,143.47,218.30,615.73,0.8662,-1,-1,-1
519,46,290.56,230.16,177.13,530.22,0.8635,-1,-1,-1
519,45,1100.71,264.22,107.59,308.49,0.8084,-1,-1,-1
519,39,1220.52,57.76,341.41,935.09,0.9035,-1,-1,-1
519,20,987.54,199.35,82.03,436.71,0.6409,-1,-1,-1
519,2,851.12,196.57,155.01,494.40,0.7936,-1,-1,-1
520,54,1056.51,285.30,53.45,221.66,0.5421,-1,-1,-1
520,51,448.11,139.33,222.84,624.11,0.8580,-1,-1,-1
520,46,278.60,225.38,183.29,535.40,0.8732,-1,-1,-1
520,45,1102.49,264.98,107.79,304.61,0.8028,-1,-1,-1
520,39,1226.62,56.18,337.51,943.66,0.9025,-1,-1,-1
520,20,987.30,196.52,82.02,439.64,0.6349,-1,-1,-1
520,2,853.25,193.94,153.11,496.14,0.7847,-1,-1,-1
521,54,1060.00,296.99,56.86,211.17,0.5819,-1,-1,-1
521,51,446.85,135.58,225.68,630.90,0.8568,-1,-1,-1
521,46,273.21,228.49,185.29,535.67,0.8842,-1,-1,-1
521,45,1108.43,264.78,108.74,306.75,0.7963,-1,-1,-1
521,39,1231.23,60.07,336.41,948.31,0.9022,-1,-1,-1
521,20,989.73,197.04,82.23,440.41,0.6698,-1,-1,-1
521,2,856.98,197.78,151.08,496.09,0.7859,-1,-1,-1
522,54,1059.75,283.68,56.37,216.19,0.5760,-1,-1,-1
522,51,443.68,129.93,228.78,638.84,0.8674,-1,-1,-1
522,46,266.13,223.18,187.93,544.38,0.8767,-1,-1,-1
522,45,1108.33,262.22,106.96,306.33,0.7992,-1,-1,-1
522,39,1233.52,58.06,330.19,957.06,0.9047,-1,-1,-1
522,20,989.56,195.85,82.10,442.13,0.6511,-1,-1,-1
522,2,858.43,198.94,151.11,492.13,0.8086,-1,-1,-1
523,54,1059.76,285.15,60.11,215.18,0.6369,-1,-1,-1
523,51,436.68,117.84,234.54,655.17,0.8748,-1,-1,-1
523,46,254.60,217.19,198.49,552.73,0.8786,-1,-1,-1
523,45,1107.66,259.94,109.67,304.98,0.7868,-1,-1,-1
523,39,1234.16,55.19,325.74,965.37,0.9078,-1,-1,-1
523,20,990.08,193.71,83.03,447.04,0.6679,-1,-1,-1
523,2,862.95,197.65,148.57,492.40,0.8158,-1,-1,-1
524,54,1059.76,281.76,62.17,217.44,0.6624,-1,-1,-1
524,51,433.11,118.00,237.78,658.35,0.8761,-1,-1,-1
524,46,248.32,215.85,201.87,562.06,0.8795,-1,-1,-1
524,45,1105.84,258.55,114.12,306.77,0.7970,-1,-1,-1
524,39,1235.87,53.76,324.01,962.12,0.9067,-1,-1,-1
524,20,993.69,198.99,79.91,451.03,0.6185,-1,-1,-1
524,2,869.06,199.21,145.57,491.55,0.8325,-1,-1,-1
525,54,1065.02,280.24,61.96,219.21,0.6511,-1,-1,-1
525,51,432.87,112.70,241.62,666.79,0.8757,-1,-1,-1
525,46,240.49,212.75,203.39,566.48,0.8767,-1,-1,-1
525,45,1111.45,256.82,114.46,307.01,0.8081,-1,-1,-1
525,39,1235.37,48.91,328.72,966.18,0.9048,-1,-1,-1
525,20,994.68,202.55,84.56,438.10,0.5593,-1,-1,-1
525,2,872.91,200.14,149.68,490.70,0.8534,-1,-1,-1
526,54,1069.76,276.77,59.39,221.69,0.7115,-1,-1,-1
526,51,429.55,110.76,248.13,670.76,0.8780,-1,-1,-1
526,46,232.14,209.83,206.17,574.04,0.8671,-1,-1,-1
526,45,1114.11,255.88,117.75,311.17,0.8281,-1,-1,-1
526,39,1239.73,48.09,328.41,964.30,0.9025,-1,-1,-1
526,20,996.26,202.62,88.32,445.62,0.5388,-1,-1,-1
526,2,877.46,199.28,149.93,493.90,0.8613,-1,-1,-1
527,54,1072.13,279.05,62.93,225.37,0.7561,-1,-1,-1
527,51,424.65,111.12,255.82,673.33,0.8747,-1,-1,-1
527,46,224.75,205.28,206.82,584.50,0.8560,-1,-1,-1
527,45,1117.22,259.32,119.65,308.83,0.8428,-1,-1,-1
527,39,1244.54,49.64,326.20,961.81,0.9087,-1,-1,-1
527,20,997.00,204.14,91.28,448.17,0.6063,-1,-1,-1
527,2,880.13,200.72,151.80,491.40,0.8386,-1,-1,-1
528,54,1078.95,278.02,62.85,224.69,0.7222,-1,-1,-1
528,51,420.28,108.09,260.61,681.13,0.8841,-1,-1,-1
528,46,223.94,206.17,209.27,589.47,0.8463,-1,-1,-1
528,45,1125.94,260.54,111.54,310.24,0.8397,-1,-1,-1
528,39,1242.42,46.44,332.79,963.51,0.9093,-1,-1,-1
528,20,999.30,202.93,93.17,451.24,0.5889,-1,-1,-1
528,2,877.93,199.55,157.75,493.00,0.8258,-1,-1,-1
529,54,1085.02,284.17,58.56,226.20,0.7215,-1,-1,-1
529,51,415.54,104.19,269.48,693.44,0.8815,-1,-1,-1
529,46,222.58,205.92,209.62,608.86,0.8253,-1,-1,-1
529,45,1133.29,261.58,108.15,311.63,0.8126,-1,-1,-1
529,39,1242.06,47.80,335.42,953.54,0.9104,-1,-1,-1
529,20,1002.01,203.03,90.12,452.41,0.6234,-1,-1,-1
529,2,875.93,198.40,158.22,489.76,0.8119,-1,-1,-1
530,54,1089.30,298.41,61.73,208.62,0.6524,-1,-1,-1
530,51,402.92,101.16,282.48,713.54,0.8806,-1,-1,-1
530,46,212.87,206.28,218.66,630.52,0.8275,-1,-1,-1
530,45,1137.36,262.06,107.53,313.82,0.8000,-1,-1,-1
530,39,1246.98,49.13,342.75,938.82,0.9049,-1,-1,-1
530,20,1008.62,208.46,87.35,451.65,0.7038,-1,-1,-1
530,2,889.09,196.47,144.11,490.89,0.7797,-1,-1,-1
531,54,1093.91,293.07,64.17,213.49,0.7247,-1,-1,-1
531,51,401.12,93.72,283.62,743.21,0.8831,-1,-1,-1
531,46,208.33,208.92,218.07,635.33,0.8439,-1,-1,-1
531,45,1143.94,264.98,106.02,311.30,0.8074,-1,-1,-1
531,39,1247.83,48.84,345.64,937.49,0.9107,-1,-1,-1
531,20,1010.38,206.62,93.03,458.96,0.7153,-1,-1,-1
531,2,877.83,195.33,159.27,491.46,0.7960,-1,-1,-1
532,54,1099.79,293.75,60.28,216.43,0.7336,-1,-1,-1
532,51,396.82,92.24,288.69,757.71,0.8872,-1,-1,-1
532,46,203.35,211.72,222.46,633.87,0.8573,-1,-1,-1
532,45,1146.80,264.94,105.97,313.81,0.8129,-1,-1,-1
532,39,1250.47,47.22,349.19,949.28,0.9081,-1,-1,-1
532,20,1013.65,201.16,92.32,462.83,0.6439,-1,-1,-1
532,2,887.33,198.26,156.45,486.36,0.8205,-1,-1,-1
533,54,1103.00,284.70,61.92,226.25,0.6586,-1,-1,-1
533,51,387.39,90.98,297.90,762.91,0.8827,-1,-1,-1
533,46,197.08,214.29,221.60,640.55,0.8669,-1,-1,-1
533,45,1151.52,269.52,105.59,315.11,0.8024,-1,-1,-1
533,39,1252.92,48.12,355.69,955.73,0.9008,-1,-1,-1
533,20,1015.68,202.99,92.44,460.15,0.7141,-1,-1,-1
533,2,892.66,200.33,153.65,485.85,0.8351,-1,-1,-1
534,54,1106.23,286.98,64.44,232.59,0.5998,-1,-1,-1
534,51,380.33,90.56,303.75,764.02,0.8852,-1,-1,-1
534,46,188.52,216.77,221.57,641.75,0.8753,-1,-1,-1
534,45,1154.22,270.39,106.91,316.23,0.7684,-1,-1,-1
534,39,1260.55,44.57,358.76,966.64,0.9035,-1,-1,-1
534,20,1015.91,198.01,91.89,466.40,0.6615,-1,-1,-1
534,2,895.88,201.65,153.26,496.50,0.8349,-1,-1,-1
535,54,1106.46,289.21,59.90,231.59,0.4044,-1,-1,-1
535,51,373.39,87.01,303.88,778.18,0.8757,-1,-1,-1
535,46,178.91,210.43,228.05,676.54,0.8801,-1,-1,-1
535,45,1152.91,269.90,113.33,317.19,0.7876,-1,-1,-1
535,39,1263.54,43.31,358.03,978.52,0.9082,-1,-1,-1
535,20,1017.61,199.43,94.89,472.32,0.6857,-1,-1,-1
535,2,896.03,205.07,153.88,492.81,0.8422,-1,-1,-1
536,54,1108.94,294.74,58.97,223.28,0.3572,-1,-1,-1
536,51,370.90,82.74,300.48,808.41,0.8700,-1,-1,-1
536,46,167.05,208.68,234.39,683.10,0.8808,-1,-1,-1
536,45,1154.72,269.45,112.29,317.83,0.8013,-1,-1,-1
536,39,1263.22,41.68,366.78,988.03,0.9050,-1,-1,-1
536,20,1019.19,196.99,92.83,468.13,0.7118,-1,-1,-1
536,2,900.48,205.39,152.03,494.74,0.8320,-1,-1,-1
537,54,1112.70,282.92,66.27,244.39,0.3736,-1,-1,-1
537,51,362.67,78.94,301.99,830.42,0.8744,-1,-1,-1
537,46,151.08,205.24,241.51,694.66,0.8765,-1,-1,-1
537,45,1155.74,269.97,111.44,318.01,0.7664,-1,-1,-1
537,39,1263.96,40.93,371.41,994.35,0.9050,-1,-1,-1
537,20,1019.78,199.01,92.85,462.44,0.6986,-1,-1,-1
537,2,903.00,210.06,150.83,492.76,0.8228,-1,-1,-1
538,54,1114.93,282.01,63.77,246.28,0.3619,-1,-1,-1
538,51,350.14,66.78,298.82,849.13,0.8846,-1,-1,-1
538,46,135.86,198.64,244.47,708.92,0.8730,-1,-1,-1
538,45,1158.42,268.40,109.83,321.29,0.8010,-1,-1,-1
538,39,1267.02,41.25,375.89,1000.65,0.9047,-1,-1,-1
538,20,1020.00,200.60,100.92,459.38,0.7037,-1,-1,-1
538,2,904.02,212.76,152.15,490.08,0.8182,-1,-1,-1
539,51,341.97,53.00,306.83,866.12,0.8803,-1,-1,-1
539,46,110.79,188.02,251.48,721.79,0.8693,-1,-1,-1
539,45,1154.68,265.20,110.55,323.55,0.7894,-1,-1,-1
539,39,1268.48,40.14,377.95,1007.96,0.9043,-1,-1,-1
539,20,1020.45,199.99,103.93,450.49,0.7193,-1,-1,-1
539,2,902.92,211.85,151.06,491.54,0.8160,-1,-1,-1
540,51,326.37,50.82,310.22,872.50,0.8769,-1,-1,-1
540,46,98.82,178.88,243.10,736.13,0.8850,-1,-1,-1
540,45,1151.48,266.15,109.02,322.25,0.7977,-1,-1,-1
540,39,1273.15,41.63,374.21,1014.47,0.9040,-1,-1,-1
540,20,1021.35,198.44,91.81,453.93,0.6248,-1,-1,-1
540,2,903.34,212.36,151.75,490.60,0.8094,-1,-1,-1
541,51,302.72,42.03,310.26,887.12,0.8858,-1,-1,-1
541,46,75.70,180.11,253.02,744.10,0.8952,-1,-1,-1
541,45,1135.28,268.53,118.69,321.61,0.7808,-1,-1,-1
541,39,1271.85,51.39,377.28,1010.29,0.9000,-1,-1,-1
541,20,1018.25,200.07,96.36,454.19,0.7096,-1,-1,-1
541,2,903.20,216.66,147.90,482.87,0.8054,-1,-1,-1
542,57,584.73,291.57,70.16,250.66,0.6274,-1,-1,-1
542,51,289.15,34.28,305.10,901.71,0.8866,-1,-1,-1
542,46,52.06,167.18,257.78,754.47,0.8871,-1,-1,-1
542,45,1140.29,266.81,110.55,323.56,0.8210,-1,-1,-1
542,39,1272.33,53.59,377.83,1005.45,0.8952,-1,-1,-1
542,20,1017.54,196.47,84.99,455.28,0.6567,-1,-1,-1
542,2,896.67,211.76,151.04,488.59,0.7967,-1,-1,-1
543,57,581.66,287.33,75.46,255.67,0.5996,-1,-1,-1
543,56,1636.25,287.99,65.44,152.37,0.3343,-1,-1,-1
543,51,258.44,19.73,324.71,919.42,0.8778,-1,-1,-1
543,46,28.07,159.27,263.46,770.82,0.8898,-1,-1,-1
543,45,1132.19,265.30,111.07,321.28,0.7960,-1,-1,-1
543,39,1276.54,51.86,375.44,1001.29,0.8989,-1,-1,-1
543,20,1017.39,194.92,82.58,455.32,0.6310,-1,-1,-1
543,2,891.52,208.72,153.10,489.91,0.8219,-1,-1,-1
544,57,579.43,286.98,74.33,257.56,0.6438,-1,-1,-1
544,56,1637.23,287.47,63.73,154.67,0.3281,-1,-1,-1
544,51,253.90,11.23,311.94,936.96,0.8982,-1,-1,-1
544,46,4.59,154.45,271.57,781.66,0.8870,-1,-1,-1
544,45,1116.82,262.77,122.08,327.78,0.8357,-1,-1,-1
544,39,1278.34,52.52,374.21,1006.53,0.8984,-1,-1,-1
544,20,1014.93,190.84,85.76,461.22,0.5611,-1,-1,-1
544,2,891.47,204.75,152.12,486.35,0.8171,-1,-1,-1
545,57,577.85,290.16,72.59,254.36,0.6475,-1,-1,-1
545,56,1638.37,290.63,63.26,155.10,0.3135,-1,-1,-1
545,51,219.90,4.19,330.52,950.25,0.8899,-1,-1,-1
545,46,0.00,146.82,254.98,802.04,0.8815,-1,-1,-1
545,45,1108.82,264.79,125.57,328.53,0.8420,-1,-1,-1
545,39,1280.63,54.13,372.26,1000.40,0.9040,-1,-1,-1
545,20,1011.93,201.14,85.94,459.41,0.6109,-1,-1,-1
545,2,889.56,203.85,151.60,483.23,0.8098,-1,-1,-1
546,57,574.20,288.72,70.75,253.20,0.6964,-1,-1,-1
546,56,1638.72,301.93,59.96,146.26,0.3621,-1,-1,-1
546,51,201.05,5.41,339.55,959.26,0.9040,-1,-1,-1
546,46,0.00,141.88,236.59,825.10,0.8869,-1,-1,-1
546,45,1110.55,269.17,119.05,323.97,0.8204,-1,-1,-1
546,39,1279.47,54.48,372.81,999.92,0.9042,-1,-1,-1
546,20,1009.49,199.38,94.19,443.54,0.4927,-1,-1,-1
546,2,884.27,202.31,156.63,484.40,0.8077,-1,-1,-1
547,57,568.48,289.88,61.18,254.33,0.6272,-1,-1,-1
547,56,1637.78,299.33,59.04,150.36,0.3411,-1,-1,-1
547,51,181.56,2.57,346.77,967.00,0.8975,-1,-1,-1
547,46,0.18,132.29,219.65,839.94,0.8793,-1,-1,-1
547,45,1112.71,268.57,109.38,323.06,0.7743,-1,-1,-1
547,39,1278.74,53.50,370.05,991.84,0.9079,-1,-1,-1
547,20,1003.02,199.78,104.35,448.12,0.6078,-1,-1,-1
547,2,878.45,201.33,155.65,485.10,0.8088,-1,-1,-1
548,57,563.03,287.48,61.92,259.37,0.6729,-1,-1,-1
548,56,1631.62,291.70,61.98,158.82,0.3878,-1,-1,-1
548,51,158.85,3.35,362.34,987.70,0.8996,-1,-1,-1
548,46,0.77,125.09,203.74,841.56,0.8607,-1,-1,-1
548,45,1097.46,269.99,116.61,325.60,0.8084,-1,-1,-1
548,39,1278.47,52.60,367.73,978.04,0.9042,-1,-1,-1
548,20,1000.32,202.76,117.85,447.81,0.6326,-1,-1,-1
548,2,873.93,202.69,156.09,486.27,0.8153,-1,-1,-1
549,57,555.19,291.71,64.20,253.73,0.6634,-1,-1,-1
549,56,1629.82,296.22,60.06,156.31,0.4340,-1,-1,-1
549,51,113.15,1.48,402.84,1028.48,0.8784,-1,-1,-1
549,46,0.93,127.78,194.87,847.38,0.8491,-1,-1,-1
549,45,1097.62,271.74,111.63,323.32,0.8208,-1,-1,-1
549,39,1277.79,50.11,364.29,967.74,0.9045,-1,-1,-1
549,20,994.56,218.33,132.43,430.00,0.6793,-1,-1,-1
549,2,868.41,202.14,151.09,491.02,0.8359,-1,-1,-1
550,58,987.77,206.34,80.71,448.73,0.4563,-1,-1,-1
550,57,546.17,285.90,72.43,261.29,0.6639,-1,-1,-1
550,56,1624.26,291.25,62.26,163.98,0.4779,-1,-1,-1
550,51,89.63,2.75,398.95,1065.16,0.8849,-1,-1,-1
550,46,0.12,163.85,154.44,820.00,0.8166,-1,-1,-1
550,45,1097.80,272.39,103.06,323.51,0.8088,-1,-1,-1
550,39,1277.22,48.55,361.69,971.95,0.9036,-1,-1,-1
550,20,1026.46,276.03,109.13,348.33,0.6143,-1,-1,-1
550,2,866.53,203.94,152.38,493.14,0.8402,-1,-1,-1
551,58,983.76,206.83,81.16,431.50,0.3066,-1,-1,-1
551,57,540.91,280.37,63.25,268.32,0.7282,-1,-1,-1
551,56,1620.77,284.38,64.68,171.65,0.4933,-1,-1,-1
551,51,63.49,1.30,405.62,1073.96,0.8871,-1,-1,-1
551,46,0.28,254.80,143.90,732.33,0.8401,-1,-1,-1
551,45,1094.63,274.27,103.28,321.06,0.7984,-1,-1,-1
551,39,1276.22,47.88,362.05,984.94,0.8995,-1,-1,-1
551,20,1023.57,287.74,111.27,339.09,0.6775,-1,-1,-1
551,2,864.99,208.43,147.78,487.45,0.8467,-1,-1,-1
552,58,975.15,212.36,85.37,412.20,0.4465,-1,-1,-1
552,57,534.12,283.39,69.61,267.03,0.7325,-1,-1,-1
552,56,1618.36,279.24,67.01,178.22,0.3780,-1,-1,-1
552,51,24.31,3.76,424.95,1068.70,0.9076,-1,-1,-1
552,46,0.07,239.44,125.06,752.46,0.7941,-1,-1,-1
552,45,1094.91,276.98,96.98,320.47,0.7477,-1,-1,-1
552,39,1276.39,48.70,359.22,991.95,0.8993,-1,-1,-1
552,20,1013.69,283.11,124.27,348.54,0.6555,-1,-1,-1
552,2,858.91,213.02,148.09,479.97,0.8403,-1,-1,-1
553,58,972.69,212.52,85.80,423.01,0.5704,-1,-1,-1
553,57,529.60,291.00,70.10,260.81,0.7055,-1,-1,-1
553,56,1615.50,281.48,67.92,177.53,0.3160,-1,-1,-1
553,51,0.75,1.99,437.98,1064.92,0.9054,-1,-1,-1
553,46,0.00,233.27,115.41,765.41,0.4720,-1,-1,-1
553,45,1097.45,275.90,87.54,319.74,0.7466,-1,-1,-1
553,39,1280.28,47.44,353.94,998.91,0.8959,-1,-1,-1
553,20,1014.55,271.01,122.91,364.62,0.6266,-1,-1,-1
553,2,852.05,216.34,146.05,480.43,0.8146,-1,-1,-1
554,58,964.37,213.63,85.07,468.50,0.6286,-1,-1,-1
554,57,526.99,286.32,70.35,268.67,0.7208,-1,-1,-1
554,56,1612.55,288.02,71.56,170.36,0.5706,-1,-1,-1
554,51,0.00,4.11,429.86,1062.13,0.9109,-1,-1,-1
554,45,1096.25,277.51,89.95,328.73,0.6852,-1,-1,-1
554,39,1274.72,47.36,352.45,1004.93,0.9026,-1,-1,-1
554,20,1018.41,268.43,117.34,371.11,0.6175,-1,-1,-1
554,2,851.73,221.14,136.96,480.55,0.8401,-1,-1,-1
555,58,960.15,214.74,87.27,464.88,0.6516,-1,-1,-1
555,57,522.91,288.80,74.29,268.29,0.7476,-1,-1,-1
555,56,1605.94,291.23,77.16,169.26,0.6565,-1,-1,-1
555,51,0.41,2.88,381.49,1062.37,0.8839,-1,-1,-1
555,45,1098.10,278.98,82.42,336.82,0.4506,-1,-1,-1
555,39,1268.68,50.72,353.28,1008.06,0.9051,-1,-1,-1
555,20,1016.47,268.78,121.45,374.53,0.6406,-1,-1,-1
555,2,853.07,221.99,132.25,483.02,0.8488,-1,-1,-1
556,58,960.72,216.56,91.55,464.84,0.7286,-1,-1,-1
556,57,520.62,289.94,70.31,270.08,0.7281,-1,-1,-1
556,56,1607.06,291.96,76.54,171.66,0.6454,-1,-1,-1
556,51,0.00,5.79,350.23,1057.99,0.9233,-1,-1,-1
556,39,1266.84,53.91,352.54,1014.65,0.9004,-1,-1,-1
556,20,1018.64,261.88,125.62,383.04,0.6032,-1,-1,-1
556,2,849.87,222.26,134.01,482.04,0.8436,-1,-1,-1
557,58,960.39,213.12,93.76,464.27,0.7582,-1,-1,-1
557,57,516.80,292.84,70.90,269.39,0.7235,-1,-1,-1
557,56,1605.76,288.67,77.75,176.10,0.5224,-1,-1,-1
557,51,0.00,4.44,339.01,1062.45,0.9184,-1,-1,-1
557,39,1270.80,55.67,345.61,1013.04,0.8958,-1,-1,-1
557,20,1044.38,261.57,121.45,378.02,0.7519,-1,-1,-1
557,2,845.44,220.08,136.72,484.38,0.8357,-1,-1,-1
558,58,960.78,216.15,93.27,459.89,0.8014,-1,-1,-1
558,57,516.05,293.08,72.35,270.63,0.7385,-1,-1,-1
558,56,1605.12,288.01,82.95,176.50,0.4420,-1,-1,-1
558,51,0.22,4.60,331.81,1062.65,0.8748,-1,-1,-1
558,39,1277.50,56.48,334.61,1015.23,0.8954,-1,-1,-1
558,20,1050.19,256.12,116.37,389.22,0.7893,-1,-1,-1
558,2,838.43,218.62,142.23,488.72,0.8392,-1,-1,-1
559,58,957.66,213.75,99.58,454.72,0.7989,-1,-1,-1
559,57,520.15,289.26,69.27,278.40,0.7439,-1,-1,-1
559,56,1603.74,291.96,94.16,175.13,0.5060,-1,-1,-1
559,51,0.35,7.10,354.12,1063.60,0.8955,-1,-1,-1
559,39,1284.78,57.35,325.11,1011.86,0.9023,-1,-1,-1
559,20,1047.77,255.81,120.93,392.08,0.7931,-1,-1,-1
559,2,831.86,220.73,149.50,482.81,0.8350,-1,-1,-1
560,58,955.79,220.20,103.60,444.26,0.7658,-1,-1,-1
560,57,520.47,291.82,71.04,277.97,0.7422,-1,-1,-1
560,56,1602.05,293.14,102.86,175.18,0.6286,-1,-1,-1
560,51,0.88,4.58,349.84,1063.49,0.7996,-1,-1,-1
560,39,1289.33,59.86,316.17,1008.01,0.8923,-1,-1,-1
560,20,1062.56,264.61,111.28,382.40,0.7204,-1,-1,-1
560,2,823.61,224.84,158.93,475.14,0.8430,-1,-1,-1
561,58,955.96,217.28,109.64,446.39,0.7842,-1,-1,-1
561,57,523.19,287.23,76.02,281.85,0.7175,-1,-1,-1
561,56,1606.50,283.36,118.27,183.51,0.5894,-1,-1,-1
561,51,1.03,6.64,334.39,1061.56,0.8638,-1,-1,-1
561,39,1293.85,56.45,318.43,1011.74,0.8955,-1,-1,-1
561,20,1080.31,273.42,112.71,369.15,0.7062,-1,-1,-1
561,2,821.76,221.62,160.85,474.83,0.8466,-1,-1,-1
562,58,954.21,213.83,114.36,453.97,0.7989,-1,-1,-1
562,57,524.70,289.22,74.39,278.59,0.6948,-1,-1,-1
562,56,1617.51,285.76,110.53,181.48,0.6895,-1,-1,-1
562,51,1.03,13.17,332.08,1054.33,0.8352,-1,-1,-1
562,39,1297.49,54.70,314.27,1019.02,0.9003,-1,-1,-1
562,20,1093.12,271.10,112.81,380.84,0.7617,-1,-1,-1
562,2,817.48,218.25,164.72,472.06,0.8435,-1,-1,-1
563,58,957.67,216.10,114.06,454.68,0.8122,-1,-1,-1
563,57,527.60,289.31,73.54,281.34,0.7384,-1,-1,-1
563,56,1630.12,283.55,116.38,185.14,0.5990,-1,-1,-1
563,51,0.91,7.07,315.83,1060.66,0.8743,-1,-1,-1
563,39,1302.05,58.78,324.19,1015.48,0.8957,-1,-1,-1
563,20,1102.40,271.31,129.19,382.55,0.7906,-1,-1,-1
563,2,817.72,218.53,166.24,476.40,0.8473,-1,-1,-1
564,58,962.89,214.31,116.45,462.13,0.7958,-1,-1,-1
564,57,534.10,294.00,72.12,279.28,0.7499,-1,-1,-1
564,56,1645.18,278.67,106.36,191.22,0.6525,-1,-1,-1
564,54,1068.71,271.52,93.89,344.25,0.5484,-1,-1,-1
564,51,0.86,6.36,304.60,1063.60,0.8590,-1,-1,-1
564,39,1304.99,52.74,339.93,1021.39,0.8986,-1,-1,-1
564,20,1113.32,270.12,148.95,388.46,0.7523,-1,-1,-1
564,2,822.03,219.16,165.71,480.91,0.8585,-1,-1,-1
565,58,972.12,217.26,117.69,463.70,0.7981,-1,-1,-1
565,57,542.92,303.56,72.83,272.01,0.7162,-1,-1,-1
565,56,1658.82,280.77,113.62,196.89,0.6561,-1,-1,-1
565,54,1083.15,275.15,92.40,338.73,0.6707,-1,-1,-1
565,51,1.10,11.88,286.16,1054.34,0.7603,-1,-1,-1
565,39,1306.92,53.42,358.61,1025.52,0.9026,-1,-1,-1
565,20,1131.39,270.35,166.17,391.79,0.7973,-1,-1,-1
565,2,833.06,224.70,161.68,478.28,0.8561,-1,-1,-1
566,58,975.76,215.69,122.23,461.98,0.7561,-1,-1,-1
566,57,548.51,303.80,72.30,272.55,0.7245,-1,-1,-1
566,56,1675.39,281.69,101.81,195.21,0.7203,-1,-1,-1
566,54,1087.05,273.18,103.76,341.48,0.6524,-1,-1,-1
566,51,0.81,8.97,266.25,1059.66,0.7995,-1,-1,-1
566,39,1314.40,53.62,366.98,1013.81,0.8978,-1,-1,-1
566,20,1137.72,274.14,184.24,394.61,0.7255,-1,-1,-1
566,2,839.88,226.90,160.46,477.70,0.8490,-1,-1,-1
567,58,981.48,223.26,117.18,446.87,0.7652,-1,-1,-1
567,57,553.08,304.60,74.16,272.50,0.7416,-1,-1,-1
567,56,1692.47,281.97,103.81,193.23,0.6559,-1,-1,-1
567,54,1092.17,273.06,108.50,351.80,0.7413,-1,-1,-1
567,51,0.50,5.37,245.81,1063.46,0.7281,-1,-1,-1
567,39,1320.83,53.91,382.52,1006.02,0.9166,-1,-1,-1
567,20,1142.37,270.56,209.21,400.75,0.7992,-1,-1,-1
567,2,846.59,231.63,162.01,479.44,0.8363,-1,-1,-1
568,58,987.27,225.61,121.53,452.66,0.8195,-1,-1,-1
568,57,558.60,300.44,77.08,276.33,0.7534,-1,-1,-1
568,56,1704.77,282.98,104.82,197.60,0.6213,-1,-1,-1
568,54,1095.71,271.55,115.24,354.00,0.7461,-1,-1,-1
568,51,0.00,14.88,217.27,1061.55,0.3049,-1,-1,-1
568,39,1311.70,54.24,404.40,1016.33,0.9163,-1,-1,-1
568,20,1150.20,282.20,192.77,393.59,0.8633,-1,-1,-1
568,2,849.74,230.77,164.51,480.29,0.8452,-1,-1,-1
569,58,997.87,227.02,118.30,462.48,0.8181,-1,-1,-1
569,57,564.27,300.09,79.05,279.45,0.7622,-1,-1,-1
569,56,1717.11,286.28,102.88,198.87,0.6673,-1,-1,-1
569,54,1103.90,275.80,111.98,353.67,0.7735,-1,-1,-1
569,39,1320.95,54.83,408.69,1016.92,0.9097,-1,-1,-1
569,20,1153.84,284.66,195.46,395.02,0.8656,-1,-1,-1
569,2,854.92,232.51,162.76,480.89,0.8513,-1,-1,-1
570,58,1008.40,231.84,114.33,461.40,0.8222,-1,-1,-1
570,57,567.51,295.22,80.22,285.30,0.7628,-1,-1,-1
570,56,1729.98,289.39,102.83,198.23,0.6610,-1,-1,-1
570,54,1110.73,276.28,118.01,351.94,0.7815,-1,-1,-1
570,39,1320.14,56.23,426.88,1015.62,0.9009,-1,-1,-1
570,20,1166.15,281.25,196.86,403.30,0.8487,-1,-1,-1
570,2,863.44,242.48,157.04,474.41,0.8607,-1,-1,-1
571,58,1012.50,233.47,111.92,464.22,0.7977,-1,-1,-1
571,57,571.05,303.74,78.85,282.24,0.7940,-1,-1,-1
571,56,1740.15,289.40,104.08,201.30,0.5991,-1,-1,-1
571,54,1109.99,273.55,129.34,357.68,0.8052,-1,-1,-1
571,39,1327.62,54.14,421.70,1019.81,0.9150,-1,-1,-1
571,20,1170.60,279.37,202.12,412.28,0.8297,-1,-1,-1
571,2,870.13,245.31,156.66,473.49,0.8513,-1,-1,-1
572,58,1014.99,233.29,115.18,461.46,0.7807,-1,-1,-1
572,57,576.38,305.63,75.99,278.96,0.8196,-1,-1,-1
572,56,1751.07,289.79,105.43,201.69,0.5636,-1,-1,-1
572,54,1118.76,274.58,129.97,360.47,0.7915,-1,-1,-1
572,39,1326.49,53.48,431.97,1021.95,0.9047,-1,-1,-1
572,20,1194.24,281.36,187.81,410.74,0.8294,-1,-1,-1
572,2,874.79,238.56,156.97,477.14,0.8207,-1,-1,-1
573,58,1022.08,233.35,114.62,457.87,0.7582,-1,-1,-1
573,57,580.10,308.76,74.37,278.44,0.7774,-1,-1,-1
573,56,1761.38,293.30,103.91,200.72,0.6059,-1,-1,-1
573,54,1121.99,276.29,133.58,359.40,0.8219,-1,-1,-1
573,39,1332.25,55.05,441.52,1020.62,0.8942,-1,-1,-1
573,20,1214.70,284.86,172.98,409.72,0.8168,-1,-1,-1
573,2,880.60,238.55,152.97,476.74,0.8283,-1,-1,-1
574,58,1025.90,236.47,115.66,455.01,0.7595,-1,-1,-1
574,57,584.89,306.11,75.80,280.97,0.7112,-1,-1,-1
574,56,1774.40,294.15,106.82,203.97,0.5542,-1,-1,-1
574,54,1127.55,278.90,132.40,361.51,0.8301,-1,-1,-1
574,39,1340.56,54.17,441.92,1019.76,0.9082,-1,-1,-1
574,20,1235.18,283.30,163.54,414.45,0.7738,-1,-1,-1
574,2,884.17,239.52,158.47,477.23,0.8419,-1,-1,-1
575,58,1030.54,235.88,112.48,460.11,0.7712,-1,-1,-1
575,57,589.15,304.58,74.81,281.80,0.6908,-1,-1,-1
575,54,1134.11,278.24,130.95,364.43,0.8404,-1,-1,-1
575,39,1350.04,57.33,435.39,1013.51,0.9107,-1,-1,-1
575,20,1250.83,282.75,154.13,417.90,0.7156,-1,-1,-1
575,2,886.57,239.11,157.85,474.91,0.8421,-1,-1,-1
576,58,1030.15,236.06,113.14,455.76,0.7833,-1,-1,-1
576,57,591.83,315.16,73.94,273.26,0.7103,-1,-1,-1
576,56,1786.24,296.18,115.26,204.94,0.5531,-1,-1,-1
576,54,1139.71,274.30,132.51,369.21,0.8366,-1,-1,-1
576,39,1356.88,60.57,433.52,1009.12,0.9127,-1,-1,-1
576,20,1271.51,280.62,140.82,423.67,0.7407,-1,-1,-1
576,2,889.32,238.62,156.35,472.58,0.8240,-1,-1,-1
577,58,1030.32,226.13,112.74,475.27,0.7900,-1,-1,-1
577,57,587.57,316.84,78.88,272.21,0.6703,-1,-1,-1
577,56,1794.99,295.61,115.19,201.01,0.6058,-1,-1,-1
577,54,1140.50,274.09,134.81,370.94,0.8281,-1,-1,-1
577,39,1360.49,60.76,433.82,1009.11,0.9074,-1,-1,-1
577,20,1293.33,288.24,137.59,424.03,0.7620,-1,-1,-1
577,2,892.75,236.75,154.17,470.34,0.8183,-1,-1,-1
578,58,1030.61,224.36,112.97,476.93,0.7903,-1,-1,-1
578,57,589.70,314.94,77.60,275.15,0.6975,-1,-1,-1
578,56,1798.09,299.60,117.10,201.47,0.5935,-1,-1,-1
578,54,1143.36,274.44,125.03,372.74,0.8226,-1,-1,-1
578,39,1367.58,63.38,436.56,1006.55,0.9023,-1,-1,-1
578,20,1317.80,282.13,122.55,431.77,0.7274,-1,-1,-1
578,2,893.54,236.69,153.79,471.03,0.8285,-1,-1,-1
579,58,1027.37,232.20,115.31,471.17,0.7845,-1,-1,-1
579,57,589.43,306.71,73.98,291.48,0.7375,-1,-1,-1
579,56,1801.03,304.09,118.33,209.33,0.6254,-1,-1,-1
579,54,1142.10,276.51,129.62,377.06,0.8299,-1,-1,-1
579,39,1385.74,71.13,423.60,997.24,0.9034,-1,-1,-1
579,20,1329.79,283.88,123.81,443.17,0.7858,-1,-1,-1
579,2,890.01,240.18,154.00,471.67,0.8383,-1,-1,-1
580,58,1022.49,235.09,119.72,466.03,0.7730,-1,-1,-1
580,57,585.20,303.20,75.30,296.87,0.6824,-1,-1,-1
580,56,1808.00,304.47,111.39,212.77,0.6577,-1,-1,-1
580,54,1141.33,275.36,128.89,379.91,0.8005,-1,-1,-1
580,39,1395.20,72.71,420.71,995.63,0.9024,-1,-1,-1
580,20,1332.35,284.43,127.95,449.99,0.7708,-1,-1,-1
580,2,892.20,242.46,149.01,467.61,0.8434,-1,-1,-1
581,58,1019.46,235.00,123.22,461.52,0.7765,-1,-1,-1
581,57,583.56,308.10,72.04,292.10,0.7289,-1,-1,-1
581,56,1817.21,305.20,102.18,216.00,0.6039,-1,-1,-1
581,54,1146.62,286.08,118.90,369.23,0.7879,-1,-1,-1
581,45,1232.61,313.21,58.55,279.33,0.4291,-1,-1,-1
581,39,1411.52,69.60,413.93,995.63,0.9015,-1,-1,-1
581,20,1334.38,283.53,150.40,454.51,0.7717,-1,-1,-1
581,2,886.67,242.85,150.37,465.81,0.8373,-1,-1,-1
582,58,1016.45,234.33,126.21,461.05,0.7830,-1,-1,-1
582,57,581.96,308.39,72.13,293.02,0.7594,-1,-1,-1
582,56,1828.08,305.66,91.33,215.52,0.5269,-1,-1,-1
582,54,1148.12,286.02,116.78,369.38,0.7751,-1,-1,-1
582,45,1229.88,310.69,63.51,282.96,0.4558,-1,-1,-1
582,39,1425.31,71.37,412.07,1002.30,0.9084,-1,-1,-1
582,20,1335.84,286.02,169.02,450.86,0.8255,-1,-1,-1
582,2,886.06,245.94,145.27,464.68,0.8439,-1,-1,-1
583,58,1013.17,232.54,129.35,464.20,0.7637,-1,-1,-1
583,57,576.88,310.88,74.28,292.60,0.7641,-1,-1,-1
583,56,1837.37,307.08,81.99,217.77,0.5303,-1,-1,-1
583,54,1143.35,280.27,117.99,378.14,0.7812,-1,-1,-1
583,45,1233.20,312.44,61.89,283.58,0.5573,-1,-1,-1
583,39,1430.62,72.71,415.78,1001.05,0.9085,-1,-1,-1
583,20,1339.76,286.75,166.44,450.07,0.8009,-1,-1,-1
583,2,882.85,249.01,144.07,473.21,0.8497,-1,-1,-1
584,58,1013.57,234.44,129.65,468.08,0.7645,-1,-1,-1
584,57,574.75,304.54,74.39,294.74,0.7627,-1,-1,-1
584,56,1841.11,307.83,78.25,224.97,0.5697,-1,-1,-1
584,54,1142.67,284.44,121.25,377.05,0.7715,-1,-1,-1
584,45,1231.96,311.92,64.23,282.80,0.5487,-1,-1,-1
584,39,1439.02,70.10,416.90,1002.79,0.9091,-1,-1,-1
584,20,1339.15,281.46,168.24,456.81,0.7983,-1,-1,-1
584,2,875.20,249.58,147.01,477.67,0.8481,-1,-1,-1
585,58,1006.89,233.38,133.47,470.36,0.7862,-1,-1,-1
585,57,573.05,308.27,71.17,291.78,0.7814,-1,-1,-1
585,56,1849.19,304.25,70.20,228.68,0.5222,-1,-1,-1
585,54,1141.87,284.48,121.21,379.42,0.7748,-1,-1,-1
585,45,1229.65,310.36,64.46,275.31,0.4703,-1,-1,-1
585,39,1443.96,72.11,416.91,996.50,0.9092,-1,-1,-1
585,20,1339.60,282.55,163.99,450.96,0.7661,-1,-1,-1
585,2,866.97,251.77,146.06,476.29,0.8627,-1,-1,-1
586,58,1008.41,234.69,127.04,469.80,0.8059,-1,-1,-1
586,57,567.73,297.67,72.92,304.26,0.7592,-1,-1,-1
586,56,1851.69,306.91,67.76,230.62,0.4459,-1,-1,-1
586,54,1140.70,284.56,126.17,378.21,0.7452,-1,-1,-1
586,39,1453.49,70.84,412.54,1002.76,0.9039,-1,-1,-1
586,20,1340.65,284.59,167.17,451.27,0.7407,-1,-1,-1
586,2,861.98,253.18,146.52,474.55,0.8471,-1,-1,-1
587,58,1008.43,236.68,122.25,468.49,0.8083,-1,-1,-1
587,57,564.19,305.53,72.22,297.39,0.7180,-1,-1,-1
587,56,1853.71,309.49,65.75,226.83,0.4824,-1,-1,-1
587,54,1141.39,282.80,125.16,382.00,0.7569,-1,-1,-1
587,39,1459.79,66.71,409.65,1008.81,0.8986,-1,-1,-1
587,20,1341.67,284.11,176.59,459.11,0.7564,-1,-1,-1
587,2,861.90,253.68,143.70,472.41,0.8499,-1,-1,-1
588,58,1002.14,239.59,123.42,465.92,0.7911,-1,-1,-1
588,57,555.96,318.22,72.94,287.28,0.7263,-1,-1,-1
588,56,1856.53,308.98,62.96,224.90,0.5365,-1,-1,-1
588,54,1141.56,285.75,127.43,379.81,0.7229,-1,-1,-1
588,39,1465.60,65.38,404.33,1008.58,0.9020,-1,-1,-1
588,20,1340.77,284.29,184.65,460.75,0.7545,-1,-1,-1
588,2,859.71,254.31,140.28,472.26,0.8394,-1,-1,-1
589,58,996.91,237.25,128.30,469.92,0.8000,-1,-1,-1
589,57,552.29,322.53,69.82,282.49,0.7144,-1,-1,-1
589,56,1860.49,312.17,59.00,220.88,0.4634,-1,-1,-1
589,54,1140.77,283.51,135.42,384.50,0.7717,-1,-1,-1
589,39,1468.43,63.02,407.75,1012.67,0.9034,-1,-1,-1
589,20,1340.86,283.29,195.45,468.82,0.7695,-1,-1,-1
589,2,854.76,252.98,136.69,474.49,0.8394,-1,-1,-1
590,58,980.72,239.78,139.98,467.90,0.8109,-1,-1,-1
590,57,548.86,316.96,71.72,288.88,0.7126,-1,-1,-1
590,56,1864.46,314.18,54.99,221.34,0.3898,-1,-1,-1
590,54,1139.21,285.02,141.02,386.94,0.8114,-1,-1,-1
590,39,1466.47,62.25,414.75,1014.37,0.9073,-1,-1,-1
590,20,1352.07,279.10,191.41,477.45,0.7315,-1,-1,-1
590,2,849.38,251.49,137.84,477.51,0.8382,-1,-1,-1
591,58,983.68,240.91,132.72,464.69,0.8065,-1,-1,-1
591,57,542.60,318.70,74.69,288.67,0.7381,-1,-1,-1
591,56,1867.81,316.82,51.61,218.33,0.3593,-1,-1,-1
591,54,1140.07,281.48,138.73,391.15,0.8228,-1,-1,-1
591,39,1466.78,61.02,418.22,1011.58,0.9094,-1,-1,-1
591,20,1378.72,278.88,166.35,480.22,0.7153,-1,-1,-1
591,2,835.57,249.62,148.53,473.82,0.8402,-1,-1,-1
592,58,983.90,239.39,130.37,469.52,0.8135,-1,-1,-1
592,57,539.34,306.97,78.99,303.64,0.7282,-1,-1,-1
592,56,1870.98,337.68,48.29,192.19,0.3207,-1,-1,-1
592,54,1141.78,277.90,135.38,395.34,0.8065,-1,-1,-1
592,39,1466.40,59.72,421.11,1011.70,0.9062,-1,-1,-1
592,20,1403.75,275.94,142.72,483.58,0.5635,-1,-1,-1
592,2,827.95,250.10,149.20,468.54,0.8341,-1,-1,-1
593,59,1107.59,317.91,53.19,243.17,0.6203,-1,-1,-1
593,58,984.26,238.84,127.27,471.82,0.8159,-1,-1,-1
593,57,537.77,304.53,79.41,309.12,0.7113,-1,-1,-1
593,54,1142.72,280.73,134.36,396.57,0.8259,-1,-1,-1
593,39,1463.66,60.50,426.12,1012.28,0.8956,-1,-1,-1
593,20,1419.67,312.15,137.99,447.23,0.4430,-1,-1,-1
593,2,824.30,249.79,148.39,464.76,0.8350,-1,-1,-1
594,59,1108.48,317.97,54.46,244.08,0.6118,-1,-1,-1
594,58,982.50,241.38,125.94,472.48,0.8132,-1,-1,-1
594,57,534.25,311.40,74.35,301.88,0.7298,-1,-1,-1
594,54,1146.75,282.27,130.63,397.04,0.8041,-1,-1,-1
594,39,1471.18,62.00,417.20,1013.96,0.8955,-1,-1,-1
594,2,814.17,250.65,157.37,463.13,0.8364,-1,-1,-1
595,59,1106.04,314.05,57.97,248.46,0.6605,-1,-1,-1
595,58,982.72,243.46,126.03,472.10,0.8039,-1,-1,-1
595,57,530.68,306.99,82.26,312.36,0.7637,-1,-1,-1
595,54,1148.47,282.17,129.80,398.58,0.7975,-1,-1,-1
595,39,1481.81,63.25,411.12,1010.72,0.9089,-1,-1,-1
595,2,808.39,250.27,159.58,464.56,0.8524,-1,-1,-1
596,59,1106.14,312.10,58.96,250.91,0.5392,-1,-1,-1
596,58,977.03,243.36,135.00,473.00,0.8123,-1,-1,-1
596,57,529.68,309.90,81.99,310.64,0.7562,-1,-1,-1
596,54,1148.42,277.32,131.52,404.25,0.7774,-1,-1,-1
596,39,1488.54,59.56,401.52,1015.20,0.9161,-1,-1,-1
596,2,803.27,250.69,163.95,464.67,0.8478,-1,-1,-1
597,59,1105.45,314.09,60.67,249.92,0.5782,-1,-1,-1
597,58,976.81,243.70,138.23,473.87,0.8106,-1,-1,-1
597,57,531.28,305.57,77.35,313.21,0.7631,-1,-1,-1
597,54,1153.14,276.14,138.34,404.45,0.7707,-1,-1,-1
597,39,1499.39,54.16,390.50,1020.53,0.9159,-1,-1,-1
597,2,801.42,247.88,163.05,468.91,0.8448,-1,-1,-1
598,59,1108.57,317.69,60.05,242.77,0.4598,-1,-1,-1
598,58,980.93,250.07,139.74,482.20,0.8237,-1,-1,-1
598,57,531.07,304.68,76.22,318.03,0.7487,-1,-1,-1
598,54,1151.99,282.97,149.83,402.72,0.8048,-1,-1,-1
598,39,1508.93,57.42,380.55,1016.03,0.9145,-1,-1,-1
598,2,801.41,251.47,164.28,475.62,0.8462,-1,-1,-1
599,59,1107.38,316.47,61.82,250.41,0.3663,-1,-1,-1
599,58,987.24,251.85,137.00,478.96,0.8189,-1,-1,-1
599,57,531.13,311.70,84.45,317.64,0.7503,-1,-1,-1
599,54,1154.76,284.89,153.28,402.81,0.8041,-1,-1,-1
599,39,1509.16,58.40,383.99,1018.03,0.9196,-1,-1,-1
599,2,801.63,254.58,165.23,474.42,0.8503,-1,-1,-1
600,58,993.21,250.96,134.73,483.98,0.8009,-1,-1,-1
600,57,534.51,311.61,87.08,318.73,0.7338,-1,-1,-1
600,54,1162.11,288.45,151.86,400.52,0.8259,-1,-1,-1
600,39,1510.39,55.27,391.68,1023.41,0.9233,-1,-1,-1
600,2,806.55,256.54,161.27,475.52,0.8403,-1,-1,-1
601,59,1117.71,328.09,61.51,235.76,0.3977,-1,-1,-1
601,58,996.00,251.11,133.12,482.82,0.7934,-1,-1,-1
601,57,537.13,313.57,83.14,318.54,0.7296,-1,-1,-1
601,54,1166.67,281.94,154.80,408.24,0.7892,-1,-1,-1
601,39,1510.16,55.92,403.21,1022.90,0.9238,-1,-1,-1
601,2,810.23,259.58,156.50,477.14,0.8457,-1,-1,-1
602,59,1120.08,330.16,65.90,244.27,0.5203,-1,-1,-1
602,58,995.28,251.46,136.01,485.90,0.7933,-1,-1,-1
602,57,540.70,318.64,83.73,315.45,0.7174,-1,-1,-1
602,54,1187.05,280.73,140.55,414.05,0.7390,-1,-1,-1
602,39,1509.56,57.99,409.72,1017.22,0.9215,-1,-1,-1
602,2,815.62,264.14,157.13,477.51,0.8391,-1,-1,-1
603,61,1182.96,311.97,84.75,374.08,0.3740,-1,-1,-1
603,59,1125.23,347.42,64.63,228.76,0.5775,-1,-1,-1
603,58,1005.07,256.68,126.76,479.52,0.7888,-1,-1,-1
603,57,543.56,328.51,81.32,312.28,0.7381,-1,-1,-1
603,54,1194.29,285.13,144.30,420.66,0.7155,-1,-1,-1
603,39,1516.80,61.24,403.03,1014.97,0.9261,-1,-1,-1
603,2,824.99,270.29,151.28,474.43,0.8150,-1,-1,-1
604,61,1190.63,315.91,81.49,284.88,0.4475,-1,-1,-1
604,59,1132.69,348.92,62.55,232.07,0.6593,-1,-1,-1
604,58,1010.96,261.44,124.71,476.67,0.8131,-1,-1,-1
604,57,550.60,334.16,84.02,311.28,0.7054,-1,-1,-1
604,54,1204.15,288.19,144.37,420.82,0.7598,-1,-1,-1
604,39,1522.93,62.99,397.00,1013.29,0.9279,-1,-1,-1
604,2,827.72,275.87,153.90,469.19,0.8230,-1,-1,-1
605,61,1197.83,327.96,79.61,275.07,0.3802,-1,-1,-1
605,59,1135.74,350.68,66.19,233.10,0.6530,-1,-1,-1
605,58,1014.52,259.12,126.78,469.71,0.8095,-1,-1,-1
605,57,554.44,334.51,79.86,313.51,0.7402,-1,-1,-1
605,54,1210.06,289.16,145.33,421.44,0.7430,-1,-1,-1
605,39,1524.47,61.68,395.49,1016.41,0.9181,-1,-1,-1
605,2,836.54,276.44,153.66,470.66,0.8311,-1,-1,-1
606,61,1205.79,322.07,76.17,289.04,0.5179,-1,-1,-1
606,59,1141.96,352.25,67.60,234.51,0.6469,-1,-1,-1
606,58,1016.68,259.97,126.94,468.63,0.7926,-1,-1,-1
606,57,560.22,327.70,78.54,321.28,0.7156,-1,-1,-1
606,54,1223.71,289.94,145.86,425.42,0.6469,-1,-1,-1
606,39,1534.63,63.38,385.31,1010.94,0.9223,-1,-1,-1
606,2,845.23,277.38,152.24,474.29,0.8153,-1,-1,-1
607,61,1216.38,326.81,73.75,371.15,0.4792,-1,-1,-1
607,59,1150.70,339.13,66.35,247.11,0.6656,-1,-1,-1
607,58,1029.47,262.06,119.25,468.60,0.8070,-1,-1,-1
607,57,566.96,326.07,85.34,324.44,0.8038,-1,-1,-1
607,54,1238.38,291.80,138.54,423.64,0.6693,-1,-1,-1
607,39,1542.94,65.72,376.88,1006.53,0.9140,-1,-1,-1
607,2,853.77,279.31,147.40,470.94,0.8366,-1,-1,-1
608,61,1222.03,315.63,93.85,338.97,0.5470,-1,-1,-1
608,59,1156.40,345.16,68.16,241.43,0.7177,-1,-1,-1
608,58,1035.72,264.12,126.63,462.71,0.7965,-1,-1,-1
608,57,571.57,329.52,82.73,320.97,0.7612,-1,-1,-1
608,54,1245.32,291.21,149.12,430.48,0.5396,-1,-1,-1
608,39,1553.03,67.47,366.89,1001.61,0.9175,-1,-1,-1
608,2,854.28,277.39,152.90,465.35,0.8296,-1,-1,-1
609,61,1231.92,327.97,86.61,303.03,0.5664,-1,-1,-1
609,59,1161.57,349.73,72.11,242.18,0.6235,-1,-1,-1
609,58,1037.55,260.99,135.05,471.07,0.8252,-1,-1,-1
609,57,575.07,331.26,84.44,323.11,0.7838,-1,-1,-1
609,54,1259.59,284.64,138.36,438.95,0.7260,-1,-1,-1
609,39,1561.57,69.88,358.11,1001.63,0.9201,-1,-1,-1
609,2,862.44,276.07,147.13,465.17,0.8196,-1,-1,-1
610,61,1237.70,328.04,86.60,312.60,0.6002,-1,-1,-1
610,59,1166.07,349.27,71.16,240.18,0.5562,-1,-1,-1
610,58,1042.17,264.27,133.36,473.16,0.8224,-1,-1,-1
610,57,579.28,328.69,89.66,328.05,0.7515,-1,-1,-1
610,54,1273.82,286.23,142.80,433.89,0.7582,-1,-1,-1
610,39,1568.71,72.91,350.77,1001.00,0.9221,-1,-1,-1
610,2,872.58,277.46,141.86,462.66,0.8262,-1,-1,-1
611,61,1243.82,334.24,83.61,305.00,0.5944,-1,-1,-1
611,59,1166.17,346.58,71.88,242.39,0.6941,-1,-1,-1
611,58,1041.54,268.59,134.33,469.67,0.7849,-1,-1,-1
611,57,584.13,331.25,83.68,325.84,0.7412,-1,-1,-1
611,54,1283.43,289.63,135.13,439.59,0.6792,-1,-1,-1
611,39,1582.78,69.25,336.67,1006.57,0.9176,-1,-1,-1
611,2,874.35,277.61,144.60,464.34,0.8168,-1,-1,-1
612,61,1244.89,340.90,80.72,297.77,0.6030,-1,-1,-1
612,59,1171.41,347.28,71.48,247.56,0.6504,-1,-1,-1
612,58,1030.61,275.00,145.64,471.27,0.8125,-1,-1,-1
612,57,586.90,334.82,77.51,320.86,0.7757,-1,-1,-1
612,54,1289.18,292.27,139.20,427.87,0.6943,-1,-1,-1
612,39,1599.36,75.56,319.72,1003.98,0.9152,-1,-1,-1
612,2,878.77,281.52,141.48,458.01,0.8333,-1,-1,-1
613,61,1245.89,334.49,86.09,314.28,0.5563,-1,-1,-1
613,59,1175.91,354.53,70.78,237.33,0.6580,-1,-1,-1
613,58,1029.53,276.27,152.81,478.16,0.8458,-1,-1,-1
613,57,587.23,333.50,79.21,323.46,0.7656,-1,-1,-1
613,54,1299.10,296.37,133.70,440.23,0.6176,-1,-1,-1
613,39,1610.02,78.15,309.26,995.24,0.9119,-1,-1,-1
613,2,877.97,282.84,145.82,460.65,0.8367,-1,-1,-1
614,61,1258.02,320.63,91.82,343.99,0.4746,-1,-1,-1
614,59,1181.78,360.34,66.80,239.95,0.6001,-1,-1,-1
614,58,1030.85,277.49,159.58,480.24,0.8503,-1,-1,-1
614,57,587.41,335.28,79.10,325.95,0.7685,-1,-1,-1
614,54,1308.50,297.92,131.09,448.69,0.6624,-1,-1,-1
614,39,1622.33,80.35,296.73,996.10,0.9143,-1,-1,-1
614,2,883.79,287.42,143.93,465.74,0.8327,-1,-1,-1
615,61,1266.05,321.70,93.33,351.02,0.5934,-1,-1,-1
615,59,1182.55,359.79,68.15,242.71,0.6270,-1,-1,-1
615,58,1031.38,279.56,157.70,478.49,0.8322,-1,-1,-1
615,57,589.46,345.54,80.92,320.82,0.7328,-1,-1,-1
615,54,1319.20,294.13,118.81,456.86,0.7263,-1,-1,-1
615,39,1638.17,81.70,281.37,993.08,0.9026,-1,-1,-1
615,2,886.78,288.70,146.25,466.14,0.8359,-1,-1,-1
616,61,1270.35,321.01,90.88,356.24,0.6118,-1,-1,-1
616,59,1187.54,362.25,65.01,237.67,0.5724,-1,-1,-1
616,58,1032.28,283.08,165.40,478.88,0.8242,-1,-1,-1
616,57,590.82,345.20,105.92,321.45,0.7143,-1,-1,-1
616,54,1324.52,300.13,120.16,457.47,0.7241,-1,-1,-1
616,39,1644.18,81.19,275.07,996.16,0.8897,-1,-1,-1
616,2,885.24,294.91,151.03,461.86,0.8300,-1,-1,-1
617,61,1272.64,323.91,91.70,363.63,0.5930,-1,-1,-1
617,59,1187.69,370.86,64.92,233.32,0.6002,-1,-1,-1
617,58,1030.35,285.97,168.80,479.25,0.8452,-1,-1,-1
617,57,590.03,340.69,93.03,330.56,0.7334,-1,-1,-1
617,54,1328.69,299.75,118.85,463.05,0.7321,-1,-1,-1
617,39,1659.56,93.69,260.03,982.66,0.8846,-1,-1,-1
617,2,884.61,294.89,152.83,468.48,0.8439,-1,-1,-1
618,61,1273.11,328.06,93.92,365.54,0.5692,-1,-1,-1
618,59,1189.04,371.62,65.28,242.93,0.5614,-1,-1,-1
618,58,1030.47,288.12,174.06,481.95,0.8496,-1,-1,-1
618,57,589.23,333.52,82.48,339.54,0.7858,-1,-1,-1
618,54,1328.20,300.59,121.58,465.60,0.7380,-1,-1,-1
618,39,1667.41,102.37,252.20,973.81,0.8813,-1,-1,-1
618,2,886.33,298.58,151.03,469.81,0.8354,-1,-1,-1
619,62,1242.74,359.34,72.73,312.29,0.4380,-1,-1,-1
619,61,1274.25,328.82,98.75,372.07,0.5996,-1,-1,-1
619,59,1186.91,367.94,67.45,248.82,0.5265,-1,-1,-1
619,58,1028.27,289.46,172.86,483.15,0.8100,-1,-1,-1
619,57,586.82,336.36,80.65,338.14,0.7601,-1,-1,-1
619,54,1328.87,302.68,132.18,465.74,0.7373,-1,-1,-1
619,39,1667.08,106.56,252.25,968.65,0.8953,-1,-1,-1
619,2,883.54,301.47,147.09,466.39,0.8365,-1,-1,-1
620,62,1243.73,358.62,73.15,320.29,0.4087,-1,-1,-1
620,61,1266.61,329.17,103.60,378.85,0.6077,-1,-1,-1
620,59,1184.53,373.68,64.76,232.87,0.5809,-1,-1,-1
620,58,1028.66,288.52,174.79,481.87,0.7866,-1,-1,-1
620,57,580.76,339.04,84.45,342.36,0.6972,-1,-1,-1
620,54,1330.68,302.43,123.91,468.66,0.7530,-1,-1,-1
620,39,1681.79,113.16,238.12,962.70,0.8854,-1,-1,-1
620,2,880.69,303.62,139.08,464.59,0.8234,-1,-1,-1
621,61,1266.01,330.40,106.59,380.62,0.6261,-1,-1,-1
621,59,1183.53,376.51,65.61,225.47,0.5060,-1,-1,-1
621,58,1027.60,287.55,158.54,480.96,0.6813,-1,-1,-1
621,57,578.47,336.25,81.19,346.17,0.7250,-1,-1,-1
621,54,1329.66,305.02,123.01,463.80,0.7443,-1,-1,-1
621,39,1687.37,122.66,231.41,953.06,0.8791,-1,-1,-1
621,2,874.87,301.89,135.12,460.99,0.8241,-1,-1,-1
622,63,1127.37,326.99,93.23,360.13,0.6473,-1,-1,-1
622,62,1240.85,360.27,69.49,322.06,0.3475,-1,-1,-1
622,61,1259.16,329.07,111.35,391.31,0.5654,-1,-1,-1
622,59,1186.32,378.86,61.55,188.54,0.3883,-1,-1,-1
622,58,1025.85,287.24,141.07,478.73,0.7514,-1,-1,-1
622,57,574.80,343.62,77.78,338.55,0.7757,-1,-1,-1
622,54,1330.16,304.08,123.21,473.81,0.6598,-1,-1,-1
622,39,1687.78,119.63,231.87,956.33,0.8936,-1,-1,-1
622,2,868.07,302.54,151.02,461.34,0.8024,-1,-1,-1
623,63,1119.78,329.16,97.15,373.94,0.7149,-1,-1,-1
623,61,1254.67,331.13,114.10,393.53,0.5238,-1,-1,-1
623,59,1182.48,381.76,63.23,189.43,0.3111,-1,-1,-1
623,58,1017.77,288.10,143.83,479.39,0.7784,-1,-1,-1
623,57,569.24,340.06,86.95,344.62,0.7378,-1,-1,-1
623,54,1328.97,306.94,125.84,475.25,0.6551,-1,-1,-1
623,39,1692.55,119.16,227.28,958.00,0.8980,-1,-1,-1
623,2,861.91,302.33,146.20,464.43,0.7995,-1,-1,-1
624,63,1120.09,332.99,95.82,384.08,0.6834,-1,-1,-1
624,61,1255.85,330.62,107.76,400.17,0.6011,-1,-1,-1
624,58,1015.16,288.03,138.45,476.22,0.8126,-1,-1,-1
624,57,565.11,340.30,85.52,341.93,0.7640,-1,-1,-1
624,54,1327.70,308.98,122.99,470.56,0.7068,-1,-1,-1
624,39,1696.27,114.31,223.59,961.63,0.8972,-1,-1,-1
624,2,852.42,304.71,158.21,459.42,0.8459,-1,-1,-1
625,63,1116.71,334.27,93.98,397.04,0.7389,-1,-1,-1
625,61,1242.93,332.03,115.78,403.77,0.6451,-1,-1,-1
625,58,1009.49,283.68,134.90,472.88,0.7937,-1,-1,-1
625,57,558.27,342.55,85.48,343.56,0.7328,-1,-1,-1
625,54,1329.92,304.93,118.36,476.51,0.7265,-1,-1,-1
625,39,1698.84,111.34,221.00,963.30,0.9030,-1,-1,-1
625,2,850.61,304.30,155.34,455.14,0.8464,-1,-1,-1
626,63,1109.05,335.12,95.49,395.60,0.7471,-1,-1,-1
626,61,1241.58,332.16,116.62,406.35,0.6936,-1,-1,-1
626,58,1004.22,286.33,134.57,474.99,0.7881,-1,-1,-1
626,57,552.29,345.66,81.84,344.13,0.7145,-1,-1,-1
626,54,1326.76,304.74,121.44,477.94,0.7759,-1,-1,-1
626,39,1702.71,116.21,217.11,957.94,0.9061,-1,-1,-1
626,2,847.68,303.18,151.65,456.27,0.8216,-1,-1,-1
627,63,1107.63,334.25,91.34,398.71,0.7330,-1,-1,-1
627,61,1235.91,330.79,116.65,410.38,0.6721,-1,-1,-1
627,58,995.79,277.92,138.93,483.60,0.7866,-1,-1,-1
627,57,545.58,342.50,83.05,351.77,0.7490,-1,-1,-1
627,54,1325.72,304.59,121.98,477.78,0.7618,-1,-1,-1
627,39,1704.21,118.89,215.42,953.84,0.9040,-1,-1,-1
627,2,839.46,301.28,157.36,458.82,0.8351,-1,-1,-1
628,63,1100.09,329.30,100.44,411.80,0.7134,-1,-1,-1
628,61,1236.92,330.72,111.34,411.15,0.6840,-1,-1,-1
628,58,988.05,279.30,152.22,478.07,0.7588,-1,-1,-1
628,57,540.81,337.31,81.12,355.77,0.7773,-1,-1,-1
628,54,1324.25,301.92,121.54,480.23,0.7794,-1,-1,-1
628,39,1700.41,114.99,219.16,956.56,0.9048,-1,-1,-1
628,2,826.26,300.83,166.12,457.32,0.8426,-1,-1,-1
629,63,1091.10,327.46,109.77,418.52,0.7529,-1,-1,-1
629,61,1234.31,329.96,109.23,416.86,0.6712,-1,-1,-1
629,58,982.64,283.48,128.50,475.00,0.7741,-1,-1,-1
629,57,536.28,342.81,91.01,352.53,0.6969,-1,-1,-1
629,54,1323.26,300.79,121.12,481.63,0.7740,-1,-1,-1
629,39,1675.11,111.44,244.48,958.87,0.8827,-1,-1,-1
629,2,825.77,300.19,166.37,456.92,0.8504,-1,-1,-1
630,63,1086.06,325.98,116.17,421.54,0.7896,-1,-1,-1
630,61,1242.66,326.80,99.60,420.68,0.6422,-1,-1,-1
630,58,974.14,280.71,130.83,475.75,0.8153,-1,-1,-1
630,57,530.37,339.36,87.41,360.20,0.7633,-1,-1,-1
630,54,1322.77,300.77,120.49,483.64,0.7800,-1,-1,-1
630,39,1621.99,115.90,297.55,955.38,0.8888,-1,-1,-1
630,2,824.50,302.84,162.54,453.36,0.8434,-1,-1,-1
631,63,1083.31,326.76,125.19,421.11,0.8123,-1,-1,-1
631,61,1236.19,329.89,107.43,420.98,0.6410,-1,-1,-1
631,58,971.85,280.88,129.74,474.50,0.8284,-1,-1,-1
631,57,526.92,345.49,83.35,350.62,0.7333,-1,-1,-1
631,54,1323.53,301.40,120.73,482.88,0.7568,-1,-1,-1
631,39,1692.04,109.66,227.37,961.67,0.8920,-1,-1,-1
631,2,821.30,304.11,164.41,454.85,0.8504,-1,-1,-1
632,63,1083.05,325.92,125.59,424.12,0.8182,-1,-1,-1
632,61,1237.98,326.36,109.00,426.28,0.6624,-1,-1,-1
632,58,971.40,281.08,126.13,474.45,0.7854,-1,-1,-1
632,57,524.89,345.41,82.50,353.75,0.7611,-1,-1,-1
632,54,1325.53,303.11,124.99,483.62,0.7626,-1,-1,-1
632,39,1700.66,108.11,218.68,964.35,0.9015,-1,-1,-1
632,2,815.43,306.10,167.24,456.26,0.8557,-1,-1,-1
633,63,1088.49,326.31,119.94,428.00,0.8143,-1,-1,-1
633,61,1238.27,321.76,110.91,428.17,0.6770,-1,-1,-1
633,58,972.58,281.83,126.20,477.87,0.7670,-1,-1,-1
633,57,523.19,341.57,85.09,360.19,0.7708,-1,-1,-1
633,54,1328.10,300.43,122.84,486.87,0.7734,-1,-1,-1
633,39,1711.79,100.95,207.82,971.79,0.9040,-1,-1,-1
633,2,813.84,308.54,168.74,456.58,0.8613,-1,-1,-1
634,63,1092.87,328.09,121.52,430.74,0.8318,-1,-1,-1
634,61,1237.24,320.80,116.90,431.73,0.6783,-1,-1,-1
634,58,970.63,282.52,128.15,473.52,0.7812,-1,-1,-1
634,57,521.68,348.38,87.36,359.24,0.7821,-1,-1,-1
634,54,1332.95,304.17,122.77,487.54,0.7412,-1,-1,-1
634,39,1722.90,89.03,196.77,983.98,0.9050,-1,-1,-1
634,2,812.96,309.93,169.63,457.77,0.8617,-1,-1,-1
635,63,1096.60,324.94,124.64,437.82,0.8293,-1,-1,-1
635,62,1235.21,346.74,72.21,380.76,0.3705,-1,-1,-1
635,61,1246.52,320.60,110.39,430.39,0.5885,-1,-1,-1
635,58,978.26,283.38,122.59,480.47,0.7796,-1,-1,-1
635,57,521.11,350.39,86.80,361.09,0.7916,-1,-1,-1
635,54,1336.10,299.69,125.24,492.58,0.6899,-1,-1,-1
635,39,1723.35,88.52,195.65,978.77,0.8871,-1,-1,-1
635,2,812.75,310.66,172.25,460.28,0.8565,-1,-1,-1
636,63,1101.84,327.14,122.48,440.25,0.8234,-1,-1,-1
636,62,1239.14,332.83,67.45,394.16,0.3295,-1,-1,-1
636,61,1248.72,316.02,113.44,436.65,0.6000,-1,-1,-1
636,58,983.76,284.73,124.55,485.88,0.7954,-1,-1,-1
636,57,520.37,354.46,85.55,363.51,0.7790,-1,-1,-1
636,54,1340.33,302.65,130.64,492.52,0.7265,-1,-1,-1
636,39,1718.52,85.51,201.05,988.54,0.8776,-1,-1,-1
636,2,813.64,313.84,174.08,457.23,0.8367,-1,-1,-1
637,63,1104.13,326.74,118.29,440.89,0.8152,-1,-1,-1
637,62,1233.14,354.19,75.23,375.06,0.4399,-1,-1,-1
637,61,1252.05,319.31,113.44,427.80,0.6421,-1,-1,-1
637,58,990.94,294.21,116.75,484.15,0.7990,-1,-1,-1
637,57,519.59,359.66,89.25,360.85,0.7448,-1,-1,-1
637,54,1342.95,304.35,130.81,497.40,0.7880,-1,-1,-1
637,39,1719.73,86.78,199.89,984.55,0.8706,-1,-1,-1
637,2,820.00,318.96,170.45,445.52,0.8471,-1,-1,-1
638,63,1104.67,331.37,125.16,435.87,0.8118,-1,-1,-1
638,62,1232.81,353.09,76.96,378.82,0.4984,-1,-1,-1
638,61,1256.29,315.66,109.65,433.54,0.6176,-1,-1,-1
638,58,990.69,294.95,116.99,479.69,0.8013,-1,-1,-1
638,57,518.39,352.41,91.07,368.93,0.7296,-1,-1,-1
638,54,1346.28,304.57,129.30,498.94,0.7827,-1,-1,-1
638,39,1711.60,85.99,207.29,985.55,0.8831,-1,-1,-1
638,2,830.29,318.48,161.24,443.62,0.8644,-1,-1,-1
639,63,1107.90,331.99,132.60,437.58,0.8286,-1,-1,-1
639,62,1237.44,352.87,68.53,376.60,0.4229,-1,-1,-1
639,61,1256.32,314.17,120.68,448.07,0.6933,-1,-1,-1
639,58,993.64,300.19,112.13,475.30,0.7983,-1,-1,-1
639,57,519.15,366.58,93.39,357.30,0.7410,-1,-1,-1
639,54,1354.63,304.67,128.87,500.34,0.7294,-1,-1,-1
639,39,1708.36,84.40,211.23,989.70,0.8780,-1,-1,-1
639,2,837.56,319.02,154.63,452.29,0.8582,-1,-1,-1
640,63,1109.36,331.58,139.25,440.70,0.8086,-1,-1,-1
640,62,1241.58,349.63,72.54,379.63,0.4228,-1,-1,-1
640,61,1257.29,316.32,124.43,458.51,0.7230,-1,-1,-1
640,58,998.49,301.85,112.79,476.28,0.7988,-1,-1,-1
640,57,519.95,366.61,91.93,361.77,0.7258,-1,-1,-1
640,54,1363.34,299.43,126.67,513.07,0.7234,-1,-1,-1
640,39,1702.79,77.13,215.80,996.72,0.8778,-1,-1,-1
640,2,842.79,318.40,152.98,451.18,0.8471,-1,-1,-1
641,63,1114.56,329.39,146.81,443.78,0.7948,-1,-1,-1
641,61,1257.60,311.61,128.81,463.49,0.7415,-1,-1,-1
641,58,1002.81,305.69,111.34,468.59,0.7950,-1,-1,-1
641,57,520.53,359.02,94.47,370.68,0.7316,-1,-1,-1
641,54,1369.83,300.03,127.19,505.75,0.7789,-1,-1,-1
641,39,1701.06,81.04,218.00,989.73,0.8735,-1,-1,-1
641,2,848.67,320.18,151.81,447.53,0.8314,-1,-1,-1
642,63,1121.25,330.68,149.74,447.01,0.7790,-1,-1,-1
642,61,1265.65,316.69,129.56,470.31,0.7778,-1,-1,-1
642,58,1004.46,308.33,117.35,471.72,0.7902,-1,-1,-1
642,57,526.29,359.19,109.97,374.27,0.7056,-1,-1,-1
642,54,1377.79,303.31,128.40,511.42,0.7978,-1,-1,-1
642,39,1698.52,89.71,220.56,982.34,0.8823,-1,-1,-1
642,2,852.87,321.23,154.76,449.09,0.8222,-1,-1,-1
643,63,1124.38,327.45,151.05,458.82,0.8044,-1,-1,-1
643,61,1276.78,316.35,125.22,473.47,0.6705,-1,-1,-1
643,58,1005.47,308.46,119.16,483.11,0.8074,-1,-1,-1
643,57,527.19,362.04,103.72,373.64,0.7174,-1,-1,-1
643,54,1380.95,303.63,133.16,514.43,0.7876,-1,-1,-1
643,39,1689.85,92.69,229.80,975.25,0.8824,-1,-1,-1
643,2,856.89,321.41,153.94,444.88,0.8647,-1,-1,-1
644,63,1132.03,321.69,153.47,470.85,0.8334,-1,-1,-1
644,61,1286.77,319.76,120.59,474.44,0.6626,-1,-1,-1
644,58,1009.53,308.11,114.73,485.74,0.7890,-1,-1,-1
644,57,528.13,362.55,103.02,379.33,0.7460,-1,-1,-1
644,54,1390.37,299.33,135.62,524.66,0.8012,-1,-1,-1
644,39,1686.44,99.35,232.71,975.33,0.8598,-1,-1,-1
644,2,862.89,322.42,153.36,449.67,0.8759,-1,-1,-1
645,63,1134.53,318.78,155.69,480.12,0.8499,-1,-1,-1
645,61,1298.08,312.27,115.68,482.12,0.6762,-1,-1,-1
645,58,1009.92,309.42,120.19,488.51,0.7787,-1,-1,-1
645,57,532.66,364.38,100.14,377.32,0.7623,-1,-1,-1
645,54,1393.97,296.52,138.60,526.05,0.7465,-1,-1,-1
645,39,1684.21,253.66,235.53,822.43,0.8212,-1,-1,-1
645,2,868.09,323.91,154.19,451.15,0.8721,-1,-1,-1
646,63,1133.91,317.67,160.92,482.97,0.8513,-1,-1,-1
646,62,1272.81,343.35,76.58,422.95,0.3087,-1,-1,-1
646,61,1298.36,312.02,124.88,486.23,0.7240,-1,-1,-1
646,58,1006.08,308.23,128.27,486.83,0.8056,-1,-1,-1
646,57,532.46,363.28,100.62,381.43,0.7652,-1,-1,-1
646,54,1405.20,294.44,130.78,528.95,0.7537,-1,-1,-1
646,39,1687.55,257.74,232.19,800.83,0.8089,-1,-1,-1
646,2,874.02,324.80,149.97,456.39,0.8633,-1,-1,-1
647,63,1135.37,320.64,166.45,486.13,0.8493,-1,-1,-1
647,62,1277.13,344.20,74.75,412.76,0.5059,-1,-1,-1
647,61,1309.25,307.07,119.61,494.32,0.6981,-1,-1,-1
647,58,1016.98,307.94,123.93,485.29,0.7980,-1,-1,-1
647,57,533.85,362.69,100.77,383.50,0.7413,-1,-1,-1
647,54,1411.63,291.49,130.07,541.32,0.7698,-1,-1,-1
647,39,1684.76,275.64,235.05,794.32,0.8295,-1,-1,-1
647,2,875.57,325.92,152.15,456.90,0.8578,-1,-1,-1
648,63,1135.29,316.82,172.16,491.93,0.8569,-1,-1,-1
648,62,1280.91,343.92,69.07,413.34,0.4301,-1,-1,-1
648,61,1306.81,308.67,127.71,498.93,0.7375,-1,-1,-1
648,58,1021.83,308.08,117.78,484.07,0.7957,-1,-1,-1
648,57,533.66,360.26,99.94,388.21,0.7391,-1,-1,-1
648,54,1416.39,295.34,131.65,539.14,0.7605,-1,-1,-1
648,39,1688.15,282.48,231.65,790.14,0.8619,-1,-1,-1
648,2,879.74,330.13,146.22,451.08,0.8507,-1,-1,-1
649,64,832.15,402.60,54.07,221.42,0.5066,-1,-1,-1
649,63,1134.80,325.55,178.71,489.13,0.8707,-1,-1,-1
649,62,1283.80,344.11,65.75,418.70,0.3185,-1,-1,-1
649,61,1305.52,307.19,132.98,496.12,0.7514,-1,-1,-1
649,58,1021.73,308.76,117.94,478.58,0.8046,-1,-1,-1
649,57,534.18,360.83,101.30,388.73,0.7397,-1,-1,-1
649,54,1423.60,294.29,132.69,539.88,0.7933,-1,-1,-1
649,39,1696.02,288.09,223.98,780.27,0.8483,-1,-1,-1
649,2,880.29,332.76,146.41,449.56,0.8451,-1,-1,-1
650,64,829.00,402.00,59.93,222.65,0.4737,-1,-1,-1
650,63,1133.90,317.29,184.43,508.01,0.8690,-1,-1,-1
650,61,1304.16,306.15,139.18,500.45,0.7610,-1,-1,-1
650,58,1028.16,308.11,113.42,475.71,0.8102,-1,-1,-1
650,57,533.45,360.91,105.99,390.53,0.7371,-1,-1,-1
650,54,1427.36,293.53,137.76,543.65,0.8083,-1,-1,-1
650,39,1706.70,288.03,213.12,778.79,0.8023,-1,-1,-1
650,2,878.48,335.93,154.14,450.61,0.8350,-1,-1,-1
651,64,827.12,405.68,62.57,220.44,0.5597,-1,-1,-1
651,63,1132.86,320.57,187.82,507.33,0.8503,-1,-1,-1
651,61,1309.73,305.28,138.65,506.95,0.7875,-1,-1,-1
651,58,1030.17,306.11,113.40,474.50,0.7952,-1,-1,-1
651,57,533.04,360.41,107.21,391.33,0.7273,-1,-1,-1
651,54,1431.06,291.99,143.67,549.48,0.8441,-1,-1,-1
651,39,1713.74,286.17,205.59,786.91,0.5800,-1,-1,-1
651,2,879.55,334.92,157.95,448.96,0.8464,-1,-1,-1
652,64,818.89,406.57,68.54,221.79,0.6320,-1,-1,-1
652,63,1130.74,320.06,192.63,512.79,0.8324,-1,-1,-1
652,61,1312.57,301.63,141.52,508.79,0.7735,-1,-1,-1
652,58,1030.25,306.16,114.03,476.22,0.8057,-1,-1,-1
652,57,531.66,362.87,115.22,389.37,0.7142,-1,-1,-1
652,54,1433.72,296.54,145.35,546.19,0.8217,-1,-1,-1
652,39,1728.49,288.73,191.29,623.65,0.6942,-1,-1,-1
652,2,876.84,335.69,161.89,445.45,0.8390,-1,-1,-1
653,64,814.52,402.80,70.72,230.93,0.6532,-1,-1,-1
653,63,1127.75,314.59,194.44,530.18,0.8396,-1,-1,-1
653,61,1311.97,307.99,146.12,503.95,0.7691,-1,-1,-1
653,58,1031.22,305.93,114.40,478.58,0.8002,-1,-1,-1
653,57,529.36,361.36,114.06,393.55,0.7025,-1,-1,-1
653,54,1439.06,292.59,143.53,555.81,0.7715,-1,-1,-1
653,39,1737.66,289.87,182.08,622.09,0.7907,-1,-1,-1
653,2,874.18,338.58,164.67,440.01,0.8444,-1,-1,-1
654,64,808.79,402.11,76.35,230.23,0.6979,-1,-1,-1
654,63,1124.50,310.94,198.60,539.18,0.8530,-1,-1,-1
654,61,1313.58,304.86,146.36,508.63,0.7868,-1,-1,-1
654,58,1030.09,303.64,114.36,480.38,0.7950,-1,-1,-1
654,57,526.01,358.24,99.91,397.75,0.7308,-1,-1,-1
654,54,1441.08,293.61,145.91,551.09,0.7605,-1,-1,-1
654,39,1751.19,286.80,168.50,678.65,0.7755,-1,-1,-1
654,2,870.25,335.34,166.63,440.98,0.8417,-1,-1,-1
655,64,807.79,401.97,70.50,229.55,0.6971,-1,-1,-1
655,63,1119.93,310.45,204.32,543.04,0.8418,-1,-1,-1
655,61,1316.55,294.71,145.03,523.16,0.8102,-1,-1,-1
655,58,1028.03,303.31,116.72,478.26,0.7755,-1,-1,-1
655,57,523.93,357.86,120.60,397.22,0.7641,-1,-1,-1
655,54,1446.55,293.91,144.37,552.59,0.7370,-1,-1,-1
655,39,1758.14,285.88,161.50,724.09,0.7631,-1,-1,-1
655,2,867.32,332.86,167.89,446.46,0.8410,-1,-1,-1
656,64,807.48,406.02,67.19,227.48,0.7181,-1,-1,-1
656,63,1116.19,311.54,202.83,543.13,0.8422,-1,-1,-1
656,61,1316.25,296.89,146.43,527.06,0.8156,-1,-1,-1
656,58,1026.87,305.32,116.02,476.30,0.7898,-1,-1,-1
656,57,517.59,359.06,110.56,403.16,0.7331,-1,-1,-1
656,54,1449.45,292.55,144.23,559.23,0.7548,-1,-1,-1
656,39,1768.96,283.52,150.75,752.75,0.7909,-1,-1,-1
656,2,865.29,332.58,165.17,442.81,0.8472,-1,-1,-1
657,64,803.84,400.58,65.11,237.68,0.6985,-1,-1,-1
657,63,1114.11,312.12,201.89,540.00,0.8436,-1,-1,-1
657,61,1314.65,298.46,149.26,532.85,0.8076,-1,-1,-1
657,58,1026.08,307.06,114.21,482.40,0.7680,-1,-1,-1
657,57,515.28,360.33,114.53,405.53,0.7422,-1,-1,-1
657,54,1450.33,292.81,145.98,559.65,0.7551,-1,-1,-1
657,39,1780.18,295.72,139.74,747.93,0.7591,-1,-1,-1
657,2,859.51,336.45,167.08,437.38,0.8642,-1,-1,-1
658,64,797.50,407.56,67.71,230.56,0.6547,-1,-1,-1
658,63,1112.14,310.56,202.43,532.35,0.8412,-1,-1,-1
658,61,1312.23,296.33,152.19,537.43,0.8147,-1,-1,-1
658,58,1023.43,306.51,114.59,479.57,0.7671,-1,-1,-1
658,57,510.27,359.97,119.73,404.93,0.8045,-1,-1,-1
658,54,1452.96,290.52,145.11,561.44,0.7764,-1,-1,-1
658,39,1790.38,289.87,129.45,766.24,0.7507,-1,-1,-1
658,2,854.41,331.52,170.24,447.21,0.8731,-1,-1,-1
659,64,792.47,403.96,70.68,228.11,0.6914,-1,-1,-1
659,63,1109.03,306.97,207.49,550.33,0.8459,-1,-1,-1
659,61,1310.32,296.25,155.71,540.12,0.8340,-1,-1,-1
659,58,1020.22,306.19,113.57,480.07,0.7717,-1,-1,-1
659,57,505.07,363.85,99.75,399.11,0.6653,-1,-1,-1
659,54,1455.27,288.04,145.46,564.73,0.7847,-1,-1,-1
659,39,1800.54,289.42,119.35,767.96,0.7336,-1,-1,-1
659,2,852.78,330.14,170.18,444.32,0.8718,-1,-1,-1
660,64,788.67,395.60,72.76,235.47,0.7189,-1,-1,-1
660,63,1105.69,302.54,209.13,557.81,0.8485,-1,-1,-1
660,62,1263.14,328.86,87.00,432.87,0.3595,-1,-1,-1
660,61,1307.70,292.14,159.47,546.55,0.8387,-1,-1,-1
660,58,1016.60,306.69,115.20,483.28,0.7694,-1,-1,-1
660,57,500.45,363.71,100.17,398.38,0.7046,-1,-1,-1
660,54,1456.17,286.72,146.89,567.75,0.7903,-1,-1,-1
660,39,1806.86,282.09,112.98,785.55,0.7413,-1,-1,-1
660,2,850.51,328.64,170.34,442.85,0.8649,-1,-1,-1
661,64,787.15,393.70,68.70,241.65,0.7361,-1,-1,-1
661,63,1103.96,298.77,208.28,563.75,0.8685,-1,-1,-1
661,62,1265.30,327.91,78.49,435.81,0.3173,-1,-1,-1
661,61,1306.46,289.89,162.01,554.22,0.8142,-1,-1,-1
661,58,1012.82,306.19,115.10,488.84,0.7682,-1,-1,-1
661,57,495.92,361.18,127.70,408.05,0.7472,-1,-1,-1
661,54,1455.16,285.39,147.86,573.06,0.7937,-1,-1,-1
661,39,1811.02,281.83,108.76,792.01,0.7534,-1,-1,-1
661,2,848.40,327.36,168.02,447.38,0.8621,-1,-1,-1
662,64,781.92,390.08,69.40,248.07,0.7734,-1,-1,-1
662,63,1099.07,300.11,208.58,566.48,0.8827,-1,-1,-1
662,61,1303.69,286.11,165.81,560.23,0.8082,-1,-1,-1
662,58,1015.11,312.58,106.80,485.59,0.7678,-1,-1,-1
662,57,490.30,359.77,106.36,409.18,0.7765,-1,-1,-1
662,54,1453.76,286.01,152.09,574.93,0.8015,-1,-1,-1
662,39,1811.85,284.48,107.75,790.28,0.7515,-1,-1,-1
662,2,847.54,328.42,167.23,453.30,0.8513,-1,-1,-1
663,63,1093.01,296.22,213.23,573.24,0.8784,-1,-1,-1
663,61,1293.95,288.67,172.62,561.55,0.8232,-1,-1,-1
663,58,1009.92,312.20,111.68,490.71,0.8036,-1,-1,-1
663,57,481.40,356.68,111.17,414.29,0.7901,-1,-1,-1
663,54,1451.37,285.97,154.64,575.70,0.8119,-1,-1,-1
663,39,1811.03,280.89,108.59,793.89,0.7607,-1,-1,-1
663,2,837.34,329.08,170.60,448.28,0.8381,-1,-1,-1
664,64,775.77,395.45,66.00,233.21,0.5357,-1,-1,-1
664,63,1092.60,298.23,204.14,579.35,0.8739,-1,-1,-1
664,61,1286.44,289.05,179.55,565.42,0.8258,-1,-1,-1
664,58,1007.33,311.36,109.92,490.80,0.8056,-1,-1,-1
664,57,474.82,354.86,123.22,416.95,0.7977,-1,-1,-1
664,54,1450.49,285.14,158.68,578.30,0.8186,-1,-1,-1
664,39,1811.04,281.21,108.58,793.74,0.7674,-1,-1,-1
664,2,833.29,332.29,172.78,441.48,0.8535,-1,-1,-1
665,65,1251.96,327.16,58.53,132.96,0.3658,-1,-1,-1
665,64,764.91,396.30,75.30,240.76,0.6894,-1,-1,-1
665,63,1087.84,294.14,215.89,583.95,0.8690,-1,-1,-1
665,61,1285.78,280.94,177.26,576.32,0.8553,-1,-1,-1
665,58,999.77,307.84,116.29,491.87,0.7884,-1,-1,-1
665,57,468.68,356.48,109.65,418.84,0.7516,-1,-1,-1
665,54,1448.85,284.37,159.06,580.76,0.8175,-1,-1,-1
665,39,1813.82,273.06,105.83,802.43,0.7559,-1,-1,-1
665,2,845.30,332.95,153.12,433.12,0.8440,-1,-1,-1
666,64,765.94,395.99,69.58,243.44,0.6974,-1,-1,-1
666,63,1086.53,291.00,221.84,596.41,0.8739,-1,-1,-1
666,61,1274.11,281.87,185.20,578.11,0.8587,-1,-1,-1
666,58,994.29,304.36,116.31,491.88,0.7847,-1,-1,-1
666,57,462.96,355.63,113.43,420.70,0.7394,-1,-1,-1
666,54,1448.21,283.61,163.25,582.69,0.8405,-1,-1,-1
666,39,1801.48,265.89,118.13,810.25,0.7588,-1,-1,-1
666,2,844.32,332.32,153.36,442.20,0.8453,-1,-1,-1
667,65,1231.18,325.30,63.54,105.49,0.3482,-1,-1,-1
667,64,760.29,397.19,70.39,243.56,0.7136,-1,-1,-1
667,63,1084.94,287.60,224.98,615.06,0.8776,-1,-1,-1
667,61,1274.89,274.53,180.73,585.83,0.8727,-1,-1,-1
667,58,987.72,303.81,118.29,475.70,0.7905,-1,-1,-1
667,57,453.16,355.31,105.90,419.24,0.7098,-1,-1,-1
667,54,1443.21,285.02,167.44,579.91,0.8500,-1,-1,-1
667,39,1790.00,263.08,129.54,810.51,0.7675,-1,-1,-1
667,2,839.92,333.09,154.68,446.43,0.8482,-1,-1,-1
668,65,1222.19,325.60,63.08,93.57,0.3836,-1,-1,-1
668,64,755.99,389.18,72.59,252.60,0.7262,-1,-1,-1
668,63,1079.94,284.94,229.72,620.13,0.8780,-1,-1,-1
668,61,1270.87,269.56,181.76,589.53,0.8744,-1,-1,-1
668,58,981.51,302.07,119.74,488.47,0.7941,-1,-1,-1
668,57,446.15,352.82,107.04,424.70,0.7815,-1,-1,-1
668,54,1441.80,285.45,172.69,579.87,0.8600,-1,-1,-1
668,39,1789.97,260.06,129.58,813.93,0.7446,-1,-1,-1
668,2,836.83,332.71,158.00,439.69,0.8555,-1,-1,-1
669,64,749.47,392.16,74.79,249.52,0.6921,-1,-1,-1
669,63,1075.94,282.57,235.42,637.91,0.8838,-1,-1,-1
669,61,1266.48,265.79,183.41,591.95,0.8621,-1,-1,-1
669,58,975.85,299.06,123.12,491.87,0.8046,-1,-1,-1
669,57,440.73,343.67,109.65,435.42,0.7758,-1,-1,-1
669,54,1440.22,282.00,177.99,582.79,0.8604,-1,-1,-1
669,39,1798.29,254.19,121.29,822.11,0.7749,-1,-1,-1
669,2,836.02,331.32,159.95,431.65,0.8533,-1,-1,-1
670,64,740.94,387.79,82.59,255.59,0.7225,-1,-1,-1
670,63,1073.69,281.06,238.03,653.08,0.8828,-1,-1,-1
670,61,1266.70,246.94,182.71,614.67,0.8558,-1,-1,-1
670,58,976.00,298.38,119.05,487.45,0.8182,-1,-1,-1
670,57,433.05,349.14,112.64,434.05,0.7885,-1,-1,-1
670,54,1440.82,280.30,178.70,584.25,0.8579,-1,-1,-1
670,39,1798.34,247.58,121.21,827.01,0.7925,-1,-1,-1
670,2,834.78,330.06,156.15,430.15,0.8458,-1,-1,-1
671,64,740.35,383.30,79.65,260.18,0.7257,-1,-1,-1
671,63,1074.58,281.39,238.19,668.07,0.8848,-1,-1,-1
671,61,1272.20,257.15,180.97,607.40,0.8530,-1,-1,-1
671,58,973.08,297.72,121.13,484.65,0.8109,-1,-1,-1
671,57,429.17,349.20,114.12,434.07,0.8086,-1,-1,-1
671,54,1440.01,277.31,181.81,589.21,0.8559,-1,-1,-1
671,39,1797.18,241.39,122.35,833.73,0.7864,-1,-1,-1
671,2,834.78,329.34,148.64,433.51,0.8529,-1,-1,-1
672,64,737.36,383.17,82.14,262.71,0.7198,-1,-1,-1
672,63,1075.69,279.64,239.95,687.18,0.8894,-1,-1,-1
672,61,1271.47,245.29,184.95,626.62,0.8494,-1,-1,-1
672,58,970.53,295.98,125.61,489.01,0.8134,-1,-1,-1
672,57,424.38,348.16,120.88,441.08,0.7895,-1,-1,-1
672,54,1441.32,275.62,182.65,590.33,0.8604,-1,-1,-1
672,39,1795.49,222.56,124.49,847.65,0.7838,-1,-1,-1
672,2,836.31,329.26,148.80,434.88,0.8553,-1,-1,-1
673,64,737.17,379.83,79.41,265.74,0.7207,-1,-1,-1
673,63,1075.51,273.72,247.80,698.69,0.8859,-1,-1,-1
673,61,1273.18,241.94,186.36,637.50,0.8356,-1,-1,-1
673,58,970.31,293.64,126.30,484.86,0.8159,-1,-1,-1
673,57,420.98,352.16,120.20,438.61,0.7847,-1,-1,-1
673,54,1443.31,274.21,183.54,594.22,0.8488,-1,-1,-1
673,39,1790.39,140.79,129.51,930.44,0.7711,-1,-1,-1
673,2,838.03,328.12,140.19,433.71,0.8483,-1,-1,-1
674,64,737.19,380.39,83.16,262.07,0.7019,-1,-1,-1
674,63,1073.09,265.97,258.92,710.87,0.8774,-1,-1,-1
674,61,1279.05,240.93,180.51,655.41,0.8243,-1,-1,-1
674,58,970.30,294.40,125.59,485.54,0.8090,-1,-1,-1
674,57,420.07,353.89,118.81,439.91,0.7688,-1,-1,-1
674,54,1444.76,273.42,188.70,592.61,0.8414,-1,-1,-1
674,39,1783.84,155.09,136.00,915.08,0.7816,-1,-1,-1
674,2,838.43,328.03,137.97,433.33,0.8471,-1,-1,-1
675,64,737.00,382.71,81.77,258.12,0.7085,-1,-1,-1
675,63,1069.38,264.23,269.00,718.18,0.8752,-1,-1,-1
675,61,1283.82,249.36,184.94,664.32,0.8163,-1,-1,-1
675,58,969.32,292.85,127.47,490.59,0.8131,-1,-1,-1
675,57,417.13,349.59,123.04,448.30,0.7744,-1,-1,-1
675,54,1446.97,273.18,190.87,594.28,0.8448,-1,-1,-1
675,39,1776.09,215.87,143.72,853.54,0.7948,-1,-1,-1
675,2,838.88,328.52,139.11,434.77,0.8531,-1,-1,-1
676,64,734.59,382.05,84.72,261.02,0.7246,-1,-1,-1
676,63,1067.48,258.38,280.98,727.93,0.8543,-1,-1,-1
676,61,1290.56,237.54,188.70,679.10,0.7948,-1,-1,-1
676,58,969.51,292.83,128.53,489.68,0.8215,-1,-1,-1
676,57,414.69,351.10,125.69,450.39,0.7926,-1,-1,-1
676,54,1457.42,272.55,185.36,586.03,0.8382,-1,-1,-1
676,39,1769.82,225.54,149.89,841.82,0.8226,-1,-1,-1
676,2,837.81,329.47,140.17,436.51,0.8513,-1,-1,-1
677,64,734.16,379.57,86.91,264.86,0.7434,-1,-1,-1
677,63,1064.41,250.57,291.32,699.44,0.8501,-1,-1,-1
677,61,1297.32,228.62,207.43,699.87,0.7772,-1,-1,-1
677,58,972.85,291.61,124.74,486.56,0.8249,-1,-1,-1
677,57,411.29,346.76,126.61,454.50,0.7924,-1,-1,-1
677,54,1461.41,266.40,188.85,593.76,0.8357,-1,-1,-1
677,39,1758.38,237.32,161.25,832.25,0.8336,-1,-1,-1
677,2,837.54,327.33,142.92,437.82,0.8420,-1,-1,-1
678,64,734.13,379.77,86.52,266.44,0.7408,-1,-1,-1
678,63,1060.79,241.88,309.28,701.56,0.8709,-1,-1,-1
678,61,1302.15,226.98,206.45,705.14,0.8078,-1,-1,-1
678,58,972.08,291.17,128.15,488.96,0.8165,-1,-1,-1
678,57,409.01,348.29,128.49,454.41,0.7955,-1,-1,-1
678,54,1468.27,263.79,182.36,596.16,0.8227,-1,-1,-1
678,39,1753.42,236.59,166.25,836.81,0.8555,-1,-1,-1
678,2,838.32,326.42,142.56,439.95,0.8475,-1,-1,-1
679,64,734.27,378.41,85.41,266.25,0.7336,-1,-1,-1
679,63,1060.84,236.33,316.13,738.01,0.8623,-1,-1,-1
679,61,1310.78,229.17,201.27,724.32,0.8382,-1,-1,-1
679,58,978.66,291.57,124.57,484.90,0.7902,-1,-1,-1
679,57,408.42,348.24,126.74,454.57,0.7841,-1,-1,-1
679,54,1477.63,263.34,180.38,594.37,0.8157,-1,-1,-1
679,39,1747.72,246.39,171.94,828.42,0.8450,-1,-1,-1
679,2,837.35,327.63,146.77,438.21,0.8426,-1,-1,-1
680,64,735.57,377.86,86.98,270.38,0.7449,-1,-1,-1
680,63,1064.59,231.08,297.23,768.08,0.8740,-1,-1,-1
680,61,1319.17,238.16,207.31,728.76,0.8708,-1,-1,-1
680,58,982.76,292.95,120.52,483.47,0.7723,-1,-1,-1
680,57,408.99,346.94,129.14,458.84,0.7866,-1,-1,-1
680,54,1486.68,262.15,183.25,605.03,0.8342,-1,-1,-1
680,39,1740.18,247.63,179.47,805.01,0.7731,-1,-1,-1
680,2,835.18,329.64,159.17,438.26,0.8465,-1,-1,-1
681,64,735.26,382.49,92.55,270.80,0.7563,-1,-1,-1
681,63,1072.98,225.79,286.26,787.40,0.8695,-1,-1,-1
681,61,1330.28,240.63,201.82,729.91,0.8649,-1,-1,-1
681,58,985.09,296.55,119.23,480.45,0.7802,-1,-1,-1
681,57,411.27,345.28,130.53,462.68,0.7832,-1,-1,-1
681,54,1490.28,262.29,187.11,609.20,0.8323,-1,-1,-1
681,39,1735.12,251.62,184.56,705.27,0.7894,-1,-1,-1
681,2,837.49,332.10,162.14,437.18,0.8541,-1,-1,-1
682,64,737.08,381.83,93.43,274.84,0.7630,-1,-1,-1
682,63,1079.17,223.65,287.19,793.06,0.8819,-1,-1,-1
682,61,1341.87,234.80,200.39,739.55,0.8558,-1,-1,-1
682,58,992.64,296.23,115.95,482.80,0.8018,-1,-1,-1
682,57,413.34,345.73,127.72,464.57,0.7898,-1,-1,-1
682,54,1500.48,259.83,177.50,620.37,0.8326,-1,-1,-1
682,39,1732.29,256.59,187.37,538.16,0.8296,-1,-1,-1
682,2,838.65,333.30,170.07,442.38,0.8250,-1,-1,-1
683,64,739.83,382.89,91.55,273.67,0.7639,-1,-1,-1
683,63,1083.80,220.49,293.39,814.68,0.8783,-1,-1,-1
683,61,1350.13,232.44,216.32,751.02,0.8695,-1,-1,-1
683,58,996.81,294.56,119.35,488.54,0.8023,-1,-1,-1
683,57,414.10,347.59,125.69,463.12,0.7796,-1,-1,-1
683,54,1508.00,256.75,167.12,623.66,0.8320,-1,-1,-1
683,39,1741.64,259.98,178.00,525.32,0.7006,-1,-1,-1
683,2,846.04,335.98,165.23,428.87,0.8037,-1,-1,-1
684,64,746.99,382.45,89.59,278.09,0.7767,-1,-1,-1
684,63,1091.56,217.37,294.47,852.16,0.8764,-1,-1,-1
684,61,1359.36,224.10,222.92,763.34,0.8636,-1,-1,-1
684,58,1002.34,296.61,114.65,489.80,0.8060,-1,-1,-1
684,57,416.88,348.06,126.58,464.96,0.7940,-1,-1,-1
684,54,1513.88,259.13,171.84,628.06,0.8201,-1,-1,-1
684,39,1747.78,263.37,171.90,512.03,0.6231,-1,-1,-1
684,2,849.71,336.67,161.52,436.57,0.8396,-1,-1,-1
685,64,753.47,382.47,87.47,281.21,0.7894,-1,-1,-1
685,63,1096.92,214.70,300.08,865.30,0.8874,-1,-1,-1
685,61,1369.99,219.17,222.94,767.76,0.8325,-1,-1,-1
685,58,1009.34,297.14,113.79,489.35,0.8054,-1,-1,-1
685,57,420.63,340.51,129.54,474.11,0.7980,-1,-1,-1
685,54,1521.77,260.87,162.24,619.76,0.7557,-1,-1,-1
685,39,1756.18,267.42,163.64,521.14,0.4476,-1,-1,-1
685,2,862.36,332.86,154.45,436.37,0.8128,-1,-1,-1
686,64,757.20,383.52,87.69,277.55,0.8152,-1,-1,-1
686,63,1103.28,210.52,300.76,869.04,0.8993,-1,-1,-1
686,61,1385.89,209.16,235.89,781.69,0.8309,-1,-1,-1
686,58,1016.99,293.17,118.34,491.19,0.7971,-1,-1,-1
686,57,424.75,342.24,123.94,473.46,0.8145,-1,-1,-1
686,54,1545.59,270.11,143.05,615.85,0.4313,-1,-1,-1
686,39,1769.49,281.30,150.42,510.64,0.6645,-1,-1,-1
686,2,874.63,333.47,145.18,433.51,0.8561,-1,-1,-1
687,64,765.27,379.15,87.43,283.40,0.8177,-1,-1,-1
687,63,1104.79,207.18,310.53,872.36,0.9021,-1,-1,-1
687,61,1394.54,201.00,271.25,796.54,0.8370,-1,-1,-1
687,58,1018.89,296.09,122.85,497.02,0.7959,-1,-1,-1
687,57,429.17,336.43,118.95,472.67,0.7954,-1,-1,-1
687,39,1789.76,303.95,130.22,551.46,0.6378,-1,-1,-1
687,2,877.68,329.56,159.12,439.99,0.8464,-1,-1,-1
688,66,865.82,387.61,45.83,227.62,0.3221,-1,-1,-1
688,64,765.30,377.05,92.39,281.40,0.7856,-1,-1,-1
688,63,1107.60,195.86,317.80,881.29,0.8989,-1,-1,-1
688,61,1408.58,190.86,287.01,809.61,0.8663,-1,-1,-1
688,58,1029.36,293.50,118.49,488.08,0.8105,-1,-1,-1
688,57,433.27,331.60,124.09,479.87,0.7640,-1,-1,-1
688,39,1806.24,334.25,113.76,532.12,0.6843,-1,-1,-1
688,2,883.24,326.29,150.04,433.85,0.8325,-1,-1,-1
689,66,864.82,384.35,50.93,225.76,0.4417,-1,-1,-1
689,64,769.36,372.22,97.91,282.38,0.7697,-1,-1,-1
689,63,1111.13,170.62,325.56,904.72,0.8956,-1,-1,-1
689,61,1419.08,188.29,294.27,804.10,0.8774,-1,-1,-1
689,58,1037.49,290.70,115.68,487.91,0.7757,-1,-1,-1
689,57,436.22,329.06,123.83,474.92,0.8084,-1,-1,-1
689,39,1827.65,374.66,92.35,494.76,0.5571,-1,-1,-1
689,2,891.27,322.55,150.52,430.19,0.8103,-1,-1,-1
690,66,869.16,379.09,48.55,227.83,0.4064,-1,-1,-1
690,64,774.16,361.01,92.91,289.84,0.7459,-1,-1,-1
690,63,1109.99,169.68,338.34,900.14,0.8985,-1,-1,-1
690,61,1427.38,178.09,318.16,813.18,0.8657,-1,-1,-1
690,58,1045.73,286.27,115.58,486.82,0.8152,-1,-1,-1
690,57,438.62,321.85,122.27,474.74,0.7845,-1,-1,-1
690,39,1851.52,412.62,68.48,473.13,0.3386,-1,-1,-1
690,2,895.71,316.95,161.37,434.26,0.7927,-1,-1,-1
691,66,869.06,382.04,52.44,218.61,0.3538,-1,-1,-1
691,64,777.68,361.88,93.42,289.94,0.7824,-1,-1,-1
691,63,1109.84,178.11,343.30,896.55,0.9032,-1,-1,-1
691,61,1437.21,163.56,336.63,832.52,0.8799,-1,-1,-1
691,58,1048.13,283.08,115.69,486.18,0.7609,-1,-1,-1
691,57,440.79,319.04,122.54,477.70,0.7141,-1,-1,-1
691,2,901.13,310.99,164.69,432.13,0.8089,-1,-1,-1
692,66,866.87,373.46,58.23,219.23,0.5086,-1,-1,-1
692,64,779.71,355.50,92.91,293.78,0.7836,-1,-1,-1
692,63,1106.86,157.53,359.97,919.72,0.8951,-1,-1,-1
692,61,1444.69,153.17,347.08,860.90,0.8965,-1,-1,-1
692,58,1052.94,279.69,117.66,492.70,0.7500,-1,-1,-1
692,57,440.98,313.67,124.65,484.08,0.7419,-1,-1,-1
692,2,906.78,307.02,144.53,432.90,0.7948,-1,-1,-1
693,66,866.21,370.73,62.56,221.36,0.5331,-1,-1,-1
693,64,778.46,353.85,93.90,291.82,0.7794,-1,-1,-1
693,63,1104.40,132.50,377.70,939.84,0.8889,-1,-1,-1
693,61,1450.97,143.38,360.72,894.59,0.9008,-1,-1,-1
693,58,1059.81,272.09,105.46,521.87,0.6059,-1,-1,-1
693,57,440.53,309.68,150.05,488.32,0.6779,-1,-1,-1
693,2,910.02,302.12,148.12,436.30,0.7916,-1,-1,-1
694,66,865.23,366.95,61.87,217.69,0.5095,-1,-1,-1
694,64,780.07,352.07,93.56,293.65,0.7482,-1,-1,-1
694,63,1101.70,126.02,398.39,947.98,0.8896,-1,-1,-1
694,61,1454.80,138.74,381.53,914.22,0.8982,-1,-1,-1
694,58,1062.51,266.17,97.70,519.24,0.5496,-1,-1,-1
694,57,439.20,304.28,137.14,492.60,0.6922,-1,-1,-1
694,2,909.85,299.49,142.85,438.00,0.8126,-1,-1,-1
695,66,867.00,362.99,64.53,225.79,0.6096,-1,-1,-1
695,64,780.90,346.24,89.43,295.67,0.7458,-1,-1,-1
695,63,1092.92,111.84,425.07,962.23,0.8795,-1,-1,-1
695,61,1461.76,130.91,400.54,920.32,0.8994,-1,-1,-1
695,58,1059.87,258.04,136.60,650.65,0.5270,-1,-1,-1
695,57,434.61,298.60,125.49,494.60,0.7972,-1,-1,-1
695,2,911.48,299.15,142.60,435.10,0.8102,-1,-1,-1
696,66,867.28,364.13,62.79,229.32,0.6266,-1,-1,-1
696,64,776.48,343.41,93.81,297.46,0.7684,-1,-1,-1
696,63,1097.64,99.73,429.89,975.10,0.8823,-1,-1,-1
696,61,1466.57,125.74,412.32,936.28,0.9045,-1,-1,-1
696,58,1045.00,250.18,161.77,668.24,0.6175,-1,-1,-1
696,57,432.31,296.79,126.10,497.84,0.8193,-1,-1,-1
696,2,910.31,301.30,138.74,432.00,0.8455,-1,-1,-1
697,66,865.95,362.04,62.59,228.96,0.6717,-1,-1,-1
697,64,775.72,337.23,95.35,300.60,0.7628,-1,-1,-1
697,63,1109.52,84.30,438.04,990.68,0.8937,-1,-1,-1
697,61,1476.85,115.47,415.11,955.76,0.8911,-1,-1,-1
697,58,1043.20,249.05,153.89,680.03,0.6702,-1,-1,-1
697,57,425.52,295.39,132.28,498.10,0.7918,-1,-1,-1
697,2,915.01,297.11,133.75,430.56,0.8157,-1,-1,-1
698,66,862.55,358.06,65.67,227.90,0.6886,-1,-1,-1
698,64,774.48,338.65,97.63,299.63,0.7806,-1,-1,-1
698,63,1107.02,67.57,444.34,1007.94,0.9040,-1,-1,-1
698,61,1481.29,111.73,428.34,954.12,0.9017,-1,-1,-1
698,58,1045.97,224.20,167.82,708.63,0.6729,-1,-1,-1
698,57,426.26,286.00,125.40,500.91,0.7804,-1,-1,-1
698,2,917.13,290.76,140.98,437.45,0.8322,-1,-1,-1
699,66,864.00,351.80,64.90,229.16,0.6889,-1,-1,-1
699,64,772.41,334.92,102.86,301.37,0.7890,-1,-1,-1
699,63,1115.90,49.84,446.74,1027.94,0.9052,-1,-1,-1
699,61,1492.78,97.40,426.03,963.83,0.9050,-1,-1,-1
699,58,1046.05,206.25,167.34,734.61,0.6958,-1,-1,-1
699,57,422.62,280.71,139.14,503.91,0.7728,-1,-1,-1
699,2,918.20,285.15,150.33,440.17,0.8359,-1,-1,-1
700,66,866.71,347.17,61.53,231.06,0.6502,-1,-1,-1
700,64,771.71,332.42,103.01,303.63,0.7657,-1,-1,-1
700,63,1131.13,32.43,446.36,1043.10,0.8994,-1,-1,-1
700,61,1501.08,80.16,417.93,984.70,0.9101,-1,-1,-1
700,58,1051.57,194.80,159.08,746.96,0.7592,-1,-1,-1
700,57,421.80,276.59,129.82,505.08,0.7964,-1,-1,-1
700,2,919.42,283.35,148.99,439.96,0.8452,-1,-1,-1
701,66,864.65,345.23,65.77,234.10,0.6725,-1,-1,-1
701,64,773.46,328.49,103.15,305.20,0.7537,-1,-1,-1
701,63,1137.83,22.85,446.93,1050.46,0.8951,-1,-1,-1
701,61,1511.14,73.38,408.16,988.35,0.9082,-1,-1,-1
701,58,1054.01,188.11,137.29,751.76,0.7719,-1,-1,-1
701,57,417.28,271.50,130.13,512.47,0.8243,-1,-1,-1
701,2,920.64,282.98,147.15,436.05,0.8554,-1,-1,-1
702,66,858.60,338.27,73.51,238.94,0.7016,-1,-1,-1
702,64,774.98,324.67,97.10,305.66,0.7640,-1,-1,-1
702,63,1138.52,10.94,451.36,1061.25,0.8916,-1,-1,-1
702,61,1512.21,63.31,407.50,998.98,0.9111,-1,-1,-1
702,58,1045.61,179.63,172.98,762.62,0.8141,-1,-1,-1
702,57,415.40,267.78,131.48,517.65,0.8279,-1,-1,-1
702,2,921.50,279.59,139.64,432.99,0.8407,-1,-1,-1
703,68,1498.89,210.15,64.24,138.76,0.3107,-1,-1,-1
703,66,861.04,332.77,71.30,246.82,0.6810,-1,-1,-1
703,64,772.73,318.23,100.85,312.02,0.7656,-1,-1,-1
703,63,1148.50,3.51,451.35,1069.19,0.8957,-1,-1,-1
703,61,1520.77,48.87,399.23,1017.58,0.9060,-1,-1,-1
703,58,1042.68,169.69,178.16,772.34,0.8353,-1,-1,-1
703,57,406.85,260.13,137.30,523.31,0.8180,-1,-1,-1
703,2,922.21,277.22,134.08,430.98,0.8366,-1,-1,-1
704,66,861.13,328.33,69.94,247.21,0.6798,-1,-1,-1
704,64,772.27,313.45,105.40,313.17,0.7671,-1,-1,-1
704,63,1154.21,1.06,453.85,1069.84,0.9025,-1,-1,-1
704,61,1532.75,36.89,387.11,1029.50,0.9108,-1,-1,-1
704,58,1034.33,158.63,208.72,782.95,0.8462,-1,-1,-1
704,57,399.47,254.07,138.63,522.79,0.8433,-1,-1,-1
704,2,921.79,270.88,124.33,431.16,0.8208,-1,-1,-1
705,66,854.87,322.86,72.42,244.56,0.6568,-1,-1,-1
705,64,775.30,309.90,96.40,313.91,0.7490,-1,-1,-1
705,63,1159.31,1.43,452.95,1068.78,0.9049,-1,-1,-1
705,61,1545.15,10.97,374.85,1051.40,0.9014,-1,-1,-1
705,58,1024.42,147.87,205.77,792.89,0.8462,-1,-1,-1
705,57,394.81,251.17,143.77,521.07,0.8588,-1,-1,-1
705,2,920.23,263.10,122.38,430.85,0.8178,-1,-1,-1
706,66,852.63,318.36,73.62,249.83,0.6821,-1,-1,-1
706,64,772.73,302.60,95.29,316.63,0.7622,-1,-1,-1
706,63,1170.35,1.25,458.93,1070.77,0.9111,-1,-1,-1
706,61,1556.88,3.09,362.81,1063.02,0.9177,-1,-1,-1
706,58,1002.02,136.65,214.81,818.58,0.8301,-1,-1,-1
706,57,392.56,242.55,141.26,528.62,0.8136,-1,-1,-1
706,2,921.40,258.31,122.69,428.69,0.8049,-1,-1,-1
707,66,853.13,312.29,73.30,247.97,0.6648,-1,-1,-1
707,64,777.09,294.86,89.48,315.92,0.7831,-1,-1,-1
707,63,1179.78,1.73,472.73,1072.82,0.9136,-1,-1,-1
707,61,1578.97,2.72,340.91,1069.44,0.9170,-1,-1,-1
707,58,991.01,120.22,221.66,857.09,0.8320,-1,-1,-1
707,57,388.61,236.62,142.56,528.17,0.8208,-1,-1,-1
707,2,920.24,254.46,123.88,425.75,0.7559,-1,-1,-1
708,66,852.06,304.91,74.44,257.57,0.6081,-1,-1,-1
708,64,771.47,288.60,100.68,318.10,0.7736,-1,-1,-1
708,63,1182.62,2.15,493.04,1068.03,0.9134,-1,-1,-1
708,61,1601.70,4.22,318.30,1068.67,0.9075,-1,-1,-1
708,58,977.62,106.94,228.39,882.12,0.8468,-1,-1,-1
708,57,387.02,231.14,145.08,530.16,0.7950,-1,-1,-1
708,2,922.16,239.74,104.25,435.39,0.6969,-1,-1,-1
709,66,851.67,301.16,73.70,252.07,0.5355,-1,-1,-1
709,64,766.42,281.31,106.05,322.45,0.7602,-1,-1,-1
709,63,1200.97,2.32,505.90,1068.31,0.9182,-1,-1,-1
709,61,1630.58,5.34,288.96,1074.66,0.8982,-1,-1,-1
709,58,968.86,97.46,262.68,904.62,0.8609,-1,-1,-1
709,57,381.94,216.98,145.16,544.56,0.8032,-1,-1,-1
709,2,912.66,229.47,120.45,437.33,0.5532,-1,-1,-1
710,66,854.71,297.54,68.99,249.26,0.4965,-1,-1,-1
710,64,766.71,274.40,104.69,326.40,0.7692,-1,-1,-1
710,63,1219.10,2.63,523.67,1066.01,0.9315,-1,-1,-1
710,61,1660.34,4.73,259.66,1075.27,0.8971,-1,-1,-1
710,58,936.16,85.83,302.18,927.32,0.8828,-1,-1,-1
710,57,378.61,212.04,145.22,542.70,0.7942,-1,-1,-1
711,66,853.11,295.44,69.67,255.36,0.4919,-1,-1,-1
711,64,774.33,270.16,96.28,329.03,0.7466,-1,-1,-1
711,63,1232.87,0.53,573.82,1066.72,0.9216,-1,-1,-1
711,61,1696.61,5.06,223.23,1056.59,0.8807,-1,-1,-1
711,58,926.51,79.59,312.14,943.73,0.8934,-1,-1,-1
711,57,374.60,207.05,146.30,546.18,0.8141,-1,-1,-1
712,66,853.25,294.16,66.74,251.86,0.5970,-1,-1,-1
712,64,761.78,266.52,110.98,332.98,0.7431,-1,-1,-1
712,63,1256.04,3.76,576.34,1068.01,0.9111,-1,-1,-1
712,61,1734.12,3.06,185.53,888.08,0.7731,-1,-1,-1
712,58,915.29,63.62,324.55,974.20,0.9029,-1,-1,-1
712,57,371.28,203.74,145.60,550.65,0.8206,-1,-1,-1
713,66,852.36,284.51,73.02,262.01,0.5324,-1,-1,-1
713,64,758.60,261.18,117.19,337.45,0.7595,-1,-1,-1
713,63,1275.41,5.09,604.71,1066.12,0.9159,-1,-1,-1
713,61,1781.40,4.54,138.24,830.95,0.5927,-1,-1,-1
713,58,909.15,51.55,327.58,1005.99,0.8966,-1,-1,-1
713,57,366.06,196.53,147.76,556.73,0.8164,-1,-1,-1
714,66,853.86,284.93,67.91,261.71,0.5898,-1,-1,-1
714,64,756.34,258.94,117.32,339.00,0.7820,-1,-1,-1
714,63,1292.27,3.01,626.74,1066.15,0.9254,-1,-1,-1
714,58,900.86,42.93,325.69,1019.90,0.8874,-1,-1,-1
714,57,363.95,194.20,148.56,558.03,0.8265,-1,-1,-1
715,69,1234.19,316.65,58.42,211.25,0.5248,-1,-1,-1
715,66,850.88,280.45,58.17,266.16,0.4193,-1,-1,-1
715,64,757.51,256.31,122.15,339.73,0.7669,-1,-1,-1
715,63,1285.31,0.06,633.93,1065.73,0.9283,-1,-1,-1
715,58,890.32,36.50,326.57,1030.85,0.8908,-1,-1,-1
715,57,358.83,192.33,155.94,558.90,0.8250,-1,-1,-1
716,69,1238.23,317.31,60.32,205.76,0.5869,-1,-1,-1
716,66,847.90,274.22,53.19,269.53,0.3652,-1,-1,-1
716,64,757.67,254.39,118.79,340.03,0.7613,-1,-1,-1
716,63,1270.37,0.00,649.09,1068.61,0.9285,-1,-1,-1
716,58,877.31,11.57,327.98,1053.56,0.8965,-1,-1,-1
716,57,356.51,189.81,151.34,564.45,0.8276,-1,-1,-1
717,70,1201.13,319.57,48.73,184.21,0.3288,-1,-1,-1
717,69,1240.89,310.46,61.15,212.28,0.5070,-1,-1,-1
717,64,755.12,248.70,126.51,346.86,0.8057,-1,-1,-1
717,63,1262.84,0.00,655.85,1067.22,0.9286,-1,-1,-1
717,58,858.48,2.94,343.42,1074.53,0.9083,-1,-1,-1
717,57,350.77,189.85,160.46,563.09,0.8039,-1,-1,-1
718,69,1237.81,307.86,68.97,214.63,0.5913,-1,-1,-1
718,64,755.60,245.27,114.15,351.52,0.8089,-1,-1,-1
718,63,1260.31,1.31,658.59,1068.94,0.9180,-1,-1,-1
718,58,844.12,12.39,339.88,1062.40,0.9027,-1,-1,-1
718,57,346.72,182.22,162.55,572.52,0.8183,-1,-1,-1
719,69,1240.81,312.42,72.27,208.33,0.5575,-1,-1,-1
719,64,754.03,240.96,104.62,355.36,0.7687,-1,-1,-1
719,63,1263.45,1.53,655.80,1069.92,0.9180,-1,-1,-1
719,58,817.48,2.84,350.84,1066.84,0.8994,-1,-1,-1
719,57,344.17,180.00,159.58,576.28,0.8280,-1,-1,-1
720,71,1095.97,165.88,118.20,513.93,0.7165,-1,-1,-1
720,69,1242.67,305.50,75.68,215.77,0.6397,-1,-1,-1
720,64,757.36,241.32,84.14,354.10,0.6818,-1,-1,-1
720,63,1275.33,2.51,643.67,1055.86,0.9173,-1,-1,-1
720,58,791.14,2.45,359.86,1068.93,0.8882,-1,-1,-1
720,57,342.06,179.78,157.56,580.09,0.8484,-1,-1,-1
721,71,1092.55,164.64,130.55,519.56,0.7447,-1,-1,-1
721,69,1242.00,302.04,76.26,216.45,0.6066,-1,-1,-1
721,63,1293.62,2.48,624.56,1062.83,0.8841,-1,-1,-1
721,58,768.82,2.01,361.63,1076.70,0.9126,-1,-1,-1
721,57,338.03,173.89,159.83,588.61,0.8474,-1,-1,-1
722,72,1315.33,115.84,158.06,496.85,0.7093,-1,-1,-1
722,71,1088.54,161.89,140.26,519.79,0.7899,-1,-1,-1
722,69,1245.28,293.99,65.98,225.22,0.4930,-1,-1,-1
722,63,1305.90,1.85,612.09,1063.63,0.9198,-1,-1,-1
722,58,748.65,2.13,367.91,1074.30,0.9107,-1,-1,-1
722,57,331.94,169.10,163.15,594.97,0.8438,-1,-1,-1
723,72,1302.73,110.16,168.45,558.64,0.7295,-1,-1,-1
723,71,1082.75,162.05,142.58,509.56,0.8314,-1,-1,-1
723,69,1246.97,313.71,64.48,206.94,0.5252,-1,-1,-1
723,63,1313.76,2.05,603.96,1063.14,0.9027,-1,-1,-1
723,58,725.10,2.00,371.86,1075.33,0.9036,-1,-1,-1
723,57,326.53,167.05,165.76,597.08,0.8462,-1,-1,-1
724,72,1260.11,107.22,203.19,637.59,0.7753,-1,-1,-1
724,71,1078.15,158.80,150.51,508.93,0.8438,-1,-1,-1
724,63,1322.95,5.17,594.25,1061.99,0.9020,-1,-1,-1
724,58,699.14,1.83,390.76,1068.55,0.9061,-1,-1,-1
724,57,322.08,163.32,165.73,601.10,0.8366,-1,-1,-1
725,72,1240.57,100.89,215.91,664.04,0.8577,-1,-1,-1
725,71,1075.38,157.95,150.78,507.80,0.8373,-1,-1,-1
725,63,1335.56,7.21,580.80,1062.93,0.8821,-1,-1,-1
725,58,661.44,3.43,397.98,1069.96,0.9040,-1,-1,-1
725,57,316.06,158.19,166.99,605.81,0.8384,-1,-1,-1
726,72,1217.82,106.79,239.63,701.44,0.8564,-1,-1,-1
726,71,1071.98,154.29,160.40,509.14,0.8424,-1,-1,-1
726,63,1351.03,7.69,567.90,1059.98,0.8125,-1,-1,-1
726,58,632.66,3.70,404.45,1071.06,0.9086,-1,-1,-1
726,57,312.49,157.14,166.26,608.20,0.8181,-1,-1,-1
727,72,1188.69,105.53,272.93,696.50,0.8694,-1,-1,-1
727,71,1067.59,151.66,164.29,512.71,0.8544,-1,-1,-1
727,63,1392.56,3.48,527.44,1064.31,0.8124,-1,-1,-1
727,58,605.25,4.87,411.31,1069.63,0.9053,-1,-1,-1
727,57,296.25,147.57,172.85,614.56,0.8201,-1,-1,-1
727,2,966.92,193.39,96.28,433.03,0.5838,-1,-1,-1
728,72,1149.72,101.12,311.64,702.53,0.8591,-1,-1,-1
728,71,1066.76,147.73,143.84,510.90,0.6673,-1,-1,-1
728,63,1527.63,6.11,391.84,1046.46,0.7383,-1,-1,-1
728,58,565.13,4.57,435.34,1071.81,0.9091,-1,-1,-1
728,57,290.52,141.94,168.43,619.97,0.8495,-1,-1,-1
728,2,941.46,181.86,121.70,444.02,0.7887,-1,-1,-1
729,72,1124.56,93.02,336.18,708.60,0.8772,-1,-1,-1
729,71,1063.80,146.67,128.96,508.47,0.7569,-1,-1,-1
729,63,1684.00,31.03,235.58,1031.65,0.6981,-1,-1,-1
729,58,519.35,1.76,452.66,1072.38,0.9076,-1,-1,-1
729,57,280.25,129.51,168.59,629.05,0.8670,-1,-1,-1
729,2,937.27,185.70,121.66,437.26,0.8449,-1,-1,-1
730,72,1114.27,94.58,345.31,704.16,0.9001,-1,-1,-1
730,71,1055.11,142.03,135.63,514.50,0.8079,-1,-1,-1
730,58,467.84,1.82,475.37,1073.89,0.9227,-1,-1,-1
730,57,267.60,125.75,172.78,630.53,0.8434,-1,-1,-1
730,2,920.51,184.51,144.11,437.22,0.8500,-1,-1,-1
731,72,1113.78,94.35,340.99,706.07,0.8963,-1,-1,-1
731,71,1050.65,140.19,132.09,515.38,0.7967,-1,-1,-1
731,58,421.40,3.62,485.81,1071.59,0.9070,-1,-1,-1
731,57,253.50,121.24,172.76,637.62,0.8306,-1,-1,-1
731,2,911.08,183.08,144.38,439.44,0.8390,-1,-1,-1
732,75,1442.81,296.08,31.16,46.87,0.3210,-1,-1,-1
732,72,1087.85,90.72,365.36,711.65,0.8785,-1,-1,-1
732,71,1050.47,138.88,125.08,515.03,0.8123,-1,-1,-1
732,58,359.11,4.02,519.43,1064.59,0.9132,-1,-1,-1
732,57,244.67,109.38,157.82,650.74,0.8457,-1,-1,-1
732,2,904.59,183.57,154.48,438.07,0.8396,-1,-1,-1
733,72,1094.34,78.13,344.14,721.90,0.8631,-1,-1,-1
733,71,1046.94,134.99,118.96,513.79,0.8048,-1,-1,-1
733,58,243.42,4.07,599.78,1063.84,0.9026,-1,-1,-1
733,2,899.20,180.30,164.52,437.57,0.8547,-1,-1,-1
734,72,1076.37,80.83,344.66,735.42,0.8614,-1,-1,-1
734,71,1041.90,137.05,117.31,515.22,0.8040,-1,-1,-1
734,58,221.14,6.29,581.76,1060.27,0.9264,-1,-1,-1
734,2,895.86,183.10,145.55,435.17,0.8419,-1,-1,-1
735,76,741.52,208.69,107.57,401.96,0.6851,-1,-1,-1
735,75,1422.57,292.20,31.98,46.22,0.4353,-1,-1,-1
735,72,1058.42,82.69,338.61,740.78,0.8626,-1,-1,-1
735,71,1034.53,138.57,113.46,520.81,0.7599,-1,-1,-1
735,58,160.22,4.31,614.96,1061.40,0.9089,-1,-1,-1
735,2,889.68,182.70,141.33,424.48,0.8574,-1,-1,-1
736,76,711.00,179.51,131.67,410.69,0.6393,-1,-1,-1
736,72,1045.70,77.00,317.81,725.48,0.8803,-1,-1,-1
736,71,1026.66,135.67,106.31,526.35,0.6483,-1,-1,-1
736,58,46.62,2.41,686.78,1065.65,0.8624,-1,-1,-1
736,2,886.46,181.74,137.89,428.88,0.8479,-1,-1,-1
737,76,671.75,177.72,159.25,427.98,0.7135,-1,-1,-1
737,72,1047.87,71.90,276.74,726.27,0.8520,-1,-1,-1
737,71,1013.55,139.99,102.04,524.17,0.6674,-1,-1,-1
737,58,0.70,5.01,694.77,1060.47,0.9244,-1,-1,-1
737,2,879.10,179.50,134.85,428.89,0.8372,-1,-1,-1
738,77,750.72,210.11,64.47,318.98,0.4612,-1,-1,-1
738,76,646.23,170.90,157.61,438.16,0.7847,-1,-1,-1
738,72,1020.10,68.41,257.84,738.52,0.8716,-1,-1,-1
738,71,1005.33,143.29,88.46,516.53,0.4704,-1,-1,-1
738,58,1.45,4.86,681.85,1057.75,0.9044,-1,-1,-1
738,2,863.40,176.40,135.99,432.65,0.8223,-1,-1,-1
739,76,623.28,166.17,170.31,445.97,0.8122,-1,-1,-1
739,72,1001.14,70.04,221.42,732.75,0.8284,-1,-1,-1
739,58,1.40,3.41,651.87,1053.22,0.9128,-1,-1,-1
739,2,841.65,176.75,137.41,435.80,0.8441,-1,-1,-1
740,76,614.42,164.42,159.85,460.39,0.8234,-1,-1,-1
740,72,974.29,66.97,200.06,734.88,0.8287,-1,-1,-1
740,58,1.56,6.46,597.14,1051.05,0.9056,-1,-1,-1
740,2,825.12,177.31,145.40,431.23,0.8414,-1,-1,-1
741,78,1146.96,283.87,63.55,232.27,0.5355,-1,-1,-1
741,76,595.46,162.73,168.66,460.13,0.8471,-1,-1,-1
741,72,950.65,68.33,200.72,757.86,0.8714,-1,-1,-1
741,58,0.48,4.49,543.21,1059.37,0.8886,-1,-1,-1
741,2,818.26,178.36,141.64,431.92,0.8179,-1,-1,-1
742,78,1141.13,272.98,56.30,258.62,0.4850,-1,-1,-1
742,76,580.13,157.92,171.29,465.27,0.8487,-1,-1,-1
742,72,920.00,67.56,212.01,762.33,0.8391,-1,-1,-1
742,58,0.76,4.25,448.27,1063.35,0.8361,-1,-1,-1
742,2,807.89,177.81,140.42,436.68,0.8407,-1,-1,-1
743,78,1088.54,232.36,66.53,300.46,0.4493,-1,-1,-1
743,76,574.09,159.81,161.47,469.44,0.8278,-1,-1,-1
743,72,894.35,68.11,225.10,762.63,0.8163,-1,-1,-1
743,58,0.79,10.19,295.28,1045.22,0.7070,-1,-1,-1
743,2,797.69,181.47,141.55,437.57,0.8275,-1,-1,-1
744,78,1073.80,228.96,97.16,303.75,0.6838,-1,-1,-1
744,76,552.81,158.23,169.16,479.19,0.8404,-1,-1,-1
744,72,845.95,64.36,239.15,763.53,0.8342,-1,-1,-1
744,58,0.17,60.58,200.94,778.12,0.5664,-1,-1,-1
744,2,776.52,180.38,146.87,431.29,0.8212,-1,-1,-1
745,78,1064.97,230.32,103.35,305.45,0.7481,-1,-1,-1
745,76,534.32,155.31,179.66,489.45,0.8413,-1,-1,-1
745,72,802.11,60.71,269.13,761.18,0.7783,-1,-1,-1
745,58,0.00,53.10,181.86,770.32,0.8732,-1,-1,-1
745,2,764.89,181.72,135.57,429.97,0.7263,-1,-1,-1
746,78,1051.75,223.56,101.82,313.36,0.7225,-1,-1,-1
746,76,515.11,153.39,188.08,496.48,0.8397,-1,-1,-1
746,72,731.32,54.59,323.84,784.49,0.8060,-1,-1,-1
746,58,0.78,54.58,157.60,767.10,0.8566,-1,-1,-1
746,2,752.70,182.04,127.74,422.65,0.7471,-1,-1,-1
747,78,1052.52,222.86,92.86,315.87,0.7044,-1,-1,-1
747,76,496.06,152.56,187.27,501.98,0.8303,-1,-1,-1
747,75,1272.71,298.39,35.27,46.05,0.3146,-1,-1,-1
747,72,692.63,41.61,357.87,792.95,0.8323,-1,-1,-1
747,58,0.78,53.49,135.75,772.28,0.8304,-1,-1,-1
747,2,732.98,183.78,117.29,394.56,0.6152,-1,-1,-1
748,78,1043.43,219.39,93.98,323.12,0.7132,-1,-1,-1
748,76,481.78,149.76,190.47,505.57,0.8525,-1,-1,-1
748,72,655.59,50.59,380.14,785.84,0.8794,-1,-1,-1
748,58,0.50,62.73,115.66,770.10,0.8119,-1,-1,-1
748,2,718.89,170.04,109.04,411.15,0.5249,-1,-1,-1
749,80,989.47,230.78,79.83,321.93,0.3809,-1,-1,-1
749,78,1035.13,220.88,92.12,321.94,0.6747,-1,-1,-1
749,76,464.13,148.77,199.23,517.94,0.8422,-1,-1,-1
749,72,672.95,48.91,351.52,787.83,0.8157,-1,-1,-1
749,71,921.19,140.13,85.95,361.76,0.4578,-1,-1,-1
749,58,0.33,108.67,101.43,714.89,0.7608,-1,-1,-1
749,2,703.04,189.72,91.37,359.34,0.3418,-1,-1,-1
750,80,982.03,238.87,82.10,319.48,0.6540,-1,-1,-1
750,79,693.84,251.40,67.50,300.33,0.4287,-1,-1,-1
750,78,1030.43,226.75,93.72,318.15,0.7403,-1,-1,-1
750,76,450.89,148.61,199.88,521.72,0.7512,-1,-1,-1
750,72,642.65,55.42,369.32,790.39,0.8591,-1,-1,-1
750,71,904.40,136.92,91.85,484.16,0.3709,-1,-1,-1
750,58,0.09,184.88,80.41,638.41,0.7269,-1,-1,-1
751,80,979.21,241.10,83.56,321.82,0.6530,-1,-1,-1
751,78,1032.02,227.62,89.47,320.99,0.7152,-1,-1,-1
751,77,565.00,210.73,81.92,345.30,0.4252,-1,-1,-1
751,76,435.49,150.17,205.13,543.46,0.8016,-1,-1,-1
751,72,624.01,52.83,379.22,803.50,0.8737,-1,-1,-1
751,71,883.59,139.04,109.84,512.40,0.6952,-1,-1,-1
752,80,963.28,244.94,101.60,325.10,0.6887,-1,-1,-1
752,78,1029.62,228.15,90.72,321.87,0.7482,-1,-1,-1
752,77,563.20,206.14,76.55,354.57,0.3370,-1,-1,-1
752,76,427.85,143.49,202.76,552.18,0.8283,-1,-1,-1
752,72,612.70,54.38,367.59,808.91,0.8716,-1,-1,-1
752,71,868.80,140.72,119.67,521.21,0.7587,-1,-1,-1
753,80,961.34,250.40,112.47,325.47,0.7030,-1,-1,-1
753,78,1032.03,230.09,89.56,316.50,0.7371,-1,-1,-1
753,76,412.87,138.69,215.68,559.72,0.8388,-1,-1,-1
753,72,603.76,46.74,358.32,821.54,0.8886,-1,-1,-1
753,71,861.20,145.60,123.04,524.86,0.7676,-1,-1,-1
754,81,1830.99,325.53,88.40,375.61,0.5081,-1,-1,-1
754,80,958.34,251.74,113.66,327.62,0.6710,-1,-1,-1
754,78,1029.27,232.17,93.44,324.80,0.7433,-1,-1,-1
754,76,395.57,136.26,229.29,564.31,0.8195,-1,-1,-1
754,72,596.51,47.86,339.84,827.42,0.8870,-1,-1,-1
754,71,856.23,149.57,124.13,526.87,0.7952,-1,-1,-1
755,81,1823.86,309.86,95.55,395.32,0.5029,-1,-1,-1
755,80,957.46,251.14,116.74,330.43,0.6919,-1,-1,-1
755,78,1031.68,230.47,95.08,326.21,0.7177,-1,-1,-1
755,76,394.18,134.43,222.33,568.60,0.8486,-1,-1,-1
755,72,575.07,43.92,342.84,837.91,0.8894,-1,-1,-1
755,71,849.43,149.84,130.08,531.48,0.7993,-1,-1,-1
756,80,955.38,251.57,115.48,333.07,0.6797,-1,-1,-1
756,78,1030.28,229.79,102.81,331.89,0.7037,-1,-1,-1
756,76,384.24,132.59,220.32,582.81,0.8420,-1,-1,-1
756,72,542.27,39.33,336.87,850.95,0.8892,-1,-1,-1
756,71,846.55,154.20,135.23,523.91,0.8010,-1,-1,-1
757,81,1816.83,302.24,102.58,407.33,0.3696,-1,-1,-1
757,80,955.00,251.68,115.67,338.47,0.7567,-1,-1,-1
757,78,1029.88,230.13,107.57,333.71,0.7002,-1,-1,-1
757,76,377.87,135.70,198.23,578.62,0.8541,-1,-1,-1
757,72,504.35,33.62,338.97,863.36,0.8795,-1,-1,-1
757,71,840.97,158.27,141.89,522.24,0.8022,-1,-1,-1
758,82,756.74,195.16,87.86,320.70,0.5820,-1,-1,-1
758,80,957.53,250.33,126.33,343.79,0.7991,-1,-1,-1
758,78,1037.20,228.30,115.25,334.26,0.7045,-1,-1,-1
758,76,373.48,129.64,202.79,587.35,0.7723,-1,-1,-1
758,72,469.08,36.16,343.11,868.88,0.8793,-1,-1,-1
758,71,845.01,164.03,135.95,521.57,0.8244,-1,-1,-1
759,82,704.04,200.52,140.32,473.94,0.3982,-1,-1,-1
759,80,961.58,255.03,120.24,342.74,0.8125,-1,-1,-1
759,78,1043.69,230.04,110.41,347.80,0.7294,-1,-1,-1
759,76,372.29,134.00,203.40,595.74,0.7958,-1,-1,-1
759,72,459.93,33.92,321.82,881.05,0.8466,-1,-1,-1
759,71,844.33,168.20,134.11,524.06,0.8311,-1,-1,-1
760,82,681.91,196.83,164.56,519.33,0.6890,-1,-1,-1
760,80,967.06,255.55,118.53,347.72,0.8079,-1,-1,-1
760,78,1051.07,228.50,105.37,363.83,0.7447,-1,-1,-1
760,76,370.72,130.59,203.68,611.10,0.7834,-1,-1,-1
760,72,451.44,42.24,294.50,880.51,0.7886,-1,-1,-1
760,71,843.25,170.07,134.26,524.94,0.8298,-1,-1,-1
761,82,717.09,202.26,133.72,435.18,0.8251,-1,-1,-1
761,80,970.97,256.77,120.57,349.65,0.8297,-1,-1,-1
761,78,1056.98,229.05,103.34,363.49,0.7628,-1,-1,-1
761,76,370.59,133.51,197.43,607.31,0.7331,-1,-1,-1
761,72,413.24,42.88,321.34,892.10,0.7625,-1,-1,-1
761,71,846.04,171.91,132.15,528.10,0.8356,-1,-1,-1
762,82,708.06,202.34,143.14,437.48,0.8180,-1,-1,-1
762,81,1826.75,352.78,92.62,358.49,0.3057,-1,-1,-1
762,80,970.77,250.06,129.08,358.56,0.8051,-1,-1,-1
762,78,1062.61,230.43,98.28,362.76,0.7785,-1,-1,-1
762,76,361.36,136.26,197.04,611.26,0.7184,-1,-1,-1
762,72,392.12,39.62,338.04,900.46,0.7497,-1,-1,-1
762,71,845.28,172.99,132.90,528.61,0.8351,-1,-1,-1
763,82,706.09,203.76,150.14,450.67,0.8338,-1,-1,-1
763,80,974.58,250.22,136.65,360.61,0.8006,-1,-1,-1
763,78,1064.34,230.96,106.53,366.28,0.7900,-1,-1,-1
763,76,344.85,139.68,188.81,609.55,0.7549,-1,-1,-1
763,72,357.07,37.99,360.59,910.20,0.6406,-1,-1,-1
763,71,848.21,172.60,132.16,524.62,0.8246,-1,-1,-1
764,82,711.94,205.92,146.67,451.48,0.8353,-1,-1,-1
764,80,979.34,249.13,139.85,364.45,0.8012,-1,-1,-1
764,78,1071.27,229.06,101.25,373.64,0.7762,-1,-1,-1
764,76,329.49,117.42,193.18,643.43,0.5560,-1,-1,-1
764,72,328.20,38.42,387.95,916.71,0.8510,-1,-1,-1
764,71,848.30,172.06,135.62,530.98,0.8134,-1,-1,-1
765,82,714.31,208.03,145.90,448.58,0.8442,-1,-1,-1
765,80,983.53,251.07,142.59,368.90,0.7743,-1,-1,-1
765,79,661.35,265.90,69.96,299.80,0.3679,-1,-1,-1
765,78,1077.81,228.44,101.73,374.13,0.7164,-1,-1,-1
765,72,323.78,36.67,394.74,924.73,0.8616,-1,-1,-1
765,71,850.22,168.18,142.46,520.13,0.8031,-1,-1,-1
766,82,717.09,210.39,144.10,444.88,0.8416,-1,-1,-1
766,80,983.03,249.83,145.95,374.89,0.7989,-1,-1,-1
766,79,641.36,273.95,91.40,342.57,0.6819,-1,-1,-1
766,78,1081.98,229.66,103.26,378.57,0.6851,-1,-1,-1
766,72,305.36,34.34,412.18,926.71,0.9034,-1,-1,-1
766,71,855.92,166.64,137.19,512.45,0.8125,-1,-1,-1
767,82,718.24,210.49,143.26,441.19,0.8457,-1,-1,-1
767,80,976.57,250.36,164.16,379.64,0.8228,-1,-1,-1
767,79,633.13,272.38,100.20,341.23,0.7333,-1,-1,-1
767,78,1087.34,225.88,119.41,388.79,0.7386,-1,-1,-1
767,72,287.88,32.27,426.13,934.28,0.9007,-1,-1,-1
767,71,854.90,162.81,140.14,513.35,0.8092,-1,-1,-1
768,82,721.18,207.41,139.12,440.97,0.8234,-1,-1,-1
768,80,977.00,251.91,175.69,379.43,0.8123,-1,-1,-1
768,79,631.57,268.61,104.60,340.98,0.7522,-1,-1,-1
768,78,1086.85,225.70,124.80,391.27,0.7685,-1,-1,-1
768,72,268.47,31.41,438.76,939.11,0.9039,-1,-1,-1
768,71,856.98,159.21,137.87,516.02,0.8117,-1,-1,-1
769,82,722.15,207.25,136.60,439.58,0.8094,-1,-1,-1
769,80,975.28,251.93,185.41,385.22,0.8257,-1,-1,-1
769,79,630.06,265.77,105.55,347.95,0.7796,-1,-1,-1
769,78,1090.94,226.54,112.33,395.23,0.7569,-1,-1,-1
769,72,245.41,31.01,450.95,949.23,0.9094,-1,-1,-1
769,71,852.90,157.83,144.24,518.88,0.8253,-1,-1,-1
770,82,724.59,204.95,133.50,439.49,0.8267,-1,-1,-1
770,80,976.18,250.40,186.38,389.79,0.8340,-1,-1,-1
770,79,628.82,265.16,105.64,343.93,0.7875,-1,-1,-1
770,78,1095.82,223.76,101.28,403.07,0.7136,-1,-1,-1
770,72,222.07,25.30,459.11,962.92,0.8976,-1,-1,-1
770,71,851.33,155.16,148.65,521.08,0.8249,-1,-1,-1
771,82,720.54,196.30,133.34,445.10,0.8494,-1,-1,-1
771,80,975.09,243.82,187.77,396.96,0.8278,-1,-1,-1
771,79,626.67,254.45,107.44,347.47,0.7393,-1,-1,-1
771,78,1099.04,219.54,99.98,409.32,0.7146,-1,-1,-1
771,72,201.15,11.68,455.16,987.15,0.8926,-1,-1,-1
771,71,845.14,152.62,153.63,520.71,0.8573,-1,-1,-1
772,82,722.85,201.82,131.14,439.44,0.8348,-1,-1,-1
772,80,965.74,243.62,192.87,403.33,0.8342,-1,-1,-1
772,79,618.26,258.88,114.13,352.11,0.7896,-1,-1,-1
772,78,1095.54,218.46,105.13,411.57,0.7857,-1,-1,-1
772,72,178.68,9.22,456.05,981.11,0.8889,-1,-1,-1
772,71,843.75,152.68,150.92,524.15,0.8601,-1,-1,-1
773,82,721.10,199.27,125.48,439.43,0.8332,-1,-1,-1
773,80,962.68,239.93,195.67,409.02,0.8424,-1,-1,-1
773,79,615.89,258.83,111.46,351.10,0.8120,-1,-1,-1
773,78,1092.62,213.72,110.93,418.84,0.7976,-1,-1,-1
773,72,159.11,10.97,434.96,937.71,0.8627,-1,-1,-1
773,71,841.86,154.41,143.98,523.86,0.8635,-1,-1,-1
773,2,426.15,73.94,200.05,752.85,0.5663,-1,-1,-1
774,82,714.39,191.51,127.36,441.95,0.8314,-1,-1,-1
774,80,961.74,233.88,196.33,413.32,0.8589,-1,-1,-1
774,79,610.80,256.01,112.83,348.17,0.7972,-1,-1,-1
774,78,1091.91,211.58,115.54,419.59,0.7753,-1,-1,-1
774,72,146.75,5.04,395.44,941.31,0.8764,-1,-1,-1
774,71,836.75,150.82,142.90,530.47,0.8138,-1,-1,-1
774,2,431.41,64.96,193.98,751.81,0.5840,-1,-1,-1
775,82,708.79,188.64,132.51,445.05,0.8174,-1,-1,-1
775,80,959.12,228.28,198.33,415.26,0.8610,-1,-1,-1
775,79,607.19,249.10,113.88,360.46,0.7793,-1,-1,-1
775,78,1085.35,206.54,121.75,423.70,0.7980,-1,-1,-1
775,72,134.11,3.34,359.79,950.92,0.8709,-1,-1,-1
775,71,829.78,152.42,130.85,525.33,0.7834,-1,-1,-1
775,2,399.99,54.90,221.61,776.66,0.7690,-1,-1,-1
776,82,698.86,188.77,136.74,443.80,0.8011,-1,-1,-1
776,80,956.22,224.10,195.71,420.60,0.8485,-1,-1,-1
776,79,600.17,247.61,113.13,359.85,0.7792,-1,-1,-1
776,78,1085.37,201.13,121.75,429.54,0.8109,-1,-1,-1
776,72,112.87,1.04,347.71,965.20,0.8844,-1,-1,-1
776,71,818.37,151.53,139.10,529.19,0.7804,-1,-1,-1
776,2,379.42,46.38,240.50,782.27,0.7164,-1,-1,-1
777,82,690.64,192.46,138.45,441.86,0.7899,-1,-1,-1
777,80,954.60,221.45,189.68,425.40,0.8348,-1,-1,-1
777,79,591.83,246.27,112.31,367.88,0.7137,-1,-1,-1
777,78,1082.49,198.53,130.79,429.57,0.8342,-1,-1,-1
777,72,95.49,2.02,341.17,958.77,0.8973,-1,-1,-1
777,71,813.41,152.51,142.24,528.68,0.8012,-1,-1,-1
777,2,348.90,41.35,263.31,800.93,0.7781,-1,-1,-1
778,82,680.51,190.74,137.55,449.67,0.7419,-1,-1,-1
778,80,951.90,219.76,183.76,427.81,0.8406,-1,-1,-1
778,79,586.86,246.42,108.48,361.65,0.7243,-1,-1,-1
778,78,1083.93,190.62,129.58,444.05,0.8311,-1,-1,-1
778,72,77.12,3.43,329.84,981.44,0.8957,-1,-1,-1
778,71,812.90,153.13,140.29,528.23,0.8065,-1,-1,-1
778,2,332.18,36.99,280.37,833.37,0.8289,-1,-1,-1
779,82,671.94,191.60,137.88,439.04,0.7596,-1,-1,-1
779,80,954.55,215.27,173.13,435.81,0.8365,-1,-1,-1
779,79,571.61,244.00,118.69,366.37,0.7650,-1,-1,-1
779,78,1080.85,194.96,124.21,440.25,0.8097,-1,-1,-1
779,72,51.35,1.99,330.19,1005.67,0.8965,-1,-1,-1
779,71,799.76,155.42,145.27,521.96,0.7421,-1,-1,-1
779,2,332.64,32.16,272.22,861.79,0.8167,-1,-1,-1
780,82,662.94,189.11,141.33,451.23,0.7397,-1,-1,-1
780,80,950.70,213.87,169.57,438.24,0.8449,-1,-1,-1
780,79,566.92,243.70,113.98,359.78,0.6802,-1,-1,-1
780,78,1076.05,193.24,128.76,448.61,0.8100,-1,-1,-1
780,72,24.56,1.48,329.89,998.99,0.9101,-1,-1,-1
780,71,790.22,154.72,146.54,531.56,0.8081,-1,-1,-1
780,2,321.47,26.61,274.10,885.55,0.8464,-1,-1,-1
781,82,680.17,190.16,120.20,447.02,0.6141,-1,-1,-1
781,80,952.14,212.85,163.08,446.96,0.8393,-1,-1,-1
781,79,566.93,243.07,103.84,358.69,0.6032,-1,-1,-1
781,78,1074.72,191.87,137.38,455.61,0.8179,-1,-1,-1
781,72,0.60,4.22,329.04,1006.34,0.9110,-1,-1,-1
781,71,791.90,152.63,141.85,532.58,0.8178,-1,-1,-1
781,2,307.07,19.69,289.47,888.92,0.8435,-1,-1,-1
782,82,675.57,191.32,126.11,444.86,0.6774,-1,-1,-1
782,80,950.79,209.57,163.26,455.87,0.8712,-1,-1,-1
782,79,555.12,242.33,108.85,385.57,0.6245,-1,-1,-1
782,78,1071.98,189.71,148.81,459.02,0.8124,-1,-1,-1
782,72,0.00,5.22,304.36,1003.61,0.9090,-1,-1,-1
782,71,786.31,157.68,145.77,525.09,0.8168,-1,-1,-1
782,2,279.30,10.37,318.60,913.98,0.8664,-1,-1,-1
783,82,673.97,196.35,123.41,443.62,0.6677,-1,-1,-1
783,80,949.68,209.80,164.04,461.78,0.8782,-1,-1,-1
783,79,535.91,242.63,122.15,385.43,0.6257,-1,-1,-1
783,78,1069.62,190.81,151.70,458.99,0.8294,-1,-1,-1
783,72,0.00,3.59,277.02,1012.94,0.9017,-1,-1,-1
783,71,776.89,156.02,153.41,523.17,0.8088,-1,-1,-1
783,2,239.38,1.23,354.15,943.41,0.8584,-1,-1,-1
784,82,678.94,197.12,117.68,441.46,0.7079,-1,-1,-1
784,80,948.80,207.16,164.74,468.46,0.8681,-1,-1,-1
784,79,543.76,242.11,109.58,386.88,0.5871,-1,-1,-1
784,78,1068.09,190.28,155.84,467.47,0.8240,-1,-1,-1
784,72,0.00,5.82,257.03,1011.57,0.9015,-1,-1,-1
784,71,784.60,154.92,139.18,523.58,0.7934,-1,-1,-1
784,2,227.76,1.48,361.21,966.10,0.8617,-1,-1,-1
785,83,627.18,247.86,77.72,360.48,0.3552,-1,-1,-1
785,82,682.55,195.83,113.89,440.67,0.7288,-1,-1,-1
785,80,946.55,205.94,167.11,471.70,0.8453,-1,-1,-1
785,79,536.53,238.10,119.05,389.37,0.6670,-1,-1,-1
785,78,1071.14,185.55,155.89,478.72,0.8280,-1,-1,-1
785,72,0.61,8.98,236.38,1015.70,0.8981,-1,-1,-1
785,71,785.30,148.35,137.21,527.98,0.7902,-1,-1,-1
785,2,217.06,2.28,352.67,976.09,0.8931,-1,-1,-1
786,83,617.17,244.07,92.28,369.52,0.6325,-1,-1,-1
786,82,681.83,196.37,114.67,440.53,0.7290,-1,-1,-1
786,80,948.18,203.25,167.56,484.70,0.8298,-1,-1,-1
786,79,503.07,232.11,131.63,397.34,0.6940,-1,-1,-1
786,78,1071.98,180.78,160.58,490.31,0.8263,-1,-1,-1
786,72,1.01,8.40,221.42,1016.72,0.8743,-1,-1,-1
786,71,785.01,146.92,140.11,524.04,0.8160,-1,-1,-1
786,2,206.48,0.79,354.99,986.11,0.8784,-1,-1,-1
787,84,1858.69,266.64,60.68,475.36,0.3625,-1,-1,-1
787,83,617.10,249.66,92.03,366.82,0.6548,-1,-1,-1
787,82,682.26,194.31,114.02,441.61,0.7785,-1,-1,-1
787,80,948.18,205.98,173.34,484.69,0.8345,-1,-1,-1
787,79,527.24,235.54,113.33,390.09,0.6557,-1,-1,-1
787,78,1077.61,177.24,163.74,496.35,0.8361,-1,-1,-1
787,72,0.52,37.06,201.75,992.17,0.8780,-1,-1,-1
787,71,791.41,144.08,135.44,526.91,0.8247,-1,-1,-1
787,2,196.38,0.19,363.66,997.25,0.8834,-1,-1,-1
788,84,1853.80,268.54,65.58,461.71,0.4959,-1,-1,-1
788,83,607.24,251.15,101.01,370.88,0.7316,-1,-1,-1
788,82,682.06,190.60,113.37,441.94,0.7532,-1,-1,-1
788,80,948.88,209.76,178.80,491.26,0.8563,-1,-1,-1
788,79,521.35,235.57,108.95,398.25,0.6460,-1,-1,-1
788,78,1081.15,179.25,167.00,501.83,0.8460,-1,-1,-1
788,72,0.57,58.62,187.23,977.81,0.8716,-1,-1,-1
788,71,792.95,146.59,136.37,523.33,0.8244,-1,-1,-1
788,2,182.75,1.13,366.64,996.36,0.8982,-1,-1,-1
789,84,1842.07,283.82,77.24,473.11,0.4278,-1,-1,-1
789,83,604.72,247.15,104.63,381.92,0.7482,-1,-1,-1
789,82,682.21,193.76,123.16,449.72,0.7678,-1,-1,-1
789,80,940.51,211.70,191.45,498.47,0.8387,-1,-1,-1
789,79,518.74,233.66,100.61,402.63,0.6086,-1,-1,-1
789,78,1079.59,172.90,162.49,512.01,0.8342,-1,-1,-1
789,72,0.71,86.14,177.89,964.87,0.8653,-1,-1,-1
789,71,793.57,152.78,132.92,516.80,0.8369,-1,-1,-1
789,2,170.62,0.00,372.04,1010.06,0.9006,-1,-1,-1
790,84,1838.16,326.36,81.17,400.28,0.4094,-1,-1,-1
790,83,605.67,248.77,106.46,384.52,0.7294,-1,-1,-1
790,82,690.01,185.96,121.16,449.29,0.7493,-1,-1,-1
790,80,933.11,201.37,212.88,511.43,0.7915,-1,-1,-1
790,79,517.95,232.43,101.90,400.45,0.5647,-1,-1,-1
790,78,1082.42,169.89,165.28,515.32,0.8420,-1,-1,-1
790,72,0.64,99.54,157.89,960.55,0.8349,-1,-1,-1
790,71,794.97,150.29,134.89,519.47,0.8471,-1,-1,-1
790,2,162.07,0.00,383.84,1022.76,0.8937,-1,-1,-1
791,84,1840.71,365.00,78.69,360.67,0.5011,-1,-1,-1
791,83,607.26,250.11,111.07,386.52,0.7470,-1,-1,-1
791,82,691.91,196.21,128.49,442.06,0.7750,-1,-1,-1
791,80,964.89,198.30,192.02,525.04,0.8015,-1,-1,-1
791,79,516.75,231.84,113.23,411.93,0.6057,-1,-1,-1
791,78,1091.60,169.07,172.40,517.67,0.7853,-1,-1,-1
791,72,0.52,105.22,141.85,956.93,0.8022,-1,-1,-1
791,71,802.44,151.51,133.26,522.71,0.8245,-1,-1,-1
791,2,148.13,0.74,397.88,1034.77,0.8914,-1,-1,-1
792,83,615.33,251.38,107.80,390.92,0.7984,-1,-1,-1
792,82,697.23,198.05,128.32,449.47,0.8057,-1,-1,-1
792,80,968.72,197.75,204.45,526.81,0.8236,-1,-1,-1
792,79,516.16,235.67,114.16,412.53,0.6413,-1,-1,-1
792,78,1103.28,166.91,169.28,499.82,0.7372,-1,-1,-1
792,72,0.13,122.57,122.77,945.10,0.5293,-1,-1,-1
792,71,810.36,155.35,130.15,519.58,0.8028,-1,-1,-1
792,2,141.63,1.89,431.15,1044.39,0.8589,-1,-1,-1
793,86,0.47,141.51,47.20,425.58,0.5688,-1,-1,-1
793,84,1841.35,400.79,78.02,344.76,0.3913,-1,-1,-1
793,83,617.58,252.42,113.58,393.91,0.7888,-1,-1,-1
793,82,702.69,194.42,128.57,450.14,0.8049,-1,-1,-1
793,80,969.23,193.77,214.51,534.07,0.8463,-1,-1,-1
793,79,519.74,234.05,110.51,398.25,0.5560,-1,-1,-1
793,78,1116.44,166.56,160.79,527.17,0.8170,-1,-1,-1
793,72,0.56,505.59,101.10,560.87,0.5703,-1,-1,-1
793,71,816.74,153.06,135.53,526.51,0.8003,-1,-1,-1
793,2,118.04,3.06,467.87,1051.78,0.8892,-1,-1,-1
794,86,0.42,159.55,38.72,405.93,0.3678,-1,-1,-1
794,83,615.62,254.89,125.62,394.58,0.7142,-1,-1,-1
794,82,710.47,196.49,128.28,443.84,0.7988,-1,-1,-1
794,80,978.87,187.45,224.90,545.47,0.8462,-1,-1,-1
794,79,524.02,232.70,113.48,413.58,0.6185,-1,-1,-1
794,78,1122.41,160.49,163.98,538.38,0.8547,-1,-1,-1
794,72,0.52,466.39,92.00,583.92,0.5622,-1,-1,-1
794,71,818.79,155.95,141.13,527.45,0.7789,-1,-1,-1
794,2,102.22,3.01,487.36,1071.14,0.9023,-1,-1,-1
795,86,0.36,179.10,29.66,396.68,0.3064,-1,-1,-1
795,83,617.48,256.74,129.41,395.92,0.7390,-1,-1,-1
795,82,725.67,197.13,125.74,451.08,0.7715,-1,-1,-1
795,80,987.07,176.37,231.81,564.22,0.8167,-1,-1,-1
795,79,527.33,235.94,106.86,415.27,0.6668,-1,-1,-1
795,78,1138.73,155.92,163.41,538.66,0.8197,-1,-1,-1
795,72,0.60,548.22,85.52,500.35,0.4803,-1,-1,-1
795,71,839.79,158.43,133.25,528.17,0.8232,-1,-1,-1
795,2,84.95,1.98,508.88,1068.34,0.9214,-1,-1,-1
796,83,634.52,255.67,113.31,402.61,0.7112,-1,-1,-1
796,82,732.29,201.68,131.32,451.93,0.8064,-1,-1,-1
796,80,992.66,181.30,237.60,559.56,0.8531,-1,-1,-1
796,79,533.43,236.87,117.07,374.86,0.5599,-1,-1,-1
796,78,1150.46,161.02,161.89,559.57,0.8438,-1,-1,-1
796,72,0.56,547.48,79.95,489.04,0.5385,-1,-1,-1
796,71,846.42,161.80,137.19,529.85,0.8365,-1,-1,-1
796,2,62.13,1.70,535.62,1067.58,0.9201,-1,-1,-1
797,83,620.45,259.60,137.88,407.62,0.7168,-1,-1,-1
797,82,743.66,207.59,132.94,451.77,0.7888,-1,-1,-1
797,80,999.07,181.35,249.72,573.19,0.8469,-1,-1,-1
797,79,533.55,239.28,118.64,348.39,0.5606,-1,-1,-1
797,78,1169.39,161.28,154.10,584.98,0.8541,-1,-1,-1
797,72,0.00,554.54,76.11,252.76,0.4127,-1,-1,-1
797,71,857.15,170.02,129.85,525.88,0.8139,-1,-1,-1
797,2,37.82,2.26,565.10,1066.77,0.9131,-1,-1,-1
798,83,632.71,260.37,131.42,412.31,0.7292,-1,-1,-1
798,82,749.00,212.38,131.12,443.91,0.8196,-1,-1,-1
798,80,998.15,184.54,262.05,590.18,0.8452,-1,-1,-1
798,79,535.74,243.64,117.87,327.99,0.5450,-1,-1,-1
798,78,1178.04,163.75,160.89,598.34,0.8343,-1,-1,-1
798,71,862.57,172.70,130.72,529.97,0.8024,-1,-1,-1
798,2,12.50,3.26,605.83,1059.88,0.9108,-1,-1,-1
799,83,641.48,262.43,124.56,414.03,0.7690,-1,-1,-1
799,82,748.88,215.97,134.60,446.82,0.8061,-1,-1,-1
799,80,998.27,186.03,270.47,608.15,0.8559,-1,-1,-1
799,79,535.22,246.84,126.02,353.44,0.5390,-1,-1,-1
799,78,1187.80,164.55,159.62,614.96,0.8224,-1,-1,-1
799,72,0.00,530.66,66.79,277.52,0.3180,-1,-1,-1
799,71,862.64,179.17,139.18,526.81,0.7983,-1,-1,-1
799,2,0.00,3.31,630.97,1060.99,0.9041,-1,-1,-1
800,83,642.83,264.86,123.41,417.88,0.7709,-1,-1,-1
800,82,756.62,224.88,132.68,441.86,0.8024,-1,-1,-1
800,80,1007.28,187.76,270.50,623.84,0.8321,-1,-1,-1
800,79,533.93,250.43,131.21,360.35,0.4935,-1,-1,-1
800,78,1195.33,165.83,162.59,617.92,0.8054,-1,-1,-1
800,71,869.13,184.25,134.29,526.96,0.7830,-1,-1,-1
800,2,0.00,2.64,638.08,1054.97,0.9076,-1,-1,-1
801,83,643.17,268.33,124.76,418.84,0.7919,-1,-1,-1
801,82,762.53,230.09,127.50,440.70,0.8329,-1,-1,-1
801,80,1008.85,190.40,279.30,631.57,0.8488,-1,-1,-1
801,79,529.17,252.16,140.45,351.60,0.4641,-1,-1,-1
801,78,1203.01,164.84,161.64,627.74,0.8160,-1,-1,-1
801,71,871.36,193.07,131.16,524.95,0.7764,-1,-1,-1
801,2,0.00,4.23,637.34,1061.99,0.9127,-1,-1,-1
802,83,643.13,268.87,126.50,420.60,0.7841,-1,-1,-1
802,82,774.45,231.82,115.72,436.56,0.8249,-1,-1,-1
802,80,1002.16,194.06,299.73,640.50,0.8426,-1,-1,-1
802,79,531.97,255.02,139.23,357.10,0.4758,-1,-1,-1
802,78,1208.81,165.59,168.15,641.65,0.8241,-1,-1,-1
802,71,883.92,190.94,133.98,527.42,0.8149,-1,-1,-1
802,2,0.00,4.45,654.12,1075.37,0.8967,-1,-1,-1
803,83,643.46,269.79,127.16,428.98,0.7782,-1,-1,-1
803,82,782.54,234.25,111.72,436.18,0.8210,-1,-1,-1
803,80,1000.90,193.50,310.48,650.52,0.8564,-1,-1,-1
803,79,533.51,253.72,137.46,337.72,0.6080,-1,-1,-1
803,78,1219.53,159.89,172.63,656.52,0.8483,-1,-1,-1
803,71,887.89,191.26,135.84,533.74,0.8154,-1,-1,-1
803,2,0.70,3.65,651.55,1071.95,0.8458,-1,-1,-1
804,88,389.73,79.78,229.69,734.40,0.5119,-1,-1,-1
804,83,641.48,270.38,131.22,430.21,0.7676,-1,-1,-1
804,82,786.17,227.62,114.68,436.08,0.8377,-1,-1,-1
804,80,993.96,190.84,324.57,680.65,0.8705,-1,-1,-1
804,79,531.33,254.60,135.13,348.35,0.4901,-1,-1,-1
804,78,1235.02,163.84,171.23,655.46,0.8440,-1,-1,-1
804,71,888.71,189.32,140.25,535.23,0.8472,-1,-1,-1
804,2,0.00,3.29,621.04,1076.71,0.6963,-1,-1,-1
805,88,382.40,23.01,230.35,803.48,0.6831,-1,-1,-1
805,83,647.00,270.31,131.31,439.78,0.8045,-1,-1,-1
805,82,789.88,227.84,113.92,437.59,0.8299,-1,-1,-1
805,80,1000.60,188.43,328.44,687.12,0.8710,-1,-1,-1
805,79,527.56,253.70,144.75,316.30,0.5692,-1,-1,-1
805,78,1239.69,157.89,190.77,660.30,0.8532,-1,-1,-1
805,71,894.14,187.78,137.63,537.58,0.8337,-1,-1,-1
805,2,0.00,3.37,431.20,1068.14,0.6321,-1,-1,-1
806,88,366.15,27.06,219.76,811.44,0.4086,-1,-1,-1
806,83,649.37,269.45,128.52,442.96,0.8316,-1,-1,-1
806,82,794.07,225.40,113.40,443.84,0.7982,-1,-1,-1
806,80,1009.21,179.20,327.27,706.94,0.8763,-1,-1,-1
806,79,525.60,251.31,147.62,311.72,0.6715,-1,-1,-1
806,78,1248.67,151.55,197.74,672.85,0.8648,-1,-1,-1
806,71,903.18,184.73,130.62,537.70,0.8122,-1,-1,-1
806,2,0.36,0.00,585.78,1072.33,0.7612,-1,-1,-1
807,83,649.71,268.46,131.78,447.41,0.8278,-1,-1,-1
807,82,797.69,226.00,113.33,451.00,0.8085,-1,-1,-1
807,80,1024.08,173.00,318.53,716.86,0.8726,-1,-1,-1
807,79,517.54,246.81,155.72,321.66,0.6205,-1,-1,-1
807,78,1257.48,142.33,207.65,688.23,0.8719,-1,-1,-1
807,71,904.65,182.51,133.55,539.01,0.8236,-1,-1,-1
807,2,0.90,0.38,566.06,1071.39,0.8728,-1,-1,-1
808,83,653.69,268.08,132.78,450.46,0.8313,-1,-1,-1
808,82,802.19,222.49,116.36,451.26,0.8076,-1,-1,-1
808,80,1031.61,166.53,320.19,732.30,0.8952,-1,-1,-1
808,79,504.66,243.48,173.93,340.14,0.6434,-1,-1,-1
808,78,1267.34,135.54,218.98,703.24,0.8791,-1,-1,-1
808,71,908.32,185.39,126.98,526.12,0.7927,-1,-1,-1
808,2,1.35,0.50,546.44,1071.24,0.9095,-1,-1,-1
809,83,650.39,265.14,138.26,454.72,0.8061,-1,-1,-1
809,82,803.06,220.39,115.75,444.73,0.8091,-1,-1,-1
809,80,1040.30,157.57,320.12,742.08,0.8924,-1,-1,-1
809,79,506.20,237.04,179.99,382.00,0.6300,-1,-1,-1
809,78,1277.51,125.84,224.33,714.91,0.8594,-1,-1,-1
809,71,910.85,181.09,133.62,520.80,0.8240,-1,-1,-1
809,2,2.14,2.31,511.52,1065.10,0.9245,-1,-1,-1
810,89,757.00,265.92,68.69,284.27,0.4883,-1,-1,-1
810,83,651.77,263.65,136.81,465.15,0.8280,-1,-1,-1
810,82,805.16,219.35,117.34,448.51,0.8102,-1,-1,-1
810,80,1051.95,144.40,316.01,763.17,0.8915,-1,-1,-1
810,79,501.97,233.29,178.83,503.68,0.7273,-1,-1,-1
810,78,1282.23,117.26,237.69,732.51,0.8830,-1,-1,-1
810,71,909.83,179.95,139.99,526.72,0.7969,-1,-1,-1
810,2,1.38,2.44,477.68,1064.82,0.8875,-1,-1,-1
811,90,388.93,197.57,129.61,519.68,0.5780,-1,-1,-1
811,83,648.50,267.85,137.22,463.24,0.8605,-1,-1,-1
811,82,804.35,222.33,117.34,445.61,0.8243,-1,-1,-1
811,80,1060.42,143.48,316.60,772.69,0.8862,-1,-1,-1
811,79,502.56,233.76,164.68,512.82,0.8199,-1,-1,-1
811,78,1288.69,116.25,245.58,748.70,0.9014,-1,-1,-1
811,71,910.88,183.07,138.80,519.28,0.7954,-1,-1,-1
811,2,1.05,4.41,423.48,1064.59,0.9157,-1,-1,-1
812,89,759.06,264.41,63.60,284.11,0.4032,-1,-1,-1
812,88,344.84,76.49,169.17,767.75,0.7698,-1,-1,-1
812,83,649.39,263.91,139.59,469.55,0.8226,-1,-1,-1
812,82,802.08,219.35,115.32,446.93,0.8002,-1,-1,-1
812,80,1070.11,136.31,312.58,786.10,0.8710,-1,-1,-1
812,79,499.86,228.69,169.78,522.52,0.8191,-1,-1,-1
812,78,1298.09,111.60,255.27,776.04,0.8952,-1,-1,-1
812,71,910.29,179.05,140.99,527.03,0.7911,-1,-1,-1
812,2,1.27,1.26,382.11,1071.20,0.8375,-1,-1,-1
813,88,294.76,66.19,216.97,811.35,0.8574,-1,-1,-1
813,83,635.72,260.07,155.62,479.61,0.7835,-1,-1,-1
813,82,798.11,217.94,117.48,447.91,0.8014,-1,-1,-1
813,80,1076.48,126.08,312.19,797.80,0.8735,-1,-1,-1
813,79,498.37,220.54,166.28,532.55,0.8090,-1,-1,-1
813,78,1302.95,106.94,262.05,804.09,0.8928,-1,-1,-1
813,71,911.20,175.05,140.13,524.85,0.8093,-1,-1,-1
813,2,0.40,2.43,347.22,1060.21,0.6380,-1,-1,-1
814,88,254.21,54.53,250.94,830.98,0.8844,-1,-1,-1
814,83,620.06,256.39,172.02,484.26,0.7931,-1,-1,-1
814,82,793.74,217.71,121.47,448.24,0.8030,-1,-1,-1
814,80,1089.80,107.06,306.96,845.61,0.8697,-1,-1,-1
814,79,495.16,217.08,165.12,539.14,0.8188,-1,-1,-1
814,78,1311.74,101.25,263.45,822.08,0.8866,-1,-1,-1
814,71,908.25,173.63,143.83,525.15,0.7996,-1,-1,-1
814,2,0.54,1.05,344.00,1054.87,0.7490,-1,-1,-1
815,88,225.26,46.18,272.76,842.84,0.8864,-1,-1,-1
815,85,1052.52,323.83,67.02,238.70,0.5027,-1,-1,-1
815,83,626.49,253.87,166.86,491.59,0.7753,-1,-1,-1
815,82,792.55,218.26,121.80,449.51,0.7973,-1,-1,-1
815,80,1106.10,105.99,301.90,881.33,0.8696,-1,-1,-1
815,79,491.87,216.67,165.02,546.23,0.8126,-1,-1,-1
815,78,1320.86,102.19,269.79,817.07,0.8687,-1,-1,-1
815,71,908.46,174.13,142.17,528.82,0.7992,-1,-1,-1
815,2,0.00,5.10,245.11,1057.20,0.3464,-1,-1,-1
816,88,218.20,39.08,275.09,851.57,0.8954,-1,-1,-1
816,85,1053.37,316.54,74.45,246.18,0.5713,-1,-1,-1
816,83,628.38,252.08,164.09,494.80,0.7763,-1,-1,-1
816,82,785.56,221.60,129.68,450.16,0.8061,-1,-1,-1
816,80,1114.24,109.99,294.29,901.88,0.8698,-1,-1,-1
816,79,482.86,219.87,168.30,548.99,0.8394,-1,-1,-1
816,78,1321.01,98.90,279.08,834.60,0.8635,-1,-1,-1
816,71,908.11,176.78,142.12,528.80,0.8123,-1,-1,-1
817,88,206.68,35.87,285.57,862.64,0.8957,-1,-1,-1
817,85,1055.28,305.35,77.36,258.71,0.5906,-1,-1,-1
817,83,633.05,249.19,155.16,500.25,0.7744,-1,-1,-1
817,82,780.88,224.46,131.43,448.51,0.8148,-1,-1,-1
817,80,1117.17,110.81,300.54,938.73,0.8779,-1,-1,-1
817,79,470.58,217.82,176.06,554.20,0.8513,-1,-1,-1
817,78,1328.24,94.73,288.57,876.27,0.8665,-1,-1,-1
817,71,908.77,177.71,143.45,527.16,0.8214,-1,-1,-1
818,88,196.70,30.58,291.47,899.36,0.8934,-1,-1,-1
818,85,1049.87,306.15,86.09,258.47,0.6073,-1,-1,-1
818,83,624.42,248.37,162.10,503.86,0.8077,-1,-1,-1
818,82,779.51,227.44,128.86,443.67,0.8470,-1,-1,-1
818,80,1119.25,108.33,306.67,929.49,0.8848,-1,-1,-1
818,79,455.51,218.77,188.79,562.20,0.8724,-1,-1,-1
818,78,1330.52,88.11,297.70,895.33,0.8674,-1,-1,-1
818,71,909.99,181.25,138.81,529.32,0.8163,-1,-1,-1
819,88,181.30,23.49,299.47,937.98,0.8984,-1,-1,-1
819,85,1047.65,305.65,91.11,260.18,0.5704,-1,-1,-1
819,83,617.18,248.59,161.65,514.00,0.7943,-1,-1,-1
819,82,774.31,227.17,132.15,443.71,0.8613,-1,-1,-1
819,80,1122.48,108.32,313.00,945.35,0.8785,-1,-1,-1
819,79,440.84,217.11,196.00,566.07,0.8665,-1,-1,-1
819,78,1331.57,78.16,309.81,923.27,0.8668,-1,-1,-1
819,71,905.36,181.66,134.99,534.28,0.8111,-1,-1,-1
820,88,168.79,16.34,303.47,974.26,0.9026,-1,-1,-1
820,85,1050.01,306.03,96.94,259.43,0.5495,-1,-1,-1
820,83,615.66,240.99,168.68,523.05,0.8117,-1,-1,-1
820,82,766.65,226.52,138.22,441.34,0.8552,-1,-1,-1
820,80,1129.70,105.17,316.73,972.44,0.8766,-1,-1,-1
820,79,428.94,216.12,204.09,571.72,0.8549,-1,-1,-1
820,78,1331.96,66.39,319.52,940.36,0.8612,-1,-1,-1
820,71,904.76,181.91,135.83,537.01,0.8086,-1,-1,-1
821,88,158.90,11.95,312.33,991.16,0.8985,-1,-1,-1
821,85,1054.17,302.68,96.93,262.72,0.5681,-1,-1,-1
821,83,614.17,239.96,176.00,527.20,0.8454,-1,-1,-1
821,82,758.83,223.96,143.26,444.32,0.8540,-1,-1,-1
821,80,1133.24,97.49,329.11,978.01,0.8892,-1,-1,-1
821,79,423.81,215.01,207.32,580.19,0.8218,-1,-1,-1
821,78,1342.73,49.47,319.18,948.79,0.8477,-1,-1,-1
821,71,905.18,180.74,136.55,539.37,0.8037,-1,-1,-1
822,88,146.76,9.58,313.07,1003.70,0.9046,-1,-1,-1
822,85,1048.48,303.34,102.40,261.92,0.6552,-1,-1,-1
822,83,605.40,234.98,184.75,532.42,0.8640,-1,-1,-1
822,82,759.03,220.67,146.09,449.20,0.8419,-1,-1,-1
822,80,1140.47,80.35,340.95,998.19,0.8873,-1,-1,-1
822,79,412.27,212.62,213.14,593.96,0.7860,-1,-1,-1
822,78,1359.27,34.99,308.06,968.00,0.8756,-1,-1,-1
822,71,904.98,180.64,137.07,536.45,0.8125,-1,-1,-1
823,88,134.06,2.91,318.24,1026.87,0.9097,-1,-1,-1
823,85,1047.58,302.46,103.53,262.57,0.6932,-1,-1,-1
823,83,604.84,231.40,185.21,541.83,0.8698,-1,-1,-1
823,82,754.83,214.26,147.62,454.59,0.8347,-1,-1,-1
823,80,1145.58,59.65,354.72,1016.54,0.8847,-1,-1,-1
823,79,410.01,210.08,212.35,602.88,0.8206,-1,-1,-1
823,78,1374.87,8.33,300.39,954.19,0.8764,-1,-1,-1
823,71,904.69,179.86,139.19,533.90,0.8215,-1,-1,-1
824,88,120.71,0.00,325.06,1052.59,0.9031,-1,-1,-1
824,85,1051.38,301.90,101.48,263.43,0.6942,-1,-1,-1
824,83,602.10,228.28,185.73,553.01,0.8526,-1,-1,-1
824,82,751.54,211.34,152.40,456.02,0.8342,-1,-1,-1
824,80,1143.75,41.17,367.84,1034.52,0.8800,-1,-1,-1
824,79,409.12,205.21,210.97,610.91,0.8359,-1,-1,-1
824,78,1388.89,3.58,297.52,971.32,0.8887,-1,-1,-1
824,71,905.04,178.82,141.82,534.94,0.8135,-1,-1,-1
825,88,102.21,0.29,335.83,1043.32,0.8822,-1,-1,-1
825,85,1055.01,301.42,99.36,263.83,0.6615,-1,-1,-1
825,83,599.42,227.64,187.37,571.47,0.8474,-1,-1,-1
825,82,747.31,209.00,160.12,453.86,0.8215,-1,-1,-1
825,80,1138.94,23.86,398.28,1051.97,0.8809,-1,-1,-1
825,79,404.35,202.31,212.16,617.51,0.8375,-1,-1,-1
825,78,1410.10,2.23,285.34,1018.45,0.8785,-1,-1,-1
825,71,907.30,182.41,147.92,530.92,0.8197,-1,-1,-1
826,88,87.77,0.00,343.78,1030.60,0.8825,-1,-1,-1
826,85,1056.31,300.32,103.58,264.54,0.6433,-1,-1,-1
826,83,596.62,228.38,191.78,585.01,0.8609,-1,-1,-1
826,82,747.98,208.64,158.90,453.75,0.8245,-1,-1,-1
826,80,1131.24,10.90,442.08,1064.57,0.8883,-1,-1,-1
826,79,399.16,199.89,215.89,626.78,0.7983,-1,-1,-1
826,78,1425.37,2.68,278.48,1056.40,0.8552,-1,-1,-1
826,71,909.83,175.53,143.39,538.91,0.8175,-1,-1,-1
827,88,73.64,1.91,347.82,1065.71,0.8937,-1,-1,-1
827,85,1059.04,298.86,104.28,265.79,0.6529,-1,-1,-1
827,83,595.07,228.62,192.45,587.22,0.8583,-1,-1,-1
827,82,746.11,208.90,161.51,451.96,0.8215,-1,-1,-1
827,80,1126.28,3.33,480.50,1072.49,0.9006,-1,-1,-1
827,79,393.77,196.34,218.25,636.21,0.7826,-1,-1,-1
827,78,1463.79,1.89,251.62,1078.01,0.8656,-1,-1,-1
827,71,908.00,178.85,154.17,531.13,0.8199,-1,-1,-1
828,88,57.58,0.34,355.48,1074.65,0.9080,-1,-1,-1
828,85,1060.77,294.72,107.27,271.32,0.6992,-1,-1,-1
828,83,592.64,227.72,195.50,589.84,0.8644,-1,-1,-1
828,82,744.22,208.05,162.88,452.02,0.8277,-1,-1,-1
828,80,1124.55,3.17,529.66,1066.47,0.8980,-1,-1,-1
828,79,387.39,190.77,218.28,644.59,0.8686,-1,-1,-1
828,78,1488.95,1.35,243.42,1068.89,0.8726,-1,-1,-1
828,71,904.79,176.18,160.93,529.30,0.8061,-1,-1,-1
829,88,40.81,1.82,367.96,1067.19,0.9133,-1,-1,-1
829,85,1069.42,298.38,103.84,266.97,0.7449,-1,-1,-1
829,83,590.13,232.92,198.97,606.01,0.8412,-1,-1,-1
829,82,748.31,211.04,163.43,452.49,0.8201,-1,-1,-1
829,80,1124.55,7.27,570.53,1059.75,0.9010,-1,-1,-1
829,79,389.46,190.86,207.74,650.40,0.8678,-1,-1,-1
829,78,1500.44,4.23,255.50,1054.67,0.8184,-1,-1,-1
829,71,910.71,174.90,157.94,522.51,0.8102,-1,-1,-1
830,88,16.63,1.33,392.25,1065.84,0.9188,-1,-1,-1
830,85,1073.00,298.57,104.44,268.09,0.7489,-1,-1,-1
830,83,588.26,231.15,203.48,620.31,0.8521,-1,-1,-1
830,82,750.08,215.04,174.37,451.60,0.7891,-1,-1,-1
830,80,1123.44,6.12,616.15,1063.50,0.9023,-1,-1,-1
830,79,388.96,190.69,210.45,656.54,0.8761,-1,-1,-1
830,78,1531.05,0.00,253.90,1062.67,0.8036,-1,-1,-1
830,71,920.28,181.64,153.79,509.95,0.7809,-1,-1,-1
831,91,712.42,241.70,54.22,96.91,0.3609,-1,-1,-1
831,88,2.24,1.04,410.39,1075.00,0.9233,-1,-1,-1
831,85,1076.12,296.11,109.75,269.55,0.7000,-1,-1,-1
831,83,585.30,229.18,207.78,630.81,0.8535,-1,-1,-1
831,82,757.67,214.08,159.33,450.98,0.8243,-1,-1,-1
831,80,1122.34,4.43,671.05,1064.03,0.8983,-1,-1,-1
831,79,382.25,188.53,214.93,672.97,0.8743,-1,-1,-1
831,78,1555.80,2.45,266.27,1060.82,0.7660,-1,-1,-1
831,71,921.79,177.02,157.78,516.29,0.8060,-1,-1,-1
832,91,724.00,245.51,49.35,85.56,0.3105,-1,-1,-1
832,88,0.00,0.80,422.15,1079.20,0.9281,-1,-1,-1
832,85,1082.53,295.43,107.76,282.23,0.6863,-1,-1,-1
832,83,583.55,227.86,206.64,634.49,0.8488,-1,-1,-1
832,82,758.73,216.30,159.55,449.13,0.8292,-1,-1,-1
832,80,1119.35,4.29,704.58,1065.71,0.9020,-1,-1,-1
832,79,381.33,189.47,215.27,680.03,0.8792,-1,-1,-1
832,78,1581.18,2.72,272.67,1059.24,0.7243,-1,-1,-1
832,71,934.29,178.54,150.21,514.00,0.8073,-1,-1,-1
833,91,724.22,245.90,53.47,84.98,0.3127,-1,-1,-1
833,88,0.00,0.06,428.11,1076.26,0.9265,-1,-1,-1
833,85,1088.55,293.73,107.97,278.76,0.7047,-1,-1,-1
833,83,581.70,227.30,209.13,645.57,0.8505,-1,-1,-1
833,82,757.15,217.07,164.08,448.51,0.8277,-1,-1,-1
833,80,1118.51,2.80,767.15,1066.04,0.9097,-1,-1,-1
833,79,378.87,188.14,218.62,694.04,0.8858,-1,-1,-1
833,78,1611.62,0.26,278.60,1069.18,0.5174,-1,-1,-1
833,71,927.23,172.92,159.62,524.20,0.8088,-1,-1,-1
834,88,0.00,0.00,433.32,1072.42,0.9224,-1,-1,-1
834,85,1094.50,298.82,105.54,272.84,0.6410,-1,-1,-1
834,83,578.96,222.55,213.79,652.69,0.8448,-1,-1,-1
834,82,765.99,219.21,166.03,447.74,0.8216,-1,-1,-1
834,80,1120.81,1.62,798.39,1065.44,0.9190,-1,-1,-1
834,79,372.01,188.42,222.90,711.95,0.8657,-1,-1,-1
834,78,1619.68,1.00,299.85,570.37,0.6262,-1,-1,-1
834,71,939.64,173.11,151.77,530.07,0.8125,-1,-1,-1
835,88,0.00,1.89,434.94,1066.44,0.9278,-1,-1,-1
835,85,1100.42,294.97,106.25,286.06,0.7140,-1,-1,-1
835,83,579.03,220.82,217.24,661.08,0.8499,-1,-1,-1
835,82,771.41,220.68,166.61,450.02,0.8368,-1,-1,-1
835,80,1132.04,2.96,786.29,1068.37,0.9125,-1,-1,-1
835,79,370.97,190.32,223.78,721.98,0.8785,-1,-1,-1
835,71,932.08,180.99,167.84,524.64,0.7633,-1,-1,-1
836,92,1708.84,1.41,210.97,1060.43,0.3215,-1,-1,-1
836,88,0.15,2.15,434.41,1067.16,0.9284,-1,-1,-1
836,85,1113.45,296.83,102.91,281.99,0.7321,-1,-1,-1
836,83,573.99,220.78,230.86,671.97,0.8579,-1,-1,-1
836,82,784.25,224.15,154.44,447.46,0.8432,-1,-1,-1
836,80,1149.35,2.07,770.07,1060.24,0.9211,-1,-1,-1
836,79,374.01,190.99,216.57,735.84,0.8619,-1,-1,-1
836,78,1714.96,5.25,204.39,398.41,0.4304,-1,-1,-1
836,71,939.31,183.91,167.15,524.69,0.7518,-1,-1,-1
837,93,743.94,251.63,59.01,207.68,0.3710,-1,-1,-1
837,88,0.57,1.35,436.03,1068.17,0.9301,-1,-1,-1
837,85,1120.75,297.23,100.29,287.57,0.7708,-1,-1,-1
837,83,572.60,216.86,238.25,680.99,0.8703,-1,-1,-1
837,82,786.01,224.94,162.07,454.20,0.8335,-1,-1,-1
837,80,1165.03,5.78,753.59,1061.98,0.9206,-1,-1,-1
837,79,373.96,189.02,219.75,747.56,0.8582,-1,-1,-1
837,71,948.80,190.02,161.20,519.52,0.7958,-1,-1,-1
838,93,744.10,251.42,72.53,257.12,0.3099,-1,-1,-1
838,88,0.86,0.00,438.22,1068.10,0.9264,-1,-1,-1
838,85,1126.12,299.71,99.33,285.40,0.7545,-1,-1,-1
838,83,574.49,216.00,237.67,684.69,0.8617,-1,-1,-1
838,82,790.27,225.32,172.82,453.54,0.8296,-1,-1,-1
838,80,1205.61,5.90,713.57,1064.56,0.8835,-1,-1,-1
838,79,371.20,185.45,226.87,760.02,0.8562,-1,-1,-1
838,71,955.93,194.47,163.75,517.26,0.8187,-1,-1,-1
839,93,748.59,245.50,73.88,224.83,0.3788,-1,-1,-1
839,88,0.69,0.00,441.89,1067.57,0.9290,-1,-1,-1
839,85,1132.54,295.65,101.50,291.42,0.7150,-1,-1,-1
839,83,580.02,210.96,238.15,692.48,0.8650,-1,-1,-1
839,82,800.03,226.80,173.57,449.61,0.8149,-1,-1,-1
839,80,1267.75,5.06,651.26,1061.97,0.8994,-1,-1,-1
839,79,369.95,184.39,228.23,780.26,0.8479,-1,-1,-1
839,71,967.24,192.76,154.55,523.00,0.8116,-1,-1,-1
840,94,1350.67,211.28,205.62,774.50,0.4898,-1,-1,-1
840,93,753.39,241.83,74.88,236.39,0.3037,-1,-1,-1
840,88,0.24,1.13,442.35,1067.79,0.9288,-1,-1,-1
840,85,1137.81,294.93,104.94,294.84,0.6737,-1,-1,-1
840,83,581.00,203.88,244.08,700.12,0.8679,-1,-1,-1
840,82,810.13,221.79,153.31,454.80,0.8147,-1,-1,-1
840,80,1362.21,2.26,557.19,1063.48,0.7781,-1,-1,-1
840,79,368.59,181.16,233.31,786.94,0.8263,-1,-1,-1
840,71,966.89,192.56,158.02,523.40,0.8093,-1,-1,-1
841,95,1373.40,235.04,159.31,449.66,0.6403,-1,-1,-1
841,93,754.41,240.43,82.50,231.75,0.4677,-1,-1,-1
841,88,0.00,0.00,443.39,1066.81,0.9262,-1,-1,-1
841,85,1149.36,294.48,100.57,295.62,0.7113,-1,-1,-1
841,83,585.46,197.69,244.14,705.15,0.8622,-1,-1,-1
841,82,817.35,218.90,163.23,455.33,0.8180,-1,-1,-1
841,80,1441.81,2.60,477.88,1059.27,0.9259,-1,-1,-1
841,79,365.63,172.48,235.09,799.20,0.8172,-1,-1,-1
841,71,983.03,187.64,143.65,527.05,0.7971,-1,-1,-1
842,94,1391.18,227.84,207.99,673.51,0.8708,-1,-1,-1
842,93,752.96,233.82,85.26,241.09,0.4986,-1,-1,-1
842,88,0.37,0.86,439.52,1068.05,0.9217,-1,-1,-1
842,85,1151.40,293.61,102.63,292.13,0.6732,-1,-1,-1
842,83,583.98,193.22,248.83,711.01,0.8605,-1,-1,-1
842,82,820.24,218.04,173.06,454.03,0.8483,-1,-1,-1
842,80,1536.10,2.56,383.44,1062.53,0.8668,-1,-1,-1
842,79,360.72,158.21,240.80,811.93,0.8333,-1,-1,-1
842,71,978.92,189.65,153.48,522.21,0.8123,-1,-1,-1
843,94,1404.82,213.86,240.55,699.80,0.8931,-1,-1,-1
843,93,760.24,229.07,85.03,277.13,0.5641,-1,-1,-1
843,88,0.67,1.58,436.75,1064.86,0.9231,-1,-1,-1
843,85,1166.05,290.40,96.26,294.84,0.6425,-1,-1,-1
843,83,580.91,187.83,254.42,733.70,0.8455,-1,-1,-1
843,82,827.43,215.14,168.97,445.94,0.8280,-1,-1,-1
843,80,1619.79,5.32,299.74,1057.19,0.6204,-1,-1,-1
843,79,362.06,146.73,240.83,838.44,0.8444,-1,-1,-1
843,71,989.43,184.81,153.96,523.44,0.8122,-1,-1,-1
844,94,1418.35,203.82,253.55,738.99,0.8912,-1,-1,-1
844,93,758.98,227.55,88.11,252.77,0.5311,-1,-1,-1
844,88,0.86,0.48,421.77,1057.43,0.8960,-1,-1,-1
844,85,1167.24,280.04,97.96,301.94,0.7411,-1,-1,-1
844,83,585.83,181.73,249.35,760.51,0.8478,-1,-1,-1
844,82,830.54,213.32,166.01,443.95,0.8342,-1,-1,-1
844,80,1696.34,0.50,221.74,1070.64,0.7025,-1,-1,-1
844,79,349.71,136.10,255.01,840.34,0.8522,-1,-1,-1
844,71,992.36,178.21,161.33,527.62,0.8173,-1,-1,-1
845,94,1433.41,195.92,267.99,764.02,0.8910,-1,-1,-1
845,93,760.81,218.49,88.73,256.37,0.5540,-1,-1,-1
845,88,0.56,3.61,410.13,1061.15,0.8187,-1,-1,-1
845,85,1168.78,274.78,100.01,305.91,0.7725,-1,-1,-1
845,83,586.20,172.36,258.72,780.26,0.8444,-1,-1,-1
845,82,829.94,203.21,174.61,449.75,0.8245,-1,-1,-1
845,80,1753.90,4.91,165.63,1058.55,0.6843,-1,-1,-1
845,79,334.75,127.71,271.25,844.19,0.8579,-1,-1,-1
845,71,996.27,174.03,152.23,529.40,0.7952,-1,-1,-1
846,94,1439.91,189.88,266.97,779.12,0.9032,-1,-1,-1
846,93,763.49,214.15,85.96,261.40,0.4685,-1,-1,-1
846,88,0.77,5.85,389.68,1066.93,0.7565,-1,-1,-1
846,85,1169.86,277.10,102.66,299.82,0.8038,-1,-1,-1
846,83,587.01,167.75,253.38,787.34,0.8257,-1,-1,-1
846,82,834.22,200.22,171.20,452.92,0.8092,-1,-1,-1
846,79,320.65,118.13,285.09,853.11,0.8413,-1,-1,-1
846,71,998.26,169.23,153.88,531.00,0.7934,-1,-1,-1
847,94,1455.39,185.64,253.21,784.32,0.8875,-1,-1,-1
847,93,758.53,210.02,94.34,258.64,0.5732,-1,-1,-1
847,88,0.57,7.67,351.42,1058.62,0.7308,-1,-1,-1
847,85,1180.69,273.92,99.94,295.94,0.7055,-1,-1,-1
847,83,587.13,155.57,256.34,806.22,0.8320,-1,-1,-1
847,82,836.31,193.67,168.91,452.94,0.8161,-1,-1,-1
847,79,314.79,108.16,295.55,868.72,0.8147,-1,-1,-1
847,71,999.04,160.20,158.05,525.97,0.8104,-1,-1,-1
848,94,1470.22,179.30,248.62,800.95,0.8942,-1,-1,-1
848,93,756.12,204.90,96.20,255.64,0.5192,-1,-1,-1
848,88,0.88,6.41,270.30,1049.94,0.6479,-1,-1,-1
848,85,1180.32,268.61,98.91,299.13,0.7341,-1,-1,-1
848,83,578.71,148.98,263.46,821.10,0.8343,-1,-1,-1
848,82,832.73,188.41,177.91,455.41,0.8487,-1,-1,-1
848,79,305.33,99.03,295.78,881.97,0.8661,-1,-1,-1
848,71,995.80,151.46,161.85,521.04,0.8076,-1,-1,-1
849,94,1484.32,176.75,250.39,838.29,0.8941,-1,-1,-1
849,93,749.05,203.49,101.28,255.12,0.5248,-1,-1,-1
849,88,0.06,8.74,216.46,1056.60,0.3988,-1,-1,-1
849,85,1178.18,267.50,98.64,301.74,0.8062,-1,-1,-1
849,83,563.74,146.61,278.18,871.35,0.8622,-1,-1,-1
849,82,832.35,187.78,176.96,455.04,0.8703,-1,-1,-1
849,79,296.06,93.58,297.35,906.67,0.8927,-1,-1,-1
849,71,995.16,148.07,155.58,519.23,0.8045,-1,-1,-1
850,94,1497.12,175.16,249.62,848.53,0.8931,-1,-1,-1
850,93,743.03,202.04,105.01,245.18,0.5509,-1,-1,-1
850,85,1181.66,261.64,93.68,303.92,0.7789,-1,-1,-1
850,83,561.01,138.99,281.12,884.34,0.8501,-1,-1,-1
850,82,829.51,186.03,177.55,453.05,0.8742,-1,-1,-1
850,79,283.24,83.52,303.36,924.35,0.8839,-1,-1,-1
850,71,996.38,144.45,152.42,517.36,0.8063,-1,-1,-1
851,94,1508.63,167.20,258.41,862.11,0.9020,-1,-1,-1
851,93,739.97,196.28,106.04,246.34,0.3524,-1,-1,-1
851,88,0.57,5.03,103.80,845.00,0.6207,-1,-1,-1
851,85,1170.21,254.12,110.47,310.32,0.7457,-1,-1,-1
851,83,552.02,133.05,292.97,898.77,0.8685,-1,-1,-1
851,82,828.23,180.34,176.89,458.62,0.8676,-1,-1,-1
851,79,271.11,70.26,309.78,943.92,0.8966,-1,-1,-1
851,71,995.46,140.59,154.86,518.91,0.8044,-1,-1,-1
852,94,1518.06,161.37,268.56,870.03,0.9033,-1,-1,-1
852,85,1181.47,250.38,94.30,310.03,0.7404,-1,-1,-1
852,83,543.62,117.76,301.69,915.36,0.8787,-1,-1,-1
852,82,826.33,178.79,180.13,455.65,0.8515,-1,-1,-1
852,79,255.84,64.01,318.67,962.84,0.8918,-1,-1,-1
852,71,992.65,137.13,159.37,517.62,0.8071,-1,-1,-1
853,94,1526.45,143.13,280.41,892.19,0.9014,-1,-1,-1
853,85,1182.51,243.51,98.74,316.03,0.7414,-1,-1,-1
853,83,536.19,105.70,308.80,930.49,0.8870,-1,-1,-1
853,82,822.55,178.08,174.96,452.75,0.8416,-1,-1,-1
853,79,242.01,53.81,325.25,1004.42,0.8974,-1,-1,-1
853,71,990.21,133.04,165.71,517.98,0.7998,-1,-1,-1
854,94,1530.13,135.85,292.32,908.68,0.9020,-1,-1,-1
854,85,1177.32,241.95,98.61,317.05,0.7037,-1,-1,-1
854,83,533.89,97.94,310.91,950.75,0.8928,-1,-1,-1
854,82,821.67,177.01,174.74,453.38,0.8468,-1,-1,-1
854,79,219.65,47.47,337.10,1024.57,0.9001,-1,-1,-1
854,71,979.31,132.43,170.98,517.52,0.7998,-1,-1,-1
855,94,1540.88,127.14,298.74,920.72,0.9083,-1,-1,-1
855,85,1171.54,238.38,99.13,318.98,0.6315,-1,-1,-1
855,83,517.60,86.36,326.76,963.53,0.8941,-1,-1,-1
855,82,823.49,173.66,166.95,454.80,0.8418,-1,-1,-1
855,79,204.58,37.85,344.11,1028.01,0.9008,-1,-1,-1
855,71,977.31,129.10,176.11,522.41,0.8158,-1,-1,-1
856,94,1539.32,110.46,325.20,942.53,0.9106,-1,-1,-1
856,85,1174.13,234.72,93.66,318.63,0.6546,-1,-1,-1
856,83,508.12,73.04,338.52,982.03,0.9023,-1,-1,-1
856,82,814.99,171.55,174.52,455.98,0.8454,-1,-1,-1
856,79,180.52,27.13,353.57,1042.59,0.9073,-1,-1,-1
856,71,985.67,123.21,160.04,530.57,0.8352,-1,-1,-1
857,94,1534.33,104.02,346.54,953.00,0.9025,-1,-1,-1
857,85,1168.90,229.04,101.00,321.62,0.6999,-1,-1,-1
857,83,492.67,63.20,352.42,1007.14,0.9045,-1,-1,-1
857,82,804.85,167.99,184.47,456.86,0.8492,-1,-1,-1
857,79,187.84,18.99,335.42,1052.41,0.8868,-1,-1,-1
857,71,977.11,121.45,169.40,528.65,0.8447,-1,-1,-1
858,96,1330.30,284.24,97.00,283.47,0.3687,-1,-1,-1
858,94,1523.34,88.37,381.05,982.91,0.8980,-1,-1,-1
858,85,1166.75,225.98,98.03,323.51,0.6962,-1,-1,-1
858,83,480.09,51.37,364.41,1025.59,0.9026,-1,-1,-1
858,82,801.14,159.89,173.08,463.31,0.8391,-1,-1,-1
858,79,112.35,5.56,393.41,1062.18,0.8998,-1,-1,-1
858,71,981.07,122.48,155.92,526.21,0.8353,-1,-1,-1
859,94,1548.37,76.67,370.81,994.81,0.8807,-1,-1,-1
859,85,1163.24,223.66,99.83,322.93,0.7110,-1,-1,-1
859,83,471.85,38.63,369.42,1033.52,0.9041,-1,-1,-1
859,82,801.03,155.05,170.99,462.94,0.8234,-1,-1,-1
859,79,97.68,4.08,391.08,1061.58,0.9068,-1,-1,-1
859,71,962.71,125.79,169.45,520.88,0.8279,-1,-1,-1
860,96,1327.43,281.96,94.13,278.47,0.3164,-1,-1,-1
860,94,1557.73,60.73,362.24,1016.21,0.9029,-1,-1,-1
860,85,1158.57,218.07,100.91,326.14,0.6958,-1,-1,-1
860,83,459.40,26.43,379.18,1048.27,0.9163,-1,-1,-1
860,82,800.78,148.50,168.91,465.55,0.8282,-1,-1,-1
860,79,65.53,2.84,406.60,1064.72,0.9018,-1,-1,-1
860,71,957.85,125.10,175.86,520.91,0.8489,-1,-1,-1
861,94,1560.65,55.11,359.25,1020.49,0.9074,-1,-1,-1
861,85,1158.76,214.09,102.30,327.88,0.6877,-1,-1,-1
861,83,444.40,15.14,392.42,1059.31,0.9101,-1,-1,-1
861,82,793.62,144.96,172.86,464.71,0.8512,-1,-1,-1
861,79,32.23,3.39,426.68,1067.82,0.8692,-1,-1,-1
861,71,955.78,122.04,176.80,520.21,0.8619,-1,-1,-1
862,94,1573.28,37.43,346.02,1033.46,0.9107,-1,-1,-1
862,85,1160.83,212.94,98.66,324.38,0.6659,-1,-1,-1
862,83,438.55,6.84,394.30,1067.39,0.9137,-1,-1,-1
862,82,795.59,143.45,173.07,459.59,0.8395,-1,-1,-1
862,79,0.65,1.19,441.83,1067.21,0.7873,-1,-1,-1
862,71,953.84,119.49,178.64,519.14,0.8488,-1,-1,-1
863,94,1585.85,34.16,332.88,1037.47,0.9092,-1,-1,-1
863,85,1160.69,211.41,99.16,322.84,0.6466,-1,-1,-1
863,83,425.00,3.26,405.74,1069.39,0.9201,-1,-1,-1
863,82,794.13,140.75,172.97,459.35,0.8489,-1,-1,-1
863,79,16.52,0.00,409.46,1070.55,0.8525,-1,-1,-1
863,71,963.75,113.96,172.11,522.32,0.8304,-1,-1,-1
864,94,1596.95,17.50,321.57,1057.14,0.9040,-1,-1,-1
864,85,1160.64,207.41,100.42,330.01,0.6392,-1,-1,-1
864,83,411.80,2.88,408.43,1069.82,0.9225,-1,-1,-1
864,82,792.08,139.29,172.73,458.91,0.8544,-1,-1,-1
864,79,6.46,0.41,411.99,1070.16,0.8977,-1,-1,-1
864,71,963.63,112.09,174.62,524.62,0.8339,-1,-1,-1
865,94,1613.72,11.99,304.75,1063.18,0.9013,-1,-1,-1
865,85,1158.20,205.60,106.52,332.61,0.6334,-1,-1,-1
865,83,399.87,2.66,413.62,1072.12,0.9202,-1,-1,-1
865,82,795.51,136.82,171.11,461.14,0.8499,-1,-1,-1
865,79,0.86,0.00,403.05,1069.37,0.9118,-1,-1,-1
865,71,961.44,109.17,179.54,529.58,0.8287,-1,-1,-1
866,94,1652.79,1.53,266.45,1071.47,0.8884,-1,-1,-1
866,85,1165.63,203.89,96.93,332.87,0.6827,-1,-1,-1
866,83,378.49,3.53,428.73,1070.18,0.9195,-1,-1,-1
866,82,797.80,135.45,169.66,465.77,0.8541,-1,-1,-1
866,79,0.02,4.07,365.45,1067.23,0.9118,-1,-1,-1
866,71,964.44,107.45,178.18,529.23,0.8338,-1,-1,-1
867,94,1689.91,2.84,229.73,1071.29,0.8728,-1,-1,-1
867,85,1171.87,202.21,96.96,335.84,0.6991,-1,-1,-1
867,83,357.96,5.46,435.11,1065.48,0.9154,-1,-1,-1
867,82,796.35,137.76,173.11,468.12,0.8571,-1,-1,-1
867,79,0.00,3.66,336.94,1066.76,0.9207,-1,-1,-1
867,71,977.04,105.69,170.02,528.77,0.8221,-1,-1,-1
868,95,1710.85,173.27,208.67,898.30,0.7516,-1,-1,-1
868,85,1171.41,203.39,98.51,337.94,0.6995,-1,-1,-1
868,83,329.67,2.18,447.86,1068.63,0.9192,-1,-1,-1
868,82,794.26,141.88,176.62,470.29,0.8590,-1,-1,-1
868,79,0.40,2.32,314.41,1068.27,0.9111,-1,-1,-1
868,71,988.27,108.93,153.25,519.99,0.8263,-1,-1,-1
869,94,1717.63,214.56,202.10,540.97,0.4262,-1,-1,-1
869,85,1172.86,204.07,98.80,339.98,0.7079,-1,-1,-1
869,83,297.78,2.95,467.40,1066.86,0.9161,-1,-1,-1
869,82,794.92,143.71,173.17,471.39,0.8630,-1,-1,-1
869,79,0.07,3.78,290.94,1060.30,0.9165,-1,-1,-1
869,71,984.54,106.59,156.76,520.07,0.8229,-1,-1,-1
870,94,1762.37,208.99,157.31,606.12,0.7601,-1,-1,-1
870,85,1171.64,203.85,102.08,343.27,0.7101,-1,-1,-1
870,83,262.26,3.26,490.05,1068.13,0.9113,-1,-1,-1
870,82,795.62,145.08,171.64,473.02,0.8691,-1,-1,-1
870,79,0.09,6.06,266.67,1059.03,0.9126,-1,-1,-1
870,71,983.25,109.82,151.67,517.53,0.8241,-1,-1,-1
871,97,621.84,140.06,157.52,455.37,0.6070,-1,-1,-1
871,94,1797.92,252.35,122.03,579.22,0.5828,-1,-1,-1
871,85,1174.74,205.54,100.10,344.16,0.6878,-1,-1,-1
871,83,231.17,2.54,505.17,1069.79,0.9159,-1,-1,-1
871,82,795.95,151.66,171.89,470.10,0.8587,-1,-1,-1
871,79,0.16,6.66,241.82,1060.36,0.8959,-1,-1,-1
871,71,986.54,114.57,143.42,518.06,0.8178,-1,-1,-1
872,97,615.34,143.85,162.62,472.57,0.7941,-1,-1,-1
872,85,1183.43,206.66,93.56,346.70,0.7180,-1,-1,-1
872,83,199.67,2.10,526.23,1066.60,0.9146,-1,-1,-1
872,82,797.30,157.24,170.35,470.13,0.8490,-1,-1,-1
872,79,0.84,7.66,205.74,1057.17,0.8787,-1,-1,-1
872,71,988.13,116.91,145.46,518.01,0.8111,-1,-1,-1
873,97,611.28,146.16,159.68,487.10,0.7627,-1,-1,-1
873,85,1179.58,208.59,99.93,348.80,0.7083,-1,-1,-1
873,83,155.68,3.22,556.92,1065.15,0.9237,-1,-1,-1
873,82,797.94,160.86,171.35,473.35,0.8356,-1,-1,-1
873,79,0.15,51.84,176.77,1017.01,0.8602,-1,-1,-1
873,71,987.49,121.37,141.60,514.98,0.8106,-1,-1,-1
874,97,605.77,150.11,165.76,487.86,0.7563,-1,-1,-1
874,85,1177.30,210.19,103.66,349.23,0.7217,-1,-1,-1
874,83,117.34,0.00,579.09,1066.87,0.9102,-1,-1,-1
874,82,799.28,165.59,169.53,472.65,0.8371,-1,-1,-1
874,79,1.18,124.94,143.92,948.27,0.8119,-1,-1,-1
874,71,988.18,124.21,139.48,521.76,0.7985,-1,-1,-1
875,97,597.76,149.72,173.51,490.10,0.7741,-1,-1,-1
875,85,1170.49,212.03,111.96,347.99,0.6493,-1,-1,-1
875,83,98.61,1.70,583.98,1063.18,0.9137,-1,-1,-1
875,82,802.11,164.82,169.00,474.29,0.8290,-1,-1,-1
875,79,0.64,136.72,122.76,924.22,0.4873,-1,-1,-1
875,71,988.63,130.11,138.08,517.82,0.7910,-1,-1,-1
876,97,588.35,148.02,179.65,498.79,0.8000,-1,-1,-1
876,85,1174.13,210.76,115.06,350.73,0.6063,-1,-1,-1
876,83,9.42,2.09,655.36,1067.77,0.8977,-1,-1,-1
876,82,802.45,167.15,171.10,470.09,0.8373,-1,-1,-1
876,79,0.58,223.35,144.44,818.17,0.3706,-1,-1,-1
876,71,993.50,133.31,132.59,516.30,0.8014,-1,-1,-1
877,97,581.35,146.46,169.57,503.14,0.7881,-1,-1,-1
877,85,1173.94,209.58,113.10,354.72,0.6403,-1,-1,-1
877,83,1.11,1.82,645.62,1067.04,0.9369,-1,-1,-1
877,82,802.63,167.08,171.88,461.70,0.8343,-1,-1,-1
877,71,991.69,135.17,132.07,518.33,0.8115,-1,-1,-1
878,97,569.39,142.50,189.97,510.61,0.7966,-1,-1,-1
878,85,1177.41,207.25,113.27,357.46,0.6438,-1,-1,-1
878,83,0.92,2.51,628.83,1068.82,0.9417,-1,-1,-1
878,82,801.46,164.17,169.85,471.74,0.8295,-1,-1,-1
878,71,984.82,134.87,137.80,515.36,0.7997,-1,-1,-1
879,98,712.83,228.71,94.66,314.99,0.3498,-1,-1,-1
879,97,557.60,143.31,195.54,512.93,0.8391,-1,-1,-1
879,85,1171.55,206.81,113.37,356.91,0.6911,-1,-1,-1
879,83,1.55,1.77,605.42,1067.15,0.9240,-1,-1,-1
879,82,800.91,161.41,169.34,475.51,0.8389,-1,-1,-1
879,71,986.01,135.77,134.40,512.67,0.8163,-1,-1,-1
880,98,704.48,219.39,95.65,355.56,0.4619,-1,-1,-1
880,97,545.74,143.03,206.26,518.08,0.8515,-1,-1,-1
880,85,1171.35,202.88,114.12,360.90,0.7163,-1,-1,-1
880,83,1.86,6.93,579.59,1063.93,0.9167,-1,-1,-1
880,82,800.31,157.74,171.08,468.81,0.8507,-1,-1,-1
880,71,981.42,135.37,137.66,510.59,0.8103,-1,-1,-1
881,98,698.62,219.81,97.25,365.20,0.5597,-1,-1,-1
881,97,530.99,143.52,227.99,520.18,0.8297,-1,-1,-1
881,85,1177.43,199.11,110.06,365.14,0.7112,-1,-1,-1
881,83,0.73,4.54,554.96,1062.78,0.9261,-1,-1,-1
881,82,798.32,156.51,173.12,464.57,0.8605,-1,-1,-1
881,71,976.57,134.72,142.99,510.82,0.8070,-1,-1,-1
882,98,697.50,224.26,95.04,358.97,0.6264,-1,-1,-1
882,97,521.06,140.89,227.65,533.13,0.8172,-1,-1,-1
882,85,1176.69,199.35,112.88,364.28,0.7519,-1,-1,-1
882,83,0.94,5.76,532.69,1063.07,0.9208,-1,-1,-1
882,82,795.71,153.07,171.76,468.81,0.8555,-1,-1,-1
882,71,964.77,131.49,149.02,516.70,0.8413,-1,-1,-1
883,98,688.51,217.82,106.06,367.64,0.6266,-1,-1,-1
883,97,504.54,141.33,238.89,536.12,0.8178,-1,-1,-1
883,85,1175.64,202.25,114.44,362.57,0.7630,-1,-1,-1
883,83,0.83,7.04,507.45,1059.07,0.9380,-1,-1,-1
883,82,793.55,151.79,172.34,465.43,0.8533,-1,-1,-1
883,71,962.97,123.37,140.44,524.37,0.8341,-1,-1,-1
884,98,671.72,227.20,118.32,354.72,0.4744,-1,-1,-1
884,97,492.61,138.76,234.62,542.68,0.7863,-1,-1,-1
884,85,1177.92,199.88,112.83,367.65,0.7447,-1,-1,-1
884,83,1.05,6.33,462.77,1057.91,0.9146,-1,-1,-1
884,82,794.30,150.58,169.64,466.72,0.8348,-1,-1,-1
884,71,959.61,121.35,143.66,524.83,0.7682,-1,-1,-1
885,98,665.91,226.70,119.21,345.90,0.4696,-1,-1,-1
885,97,483.77,139.25,240.85,549.81,0.7694,-1,-1,-1
885,85,1175.31,199.74,116.99,366.85,0.7263,-1,-1,-1
885,83,1.14,8.63,414.04,1057.45,0.9100,-1,-1,-1
885,82,789.44,149.00,169.89,471.07,0.8272,-1,-1,-1
885,71,959.81,117.35,142.16,526.47,0.7980,-1,-1,-1
886,98,658.08,213.36,116.70,312.50,0.3491,-1,-1,-1
886,97,457.95,135.63,244.88,560.32,0.7899,-1,-1,-1
886,85,1172.14,202.04,118.81,368.08,0.7361,-1,-1,-1
886,83,0.75,4.34,362.98,1061.43,0.8796,-1,-1,-1
886,82,782.07,147.47,169.04,476.29,0.8347,-1,-1,-1
886,71,956.12,115.51,141.39,516.57,0.8178,-1,-1,-1
887,98,642.12,222.66,124.94,308.23,0.4475,-1,-1,-1
887,97,443.48,124.49,257.79,574.81,0.8619,-1,-1,-1
887,85,1170.06,204.31,113.95,367.75,0.7784,-1,-1,-1
887,83,1.72,20.75,300.16,1044.06,0.4269,-1,-1,-1
887,82,769.28,153.52,179.10,470.88,0.8472,-1,-1,-1
887,71,953.52,115.89,143.35,513.58,0.8074,-1,-1,-1
888,98,634.48,212.44,119.42,318.18,0.4525,-1,-1,-1
888,97,429.82,117.14,261.04,586.29,0.8356,-1,-1,-1
888,85,1165.77,205.25,118.29,366.16,0.7411,-1,-1,-1
888,82,774.39,155.41,168.02,470.00,0.8299,-1,-1,-1
888,71,929.56,125.06,158.59,499.19,0.8171,-1,-1,-1
889,98,609.77,225.72,127.11,313.06,0.3007,-1,-1,-1
889,97,411.62,108.80,266.09,593.03,0.8579,-1,-1,-1
889,85,1162.28,204.78,118.67,369.57,0.7053,-1,-1,-1
889,82,761.37,157.10,171.85,470.86,0.7858,-1,-1,-1
889,71,928.22,115.66,153.44,511.33,0.7966,-1,-1,-1
890,98,590.77,188.78,125.36,413.67,0.4052,-1,-1,-1
890,97,389.45,104.52,256.13,606.71,0.8355,-1,-1,-1
890,85,1152.58,208.47,116.06,370.23,0.7253,-1,-1,-1
890,82,748.61,163.66,167.95,471.10,0.8132,-1,-1,-1
890,71,896.31,119.95,167.10,511.08,0.8088,-1,-1,-1
891,98,597.20,213.40,100.97,363.64,0.3734,-1,-1,-1
891,97,359.56,91.25,277.16,623.60,0.7532,-1,-1,-1
891,85,1142.07,210.51,117.60,370.29,0.7855,-1,-1,-1
891,82,726.13,164.55,179.75,469.47,0.8517,-1,-1,-1
891,71,901.35,120.75,158.99,515.18,0.8333,-1,-1,-1
892,97,338.74,85.10,282.61,636.29,0.8512,-1,-1,-1
892,85,1133.37,213.43,112.83,370.89,0.7824,-1,-1,-1
892,82,715.14,167.21,174.69,468.12,0.8357,-1,-1,-1
892,71,885.60,123.68,157.76,514.25,0.8481,-1,-1,-1
893,98,518.22,214.48,140.61,404.63,0.4075,-1,-1,-1
893,97,313.60,83.53,288.54,647.79,0.7572,-1,-1,-1
893,85,1123.54,215.17,117.28,379.08,0.7904,-1,-1,-1
893,82,703.84,165.85,173.85,471.95,0.8187,-1,-1,-1
893,71,875.17,127.12,159.49,515.22,0.8262,-1,-1,-1
894,98,497.80,223.95,163.47,412.98,0.3671,-1,-1,-1
894,97,295.68,82.98,297.25,653.24,0.8381,-1,-1,-1
894,85,1117.57,218.79,115.04,376.48,0.7929,-1,-1,-1
894,82,693.45,167.78,170.96,474.42,0.8463,-1,-1,-1
894,71,863.91,133.11,160.19,517.80,0.7594,-1,-1,-1
895,98,510.78,228.55,146.42,405.48,0.3595,-1,-1,-1
895,97,280.08,79.77,301.62,672.92,0.7094,-1,-1,-1
895,85,1108.64,220.92,121.87,379.38,0.7965,-1,-1,-1
895,82,681.38,170.70,168.82,471.45,0.8566,-1,-1,-1
895,71,847.11,136.04,159.99,519.62,0.7763,-1,-1,-1
896,98,493.95,180.77,142.37,469.97,0.4452,-1,-1,-1
896,97,260.54,77.07,289.73,684.83,0.8387,-1,-1,-1
896,85,1103.12,225.61,125.07,375.03,0.7502,-1,-1,-1
896,82,674.05,169.60,169.75,467.35,0.8336,-1,-1,-1
896,71,829.39,138.61,182.03,518.88,0.8283,-1,-1,-1
897,98,507.87,176.68,115.25,465.10,0.3768,-1,-1,-1
897,97,243.80,71.19,304.55,708.34,0.8677,-1,-1,-1
897,85,1096.90,227.76,126.16,376.74,0.7875,-1,-1,-1
897,82,667.93,169.85,167.35,466.34,0.8089,-1,-1,-1
897,71,821.98,145.14,182.47,513.35,0.8283,-1,-1,-1
898,98,488.87,176.03,128.40,476.75,0.5380,-1,-1,-1
898,97,233.41,66.56,309.71,743.63,0.8665,-1,-1,-1
898,85,1096.36,228.06,126.44,382.13,0.8017,-1,-1,-1
898,82,665.31,169.48,166.27,465.87,0.8207,-1,-1,-1
898,71,823.97,147.95,182.75,514.94,0.8318,-1,-1,-1
899,98,463.06,173.32,145.35,493.58,0.4795,-1,-1,-1
899,97,220.85,65.56,311.98,748.74,0.8346,-1,-1,-1
899,85,1095.63,232.35,125.93,379.82,0.7908,-1,-1,-1
899,82,655.38,169.48,175.53,477.52,0.7895,-1,-1,-1
899,71,821.02,149.56,186.15,515.85,0.8329,-1,-1,-1
900,98,455.37,169.69,149.62,508.31,0.5940,-1,-1,-1
900,97,214.32,59.68,284.27,761.00,0.7912,-1,-1,-1
900,85,1099.05,230.11,129.94,385.48,0.8068,-1,-1,-1
900,82,658.23,169.59,171.69,482.81,0.8100,-1,-1,-1
900,71,825.05,152.33,183.26,514.06,0.8239,-1,-1,-1
